batch_id,temperatuur_C,druk_bar,roersnelheid_RPM,koelwater_temp_C,reactietijd_min,katalysator_g,pH,opbrengst_pct,kwaliteit
BR-0000,71.2,1.73,489,12.8,160.8,4.93,8.5,72.7,Standaard
BR-0001,88.5,2.0,233,21.1,116.5,0.73,6.7,66.99,Afgekeurd
BR-0002,82.0,1.96,293,23.0,81.8,0.94,8.9,74.73,Standaard
BR-0003,78.0,1.89,178,9.1,150.5,3.74,6.8,64.73,Afgekeurd
BR-0004,64.7,1.62,344,6.3,111.0,1.77,5.6,57.46,Afgekeurd
BR-0005,64.7,1.65,212,22.5,41.9,1.33,6.6,55.11,Afgekeurd
BR-0006,61.7,1.58,183,12.8,114.9,0.68,8.8,66.58,Afgekeurd
BR-0007,86.0,2.04,307,15.8,166.2,0.6,6.3,59.8,Afgekeurd
BR-0008,78.0,1.86,102,24.4,89.4,3.99,8.5,75.37,Standaard
BR-0009,81.2,1.84,103,6.3,74.4,1.1,8.5,69.16,Afgekeurd
BR-0010,60.6,1.53,188,18.0,51.5,2.6,6.4,55.24,Afgekeurd
BR-0011,89.1,2.09,115,6.5,52.7,3.23,5.3,57.33,Afgekeurd
BR-0012,85.0,2.01,143,12.5,94.9,2.43,7.9,74.91,Standaard
BR-0013,66.4,1.56,236,21.1,119.4,0.62,6.2,56.21,Afgekeurd
BR-0014,65.5,1.56,421,13.7,42.1,4.03,8.1,71.86,Standaard
BR-0015,65.5,1.66,329,24.9,170.9,0.55,6.8,60.77,Afgekeurd
BR-0016,69.1,1.68,305,16.2,143.3,3.93,6.9,65.57,Afgekeurd
BR-0017,75.7,1.85,217,11.4,118.0,4.52,8.1,74.51,Standaard
BR-0018,73.0,1.76,473,9.4,154.3,2.45,6.5,64.43,Afgekeurd
BR-0019,68.7,1.68,259,12.0,42.0,2.91,6.8,59.65,Afgekeurd
BR-0020,78.4,1.91,135,12.5,101.5,2.65,6.5,62.96,Afgekeurd
BR-0021,64.2,1.56,347,6.4,124.5,2.25,6.5,60.48,Afgekeurd
BR-0022,68.8,1.68,146,12.4,154.3,4.49,7.1,63.8,Afgekeurd
BR-0023,71.0,1.7,238,14.3,147.5,4.52,8.2,71.68,Standaard
BR-0024,73.7,1.75,303,19.5,71.6,2.01,6.4,63.93,Afgekeurd
BR-0025,83.6,1.96,450,18.1,171.1,3.27,7.1,68.93,Afgekeurd
BR-0026,66.0,1.63,297,19.2,48.7,4.67,7.7,72.24,Standaard
BR-0027,75.4,1.78,381,5.2,161.3,4.83,6.1,61.24,Afgekeurd
BR-0028,77.8,1.92,497,9.4,175.6,2.79,6.1,66.03,Afgekeurd
BR-0029,61.4,1.48,153,18.2,56.6,2.54,8.7,65.42,Afgekeurd
BR-0030,78.2,1.86,210,14.7,138.3,1.75,7.9,72.93,Standaard
BR-0031,65.1,1.58,258,5.1,36.0,4.81,7.3,61.02,Afgekeurd
BR-0032,62.0,1.61,269,21.1,90.8,1.14,7.6,66.86,Afgekeurd
BR-0033,88.5,2.08,264,20.5,107.4,3.11,5.1,63.21,Afgekeurd
BR-0034,89.0,2.13,463,16.0,117.1,1.77,7.5,77.9,Standaard
BR-0035,84.3,1.91,386,6.3,170.4,1.76,7.0,70.97,Standaard
BR-0036,69.1,1.7,343,20.3,130.8,2.32,7.2,65.74,Afgekeurd
BR-0037,62.9,1.6,224,16.7,102.2,4.99,6.4,56.75,Afgekeurd
BR-0038,80.5,1.91,430,20.6,151.5,0.75,5.3,62.89,Afgekeurd
BR-0039,73.2,1.82,482,20.0,172.6,3.1,5.8,66.28,Afgekeurd
BR-0040,63.7,1.55,428,21.1,33.3,0.87,8.8,70.16,Standaard
BR-0041,74.9,1.87,101,15.4,177.4,1.2,6.6,58.94,Afgekeurd
BR-0042,61.0,1.64,355,7.8,42.9,2.48,6.9,61.44,Afgekeurd
BR-0043,87.3,2.03,120,18.4,152.2,2.8,5.2,63.23,Afgekeurd
BR-0044,67.8,1.63,203,17.4,72.1,1.66,5.2,52.5,Afgekeurd
BR-0045,79.9,1.97,124,19.8,49.8,1.92,7.9,70.6,Standaard
BR-0046,69.4,1.77,342,8.4,96.0,0.89,7.2,63.68,Afgekeurd
BR-0047,75.6,1.79,375,8.9,126.6,1.86,7.0,64.57,Afgekeurd
BR-0048,76.4,1.81,146,22.8,87.1,4.85,6.0,59.26,Afgekeurd
BR-0049,65.5,1.6,254,20.0,38.2,4.75,8.0,68.49,Afgekeurd
BR-0050,89.1,2.01,282,23.2,119.9,2.01,5.7,62.81,Afgekeurd
BR-0051,83.3,1.92,248,20.2,165.4,3.07,5.8,60.32,Afgekeurd
BR-0052,88.2,2.01,148,16.9,87.5,4.59,6.8,73.34,Standaard
BR-0053,86.8,2.0,268,18.1,62.4,0.53,6.1,61.75,Afgekeurd
BR-0054,77.9,1.86,400,22.8,96.4,4.15,6.0,65.84,Afgekeurd
BR-0055,87.7,2.06,128,16.6,37.3,4.77,7.6,68.62,Afgekeurd
BR-0056,62.7,1.63,132,17.6,153.1,0.91,7.6,62.65,Afgekeurd
BR-0057,65.9,1.57,242,8.1,154.0,1.23,8.3,68.24,Afgekeurd
BR-0058,61.4,1.58,477,14.5,118.2,4.82,6.7,63.27,Afgekeurd
BR-0059,69.8,1.68,367,19.3,83.0,2.92,5.3,64.39,Afgekeurd
BR-0060,71.7,1.73,371,10.4,150.0,0.56,6.1,62.01,Afgekeurd
BR-0061,68.1,1.7,245,9.0,113.2,1.66,8.9,71.65,Standaard
BR-0062,84.9,1.94,337,11.3,153.9,2.52,7.4,68.55,Afgekeurd
BR-0063,70.7,1.73,104,9.8,124.7,3.62,7.8,67.93,Afgekeurd
BR-0064,68.4,1.68,354,9.3,147.7,3.8,5.0,64.87,Afgekeurd
BR-0065,76.3,1.85,465,13.5,119.8,4.98,7.1,71.58,Standaard
BR-0066,64.2,1.6,345,23.2,92.1,1.79,5.2,59.84,Afgekeurd
BR-0067,84.1,2.1,449,15.1,173.7,2.92,7.3,76.3,Standaard
BR-0068,62.2,1.51,390,8.8,111.2,2.9,8.7,73.56,Standaard
BR-0069,89.6,2.07,148,6.5,120.8,2.33,8.9,73.71,Standaard
BR-0070,83.2,1.93,461,18.9,63.1,1.26,7.2,68.46,Afgekeurd
BR-0071,66.0,1.59,127,12.7,123.8,4.9,6.8,61.32,Afgekeurd
BR-0072,60.2,1.47,314,21.4,115.7,4.34,8.8,68.63,Afgekeurd
BR-0073,84.5,2.05,157,18.2,57.7,2.74,7.7,72.46,Standaard
BR-0074,81.2,2.0,105,20.9,38.9,3.21,5.3,54.66,Afgekeurd
BR-0075,81.9,1.91,269,10.4,120.7,1.52,6.9,67.18,Afgekeurd
BR-0076,83.1,1.92,218,18.8,144.6,2.95,6.0,61.8,Afgekeurd
BR-0077,62.2,1.57,294,10.3,108.5,3.63,6.9,63.53,Afgekeurd
BR-0078,70.8,1.69,331,23.8,64.0,2.82,6.8,63.42,Afgekeurd
BR-0079,63.5,1.6,117,17.7,130.0,4.96,7.3,64.6,Afgekeurd
BR-0080,85.9,2.03,149,11.5,42.0,3.25,6.4,61.49,Afgekeurd
BR-0081,78.7,1.8,323,10.4,96.3,2.17,5.7,59.17,Afgekeurd
BR-0082,69.9,1.78,237,8.8,54.5,3.97,7.0,64.47,Afgekeurd
BR-0083,61.9,1.63,392,18.9,57.7,1.27,8.3,70.96,Standaard
BR-0084,69.3,1.66,361,9.4,60.3,2.23,7.7,71.78,Standaard
BR-0085,69.8,1.68,438,16.9,88.0,2.06,6.4,67.52,Afgekeurd
BR-0086,81.9,1.95,377,10.3,37.7,2.44,8.7,76.83,Standaard
BR-0087,79.1,1.9,272,18.2,89.7,4.02,8.6,76.42,Standaard
BR-0088,86.6,2.07,369,21.3,106.8,2.68,5.8,63.59,Afgekeurd
BR-0089,74.2,1.88,210,20.6,102.5,4.07,5.2,60.88,Afgekeurd
BR-0090,63.6,1.56,223,20.2,87.4,3.09,8.0,69.51,Afgekeurd
BR-0091,81.4,1.89,416,8.8,155.9,2.04,8.3,77.01,Standaard
BR-0092,82.8,1.89,279,6.8,51.8,4.14,8.9,72.1,Standaard
BR-0093,76.8,1.8,419,19.0,105.9,1.57,8.6,81.12,Standaard
BR-0094,83.1,1.96,429,12.4,39.3,1.51,7.4,71.13,Standaard
BR-0095,74.8,1.89,443,13.6,40.7,2.77,7.1,69.49,Afgekeurd
BR-0096,75.7,1.79,467,5.6,116.1,1.67,5.1,64.57,Afgekeurd
BR-0097,72.8,1.77,272,10.2,114.9,0.54,6.0,56.28,Afgekeurd
BR-0098,60.8,1.51,228,5.7,161.7,3.42,6.8,55.57,Afgekeurd
BR-0099,63.2,1.62,333,22.6,113.7,2.8,7.5,64.24,Afgekeurd
BR-0100,60.9,1.65,248,9.9,174.0,2.5,7.2,62.67,Afgekeurd
BR-0101,79.1,1.86,340,16.1,37.3,4.85,8.0,73.22,Standaard
BR-0102,69.4,1.66,382,5.8,44.7,3.07,6.1,66.75,Afgekeurd
BR-0103,75.3,1.86,375,18.3,36.6,4.39,7.3,67.96,Afgekeurd
BR-0104,87.2,2.08,250,11.5,57.8,1.13,5.4,59.02,Afgekeurd
BR-0105,67.5,1.74,167,23.0,111.2,3.06,6.7,59.56,Afgekeurd
BR-0106,72.3,1.78,272,22.8,126.8,4.41,8.0,73.23,Standaard
BR-0107,82.7,1.94,157,11.5,36.8,3.12,7.8,70.21,Standaard
BR-0108,66.9,1.67,456,23.0,171.9,3.73,9.0,74.39,Standaard
BR-0109,62.3,1.6,238,24.9,156.3,2.17,6.1,52.73,Afgekeurd
BR-0110,68.7,1.71,162,21.5,74.5,0.92,7.0,58.87,Afgekeurd
BR-0111,64.8,1.62,110,21.9,41.6,2.56,6.3,51.02,Afgekeurd
BR-0112,87.9,2.11,358,10.0,55.5,2.28,6.8,65.37,Afgekeurd
BR-0113,84.2,2.04,355,16.5,49.0,4.4,8.4,77.01,Standaard
BR-0114,79.0,1.95,236,6.3,48.5,1.6,7.7,70.51,Standaard
BR-0115,86.1,2.06,129,6.9,107.8,4.85,8.5,73.31,Standaard
BR-0116,84.1,1.97,264,25.0,66.9,4.81,5.8,64.26,Afgekeurd
BR-0117,65.6,1.62,224,11.5,83.7,1.61,8.5,72.91,Standaard
BR-0118,86.8,2.1,371,20.0,178.4,2.07,5.2,61.38,Afgekeurd
BR-0119,76.2,1.78,342,21.1,132.6,4.53,8.6,72.79,Standaard
BR-0120,84.2,2.0,246,22.2,172.3,4.85,6.3,60.66,Afgekeurd
BR-0121,86.9,2.02,187,25.0,51.4,2.5,6.3,61.28,Afgekeurd
BR-0122,69.5,1.69,495,9.8,87.3,1.94,7.0,69.21,Afgekeurd
BR-0123,63.3,1.63,282,5.8,113.2,2.87,8.8,69.66,Afgekeurd
BR-0124,66.8,1.65,375,13.2,41.5,3.59,5.2,57.22,Afgekeurd
BR-0125,72.8,1.76,156,7.6,30.6,1.73,6.4,56.87,Afgekeurd
BR-0126,84.5,1.92,294,5.4,130.6,3.81,8.4,76.28,Standaard
BR-0127,85.8,2.05,111,12.2,126.3,0.73,6.6,62.69,Afgekeurd
BR-0128,60.2,1.54,302,20.7,91.6,0.72,5.8,54.82,Afgekeurd
BR-0129,75.3,1.91,486,16.3,103.4,2.24,6.7,68.22,Afgekeurd
BR-0130,72.5,1.74,254,11.3,92.3,2.09,6.5,65.8,Afgekeurd
BR-0131,66.7,1.64,116,18.1,33.6,1.92,8.7,64.95,Afgekeurd
BR-0132,63.6,1.58,112,9.6,80.3,2.71,8.0,63.82,Afgekeurd
BR-0133,70.1,1.78,255,5.3,56.6,1.94,7.0,65.28,Afgekeurd
BR-0134,88.3,2.06,164,20.3,44.8,1.37,9.0,71.71,Standaard
BR-0135,69.7,1.71,109,17.5,173.5,1.89,6.9,59.54,Afgekeurd
BR-0136,75.6,1.84,402,20.2,119.9,4.89,5.2,57.83,Afgekeurd
BR-0137,81.1,1.93,283,5.8,139.3,2.35,6.0,65.34,Afgekeurd
BR-0138,70.9,1.7,216,21.7,77.3,2.5,6.7,64.59,Afgekeurd
BR-0139,89.2,2.09,460,17.4,89.0,3.09,5.6,64.82,Afgekeurd
BR-0140,88.9,2.13,146,16.3,65.5,4.93,8.8,71.96,Standaard
BR-0141,67.6,1.6,482,17.5,44.5,1.59,8.1,77.4,Standaard
BR-0142,74.9,1.8,226,22.3,56.9,3.57,6.1,58.63,Afgekeurd
BR-0143,69.0,1.65,455,16.7,149.6,3.72,7.4,69.67,Afgekeurd
BR-0144,68.5,1.73,341,16.6,131.6,3.23,7.9,68.27,Afgekeurd
BR-0145,61.1,1.45,431,24.8,112.0,0.9,8.8,70.64,Standaard
BR-0146,78.3,1.84,494,20.1,101.3,3.55,8.5,80.53,Standaard
BR-0147,75.1,1.82,215,13.8,168.4,0.79,7.1,64.76,Afgekeurd
BR-0148,61.5,1.61,484,19.1,40.9,3.18,8.1,69.62,Afgekeurd
BR-0149,68.4,1.66,256,12.8,72.1,3.83,7.2,64.05,Afgekeurd
BR-0150,87.2,2.02,254,9.6,82.5,1.45,7.2,71.95,Standaard
BR-0151,67.2,1.74,236,16.9,147.4,4.29,5.5,58.01,Afgekeurd
BR-0152,64.3,1.51,317,23.6,178.9,0.64,5.5,49.12,Afgekeurd
BR-0153,74.7,1.68,162,23.6,66.1,4.3,7.1,67.8,Afgekeurd
BR-0154,89.6,2.11,321,11.8,161.1,2.57,6.1,64.57,Afgekeurd
BR-0155,67.3,1.62,317,15.6,154.6,1.48,5.1,59.15,Afgekeurd
BR-0156,80.2,1.85,405,9.2,63.7,1.1,7.9,75.72,Standaard
BR-0157,82.8,1.99,433,24.9,89.9,4.79,5.1,60.16,Afgekeurd
BR-0158,67.1,1.65,276,24.6,91.5,0.83,7.4,65.79,Afgekeurd
BR-0159,81.8,1.91,221,18.0,176.7,1.4,7.2,68.25,Afgekeurd
BR-0160,71.0,1.66,204,21.1,57.1,2.07,8.9,69.42,Afgekeurd
BR-0161,79.0,1.92,178,19.3,149.9,3.29,6.9,64.92,Afgekeurd
BR-0162,79.0,1.91,123,16.9,80.1,2.95,5.3,58.42,Afgekeurd
BR-0163,76.1,1.82,237,6.1,139.6,1.07,7.2,60.9,Afgekeurd
BR-0164,62.7,1.65,208,14.1,93.0,1.8,8.4,72.51,Standaard
BR-0165,85.1,1.95,487,18.5,116.8,1.57,9.0,79.0,Standaard
BR-0166,69.6,1.62,323,18.6,154.9,1.46,6.7,63.86,Afgekeurd
BR-0167,65.6,1.58,239,12.5,150.6,2.35,6.3,57.63,Afgekeurd
BR-0168,61.2,1.52,332,23.8,160.0,3.67,8.6,72.18,Standaard
BR-0169,77.7,1.87,156,8.3,38.9,1.48,5.8,57.34,Afgekeurd
BR-0170,80.3,1.89,278,15.0,133.8,2.15,7.5,71.72,Standaard
BR-0171,60.5,1.53,350,18.8,51.0,2.26,6.6,58.27,Afgekeurd
BR-0172,75.4,1.74,296,18.9,92.4,4.89,5.2,62.37,Afgekeurd
BR-0173,66.8,1.71,261,18.0,112.3,4.8,6.4,56.44,Afgekeurd
BR-0174,79.4,1.88,498,10.5,90.4,4.1,6.1,68.91,Afgekeurd
BR-0175,65.2,1.66,452,8.1,107.9,1.59,7.7,70.17,Standaard
BR-0176,80.7,1.93,349,17.7,179.5,0.81,8.8,76.08,Standaard
BR-0177,71.6,1.75,328,17.0,50.3,1.93,6.1,60.78,Afgekeurd
BR-0178,88.1,2.09,348,8.6,131.3,1.7,8.2,79.77,Standaard
BR-0179,64.1,1.6,181,19.1,89.4,2.78,5.2,55.18,Afgekeurd
BR-0180,70.2,1.74,258,14.1,50.0,4.0,7.2,62.7,Afgekeurd
BR-0181,63.4,1.63,116,18.4,53.8,4.36,5.3,50.42,Afgekeurd
BR-0182,87.7,2.06,290,21.7,172.4,4.3,8.7,77.26,Standaard
BR-0183,86.3,2.06,317,8.4,161.9,2.12,8.1,76.25,Standaard
BR-0184,67.7,1.65,191,5.4,166.1,3.59,7.6,68.34,Afgekeurd
BR-0185,79.8,1.97,486,20.6,178.7,1.91,8.3,78.03,Standaard
BR-0186,84.5,1.96,464,17.2,61.2,0.77,7.6,74.01,Standaard
BR-0187,76.7,1.92,389,19.0,83.3,3.66,8.9,76.41,Standaard
BR-0188,75.9,1.82,313,21.8,130.4,0.54,7.9,72.21,Standaard
BR-0189,67.3,1.57,448,21.1,102.6,2.34,8.7,71.5,Standaard
BR-0190,62.8,1.56,152,24.2,92.8,1.98,7.1,64.33,Afgekeurd
BR-0191,86.9,2.0,416,15.7,83.7,3.62,5.5,67.25,Afgekeurd
BR-0192,87.0,2.08,150,14.8,119.1,3.95,7.1,71.72,Standaard
BR-0193,79.0,1.85,418,13.0,116.3,1.87,5.5,60.87,Afgekeurd
BR-0194,70.2,1.68,210,8.1,54.2,4.15,7.4,69.19,Afgekeurd
BR-0195,70.5,1.62,451,16.5,100.8,1.82,6.9,73.63,Standaard
BR-0196,81.8,1.91,478,10.5,113.0,2.51,7.5,74.69,Standaard
BR-0197,86.9,1.92,160,23.4,115.5,3.77,5.0,62.96,Afgekeurd
BR-0198,86.6,1.95,285,16.7,61.5,3.62,5.8,63.52,Afgekeurd
BR-0199,83.4,2.01,492,16.9,141.3,4.94,7.0,69.85,Afgekeurd
BR-0200,79.3,1.92,293,12.1,33.8,1.51,8.8,74.95,Standaard
BR-0201,62.5,1.57,445,6.0,83.2,3.48,6.5,64.97,Afgekeurd
BR-0202,64.8,1.55,335,5.6,147.0,3.24,6.7,61.0,Afgekeurd
BR-0203,87.0,2.04,250,13.5,114.6,4.62,7.9,78.1,Standaard
BR-0204,78.2,1.86,214,6.7,69.2,1.2,7.4,65.54,Afgekeurd
BR-0205,60.3,1.45,181,17.1,134.2,3.88,6.2,51.87,Afgekeurd
BR-0206,63.0,1.64,405,22.6,115.1,3.06,6.6,63.85,Afgekeurd
BR-0207,79.9,1.94,255,22.7,149.4,1.74,5.9,60.27,Afgekeurd
BR-0208,60.2,1.49,305,18.2,140.3,2.63,8.9,68.11,Afgekeurd
BR-0209,64.8,1.6,297,9.2,121.5,2.0,5.5,58.42,Afgekeurd
BR-0210,76.5,1.84,331,22.3,103.2,3.11,6.5,66.98,Afgekeurd
BR-0211,80.8,1.81,446,22.7,50.0,4.5,5.1,65.97,Afgekeurd
BR-0212,79.6,1.88,492,8.9,69.2,3.06,5.9,66.29,Afgekeurd
BR-0213,66.7,1.6,263,19.7,92.9,3.34,8.1,73.09,Standaard
BR-0214,81.4,1.88,431,10.7,119.9,2.83,5.8,64.93,Afgekeurd
BR-0215,67.1,1.63,406,21.1,107.1,0.73,5.3,62.69,Afgekeurd
BR-0216,69.8,1.79,329,24.9,73.2,1.55,6.9,63.51,Afgekeurd
BR-0217,82.4,1.98,482,5.6,31.0,2.71,5.0,68.76,Afgekeurd
BR-0218,79.5,1.86,180,22.9,104.4,1.9,5.3,59.34,Afgekeurd
BR-0219,85.5,2.04,144,17.5,72.8,1.32,8.2,71.0,Standaard
BR-0220,79.7,1.96,442,24.5,140.2,2.77,8.1,80.99,Standaard
BR-0221,77.0,1.89,276,14.3,33.6,1.95,8.7,73.88,Standaard
BR-0222,62.8,1.56,439,21.9,117.7,1.66,8.4,75.09,Standaard
BR-0223,71.0,1.69,457,6.2,171.2,2.59,7.7,75.09,Standaard
BR-0224,68.0,1.69,125,11.7,56.2,1.1,5.2,53.82,Afgekeurd
BR-0225,67.3,1.67,453,6.3,100.7,4.67,8.1,73.99,Standaard
BR-0226,89.2,2.13,279,24.5,43.7,4.4,8.4,78.61,Standaard
BR-0227,71.8,1.77,304,21.3,123.9,3.68,8.2,74.36,Standaard
BR-0228,86.8,2.09,351,22.1,112.6,0.98,7.0,72.32,Standaard
BR-0229,78.9,1.85,471,23.8,91.1,3.99,5.9,61.91,Afgekeurd
BR-0230,83.8,2.04,108,6.7,108.2,4.14,8.4,74.94,Standaard
BR-0231,75.1,1.81,291,12.7,164.5,3.95,7.9,71.09,Standaard
BR-0232,77.3,1.95,375,6.4,59.4,1.01,8.9,78.54,Standaard
BR-0233,74.8,1.76,389,9.2,33.4,3.4,5.6,62.05,Afgekeurd
BR-0234,65.9,1.7,377,9.6,159.2,4.25,5.9,58.86,Afgekeurd
BR-0235,81.7,1.94,154,14.4,116.6,3.1,5.8,61.65,Afgekeurd
BR-0236,68.4,1.64,220,10.4,163.6,3.41,8.2,67.82,Afgekeurd
BR-0237,60.7,1.49,243,7.0,119.5,2.56,5.7,57.84,Afgekeurd
BR-0238,79.4,1.87,422,8.3,151.5,2.88,5.3,67.45,Afgekeurd
BR-0239,65.3,1.63,212,7.9,94.5,0.65,9.0,68.89,Afgekeurd
BR-0240,88.2,2.09,184,24.5,142.5,3.38,5.1,64.35,Afgekeurd
BR-0241,88.6,2.04,483,20.2,167.0,0.87,8.3,77.61,Standaard
BR-0242,87.4,2.05,104,24.4,115.8,2.46,6.5,61.63,Afgekeurd
BR-0243,71.1,1.83,499,13.8,57.1,1.82,8.4,77.38,Standaard
BR-0244,60.5,1.6,371,10.6,70.3,2.95,7.2,66.74,Afgekeurd
BR-0245,87.8,2.08,431,21.0,59.8,1.1,8.6,78.72,Standaard
BR-0246,72.8,1.76,218,11.5,67.0,3.61,8.7,74.4,Standaard
BR-0247,89.0,2.09,106,11.0,76.0,4.08,5.0,61.32,Afgekeurd
BR-0248,88.9,2.11,395,9.7,113.3,1.24,5.3,62.95,Afgekeurd
BR-0249,85.6,1.96,434,7.6,118.2,0.97,6.0,66.74,Afgekeurd
BR-0250,68.8,1.66,396,10.1,94.0,1.15,7.7,73.58,Standaard
BR-0251,71.6,1.65,157,12.1,122.3,4.45,8.6,72.06,Standaard
BR-0252,85.5,2.03,401,18.5,42.2,2.88,6.8,72.78,Standaard
BR-0253,69.5,1.72,408,6.3,43.2,2.6,7.4,67.71,Afgekeurd
BR-0254,65.1,1.58,363,9.2,55.8,0.98,5.8,57.66,Afgekeurd
BR-0255,76.7,1.91,406,21.2,107.7,3.42,8.2,75.94,Standaard
BR-0256,88.1,2.0,438,7.9,62.1,4.41,8.9,78.3,Standaard
BR-0257,80.9,1.84,345,11.9,72.5,4.23,6.1,63.41,Afgekeurd
BR-0258,77.1,1.85,135,22.3,90.0,3.32,7.0,63.8,Afgekeurd
BR-0259,62.9,1.61,295,8.1,151.8,0.84,5.3,52.36,Afgekeurd
BR-0260,78.5,1.95,131,6.7,32.1,1.01,7.2,63.48,Afgekeurd
BR-0261,89.7,2.07,263,14.7,127.4,0.72,7.0,70.76,Standaard
BR-0262,64.2,1.64,263,11.0,130.3,1.66,5.6,54.83,Afgekeurd
BR-0263,75.5,1.81,126,16.3,149.8,1.11,6.8,57.9,Afgekeurd
BR-0264,86.3,2.02,240,21.1,169.9,1.67,6.3,64.58,Afgekeurd
BR-0265,82.2,1.99,144,7.7,33.0,2.23,7.1,63.74,Afgekeurd
BR-0266,80.9,1.95,423,16.6,53.1,4.74,7.3,73.59,Standaard
BR-0267,81.1,1.84,479,15.1,162.9,3.25,5.0,66.04,Afgekeurd
BR-0268,70.8,1.79,129,7.9,98.8,4.26,8.0,70.43,Standaard
BR-0269,68.8,1.75,482,17.5,114.7,3.7,7.9,78.08,Standaard
BR-0270,84.3,1.95,309,10.5,129.5,1.01,6.5,66.34,Afgekeurd
BR-0271,84.3,2.01,220,14.8,131.9,3.81,5.2,59.97,Afgekeurd
BR-0272,86.0,2.04,131,6.6,169.8,1.74,8.0,75.35,Standaard
BR-0273,87.4,2.06,300,14.2,179.5,3.38,8.8,76.28,Standaard
BR-0274,75.3,1.78,418,11.1,138.0,2.03,6.0,63.23,Afgekeurd
BR-0275,75.0,1.77,383,21.4,73.1,4.99,6.3,66.17,Afgekeurd
BR-0276,83.9,1.98,120,6.1,162.0,1.69,5.7,57.74,Afgekeurd
BR-0277,79.5,1.95,129,13.4,37.4,1.76,7.3,67.02,Afgekeurd
BR-0278,81.1,1.95,261,14.2,64.7,4.69,5.6,66.13,Afgekeurd
BR-0279,83.9,1.96,218,19.5,164.6,0.61,6.4,60.42,Afgekeurd
BR-0280,86.7,2.07,193,16.5,68.4,3.64,7.8,73.66,Standaard
BR-0281,70.1,1.56,212,18.3,63.1,3.76,7.2,66.73,Afgekeurd
BR-0282,71.3,1.78,421,20.5,50.7,4.26,6.5,67.3,Afgekeurd
BR-0283,62.8,1.47,472,22.2,158.9,4.88,6.7,59.79,Afgekeurd
BR-0284,77.3,1.83,262,11.3,105.0,4.89,7.2,65.86,Afgekeurd
BR-0285,61.1,1.47,462,15.8,131.2,0.79,5.0,56.45,Afgekeurd
BR-0286,74.0,1.71,229,21.8,65.9,4.2,5.3,55.33,Afgekeurd
BR-0287,76.3,1.88,291,24.8,143.7,3.41,8.5,74.23,Standaard
BR-0288,68.6,1.65,190,22.8,144.0,3.41,5.3,56.8,Afgekeurd
BR-0289,77.7,1.87,356,12.4,76.9,1.08,7.8,72.65,Standaard
BR-0290,60.9,1.52,492,8.9,91.6,3.43,8.7,71.83,Standaard
BR-0291,61.1,1.55,341,14.8,61.5,4.92,6.1,57.22,Afgekeurd
BR-0292,84.7,2.0,243,19.8,176.5,4.6,6.5,64.62,Afgekeurd
BR-0293,70.8,1.65,359,14.9,126.8,2.48,7.3,66.74,Afgekeurd
BR-0294,63.8,1.63,149,14.7,170.2,0.68,8.5,66.39,Afgekeurd
BR-0295,75.7,1.79,455,21.8,75.5,2.13,8.8,80.17,Standaard
BR-0296,83.1,1.88,301,12.2,147.3,4.22,8.0,77.61,Standaard
BR-0297,66.5,1.61,280,22.2,144.9,3.66,5.3,59.17,Afgekeurd
BR-0298,78.7,1.95,334,13.1,133.7,2.57,7.7,78.9,Standaard
BR-0299,62.6,1.59,350,11.6,174.8,0.75,6.6,57.12,Afgekeurd
BR-0300,61.6,1.51,129,14.1,89.0,2.42,6.9,59.5,Afgekeurd
BR-0301,75.9,1.8,373,20.2,49.6,2.61,5.2,60.88,Afgekeurd
BR-0302,76.2,1.81,197,7.5,130.8,4.68,5.8,58.75,Afgekeurd
BR-0303,79.1,1.99,386,8.9,139.4,3.38,8.2,80.68,Standaard
BR-0304,81.8,1.95,429,24.0,116.3,1.9,6.8,68.0,Afgekeurd
BR-0305,89.3,2.11,422,8.5,61.0,2.86,6.2,66.42,Afgekeurd
BR-0306,75.5,1.86,321,16.4,105.7,0.8,6.5,66.84,Afgekeurd
BR-0307,69.7,1.71,308,16.6,76.8,4.88,8.4,75.72,Standaard
BR-0308,83.9,1.96,157,14.8,94.1,2.12,8.0,73.35,Standaard
BR-0309,68.1,1.65,410,17.9,126.8,2.65,6.1,63.98,Afgekeurd
BR-0310,73.2,1.76,209,9.6,141.8,2.1,5.5,58.15,Afgekeurd
BR-0311,62.4,1.55,299,16.1,64.8,3.57,6.0,60.29,Afgekeurd
BR-0312,60.8,1.55,214,12.4,90.8,3.48,8.7,69.34,Afgekeurd
BR-0313,88.9,2.08,154,18.2,70.4,3.72,7.3,73.02,Standaard
BR-0314,85.1,2.04,352,7.8,59.8,1.71,7.1,76.81,Standaard
BR-0315,80.9,1.91,122,16.4,147.5,1.92,7.4,69.14,Afgekeurd
BR-0316,72.3,1.75,399,8.7,166.4,1.06,6.5,62.29,Afgekeurd
BR-0317,65.2,1.5,227,10.6,85.5,3.45,8.2,72.26,Standaard
BR-0318,64.7,1.64,100,9.4,142.7,0.68,7.1,58.0,Afgekeurd
BR-0319,67.5,1.67,304,8.7,164.5,3.19,5.5,61.38,Afgekeurd
BR-0320,76.5,1.88,119,21.5,156.9,4.41,5.5,56.35,Afgekeurd
BR-0321,81.4,1.78,210,10.7,57.4,4.51,7.1,67.91,Afgekeurd
BR-0322,79.8,2.0,383,23.5,173.4,2.52,8.7,74.27,Standaard
BR-0323,68.4,1.66,125,24.4,86.5,2.57,6.2,59.42,Afgekeurd
BR-0324,88.6,2.13,436,16.4,80.9,0.85,8.5,81.86,Standaard
BR-0325,82.1,1.89,102,7.9,39.4,3.52,8.1,70.18,Standaard
BR-0326,76.6,1.86,199,12.5,102.9,4.2,6.0,61.83,Afgekeurd
BR-0327,78.4,1.81,396,21.0,46.4,1.6,5.1,58.98,Afgekeurd
BR-0328,72.6,1.72,227,12.3,67.3,2.4,5.4,58.65,Afgekeurd
BR-0329,67.4,1.74,141,6.7,77.5,4.27,7.9,69.08,Afgekeurd
BR-0330,70.7,1.7,244,16.1,151.3,4.45,5.8,61.05,Afgekeurd
BR-0331,82.7,1.97,208,21.9,161.3,1.59,6.5,60.76,Afgekeurd
BR-0332,60.4,1.55,437,20.9,75.4,2.98,7.0,63.12,Afgekeurd
BR-0333,63.5,1.59,225,8.5,158.8,1.37,7.9,64.21,Afgekeurd
BR-0334,61.4,1.54,416,18.5,158.6,0.96,5.5,52.49,Afgekeurd
BR-0335,61.2,1.54,457,9.4,144.7,4.6,6.6,65.18,Afgekeurd
BR-0336,85.7,2.13,274,9.4,52.0,4.19,6.9,72.05,Standaard
BR-0337,81.1,1.92,464,22.5,133.5,3.92,7.2,74.67,Standaard
BR-0338,74.2,1.79,251,10.0,171.8,0.72,8.3,72.48,Standaard
BR-0339,62.9,1.61,486,10.3,132.4,4.3,5.7,60.3,Afgekeurd
BR-0340,74.7,1.85,136,5.0,79.7,2.47,8.2,71.43,Standaard
BR-0341,74.2,1.84,375,22.4,105.1,2.04,7.8,73.86,Standaard
BR-0342,65.2,1.64,298,20.9,126.9,2.96,7.2,65.83,Afgekeurd
BR-0343,73.0,1.7,255,17.5,106.6,0.91,7.8,67.78,Afgekeurd
BR-0344,72.0,1.82,353,20.0,48.0,3.9,6.6,65.3,Afgekeurd
BR-0345,78.5,1.81,382,8.0,76.8,3.12,5.6,63.4,Afgekeurd
BR-0346,79.1,1.9,102,14.2,150.4,1.34,7.7,69.65,Afgekeurd
BR-0347,61.4,1.49,167,12.0,159.2,1.35,7.1,59.09,Afgekeurd
BR-0348,71.2,1.72,385,6.9,50.6,1.33,7.6,70.23,Standaard
BR-0349,78.8,1.89,367,14.7,172.9,0.76,6.4,60.31,Afgekeurd
BR-0350,75.1,1.82,486,23.4,79.3,3.15,8.6,79.64,Standaard
BR-0351,85.7,2.03,404,5.8,129.3,4.28,7.3,76.48,Standaard
BR-0352,79.8,1.98,480,10.8,142.8,0.58,5.3,60.72,Afgekeurd
BR-0353,64.9,1.62,381,9.2,151.8,0.72,6.8,62.03,Afgekeurd
BR-0354,62.1,1.53,219,9.8,171.9,3.08,8.0,66.66,Afgekeurd
BR-0355,79.3,1.93,142,23.2,76.9,4.19,8.2,71.54,Standaard
BR-0356,60.8,1.58,413,14.4,158.8,1.97,7.0,62.19,Afgekeurd
BR-0357,77.6,1.79,358,14.3,49.8,2.07,8.6,76.95,Standaard
BR-0358,88.2,2.09,119,20.2,135.8,3.18,6.1,59.25,Afgekeurd
BR-0359,77.3,1.88,244,8.1,141.3,1.73,6.6,64.58,Afgekeurd
BR-0360,71.6,1.72,483,14.7,131.7,0.62,8.6,74.42,Standaard
BR-0361,79.3,1.95,300,13.6,67.8,3.81,8.6,79.06,Standaard
BR-0362,73.7,1.77,273,16.9,161.0,3.32,7.7,75.78,Standaard
BR-0363,76.4,1.83,283,25.0,55.3,3.11,8.4,73.1,Standaard
BR-0364,88.2,2.06,184,20.4,38.0,3.84,5.4,61.05,Afgekeurd
BR-0365,71.6,1.73,247,13.0,137.6,3.54,8.5,71.96,Standaard
BR-0366,88.8,2.02,248,21.6,101.3,1.43,6.3,66.83,Afgekeurd
BR-0367,87.2,1.97,121,8.4,157.4,2.09,5.7,56.1,Afgekeurd
BR-0368,65.9,1.7,407,5.6,87.5,1.07,6.0,60.24,Afgekeurd
BR-0369,62.1,1.5,267,9.1,55.2,1.08,6.7,56.6,Afgekeurd
BR-0370,63.0,1.51,429,11.8,155.5,3.54,6.0,58.79,Afgekeurd
BR-0371,60.5,1.4,440,15.2,112.3,4.36,6.3,58.87,Afgekeurd
BR-0372,62.8,1.52,185,17.3,58.4,4.83,5.5,54.76,Afgekeurd
BR-0373,80.5,1.84,363,23.2,138.1,3.33,6.2,63.39,Afgekeurd
BR-0374,62.1,1.62,289,15.2,106.7,1.33,7.3,65.94,Afgekeurd
BR-0375,69.6,1.74,452,15.0,120.6,0.98,6.8,65.8,Afgekeurd
BR-0376,85.3,1.97,186,6.0,99.1,4.16,6.4,63.97,Afgekeurd
BR-0377,60.7,1.63,371,5.7,154.3,3.1,8.0,69.57,Afgekeurd
BR-0378,84.4,2.04,343,16.0,154.4,3.28,8.6,76.57,Standaard
BR-0379,68.5,1.65,218,13.8,136.4,4.02,8.0,71.05,Standaard
BR-0380,63.5,1.45,155,21.8,45.8,3.66,6.3,58.49,Afgekeurd
BR-0381,80.9,2.03,361,8.2,155.8,4.26,8.0,74.26,Standaard
BR-0382,78.9,1.81,395,5.5,130.7,0.75,5.6,63.87,Afgekeurd
BR-0383,86.3,1.94,226,14.0,134.6,3.86,5.5,64.96,Afgekeurd
BR-0384,82.1,1.99,358,9.7,84.4,4.33,6.4,65.33,Afgekeurd
BR-0385,84.1,2.1,258,6.0,161.9,1.79,8.2,71.43,Standaard
BR-0386,68.5,1.74,385,19.5,138.8,3.38,6.0,61.74,Afgekeurd
BR-0387,65.3,1.63,180,7.2,46.9,1.91,5.3,52.26,Afgekeurd
BR-0388,82.5,1.98,456,17.2,91.2,4.81,5.5,69.48,Afgekeurd
BR-0389,84.2,2.03,215,10.6,163.0,0.65,8.4,72.73,Standaard
BR-0390,89.7,2.13,247,8.5,37.1,3.11,7.5,71.12,Standaard
BR-0391,72.4,1.76,123,12.6,174.2,1.25,6.0,51.84,Afgekeurd
BR-0392,71.2,1.73,145,21.0,131.9,3.7,7.2,67.59,Afgekeurd
BR-0393,83.3,1.96,306,12.8,124.7,1.29,7.1,69.21,Afgekeurd
BR-0394,70.2,1.67,207,20.0,70.6,1.56,7.6,68.38,Afgekeurd
BR-0395,87.9,2.04,434,7.5,67.3,2.72,5.9,68.98,Afgekeurd
BR-0396,85.8,1.93,106,20.5,171.3,4.62,8.5,70.9,Standaard
BR-0397,72.9,1.75,252,9.7,74.7,1.45,6.2,60.41,Afgekeurd
BR-0398,82.5,1.9,235,18.5,146.3,1.15,7.8,72.16,Standaard
BR-0399,82.6,1.9,108,16.3,89.0,3.92,5.1,61.18,Afgekeurd
BR-0400,63.1,1.57,150,23.6,50.9,2.75,6.5,57.4,Afgekeurd
BR-0401,87.1,2.11,265,12.7,31.6,4.6,6.4,63.56,Afgekeurd
BR-0402,75.2,1.85,297,6.3,111.6,1.16,7.2,68.39,Afgekeurd
BR-0403,84.8,1.92,262,5.4,176.4,3.41,5.3,58.97,Afgekeurd
BR-0404,69.6,1.64,312,21.5,85.4,1.55,8.2,69.96,Afgekeurd
BR-0405,86.9,2.08,338,15.5,83.6,1.21,5.9,64.69,Afgekeurd
BR-0406,71.7,1.68,104,20.5,81.6,3.58,7.7,72.18,Standaard
BR-0407,60.3,1.5,286,9.7,108.1,3.17,8.2,68.14,Afgekeurd
BR-0408,87.2,2.07,485,11.9,96.1,3.9,7.2,75.59,Standaard
BR-0409,62.7,1.51,308,5.6,162.0,1.89,8.0,65.99,Afgekeurd
BR-0410,69.6,1.7,371,24.2,105.8,2.52,7.6,73.81,Standaard
BR-0411,88.5,2.0,225,18.4,106.2,2.32,6.4,66.89,Afgekeurd
BR-0412,88.5,2.04,410,23.7,50.8,4.93,8.2,78.58,Standaard
BR-0413,77.2,1.86,409,10.3,177.4,1.82,6.2,60.53,Afgekeurd
BR-0414,79.0,1.8,309,17.2,67.5,1.83,7.3,71.17,Standaard
BR-0415,73.5,1.79,490,18.6,41.0,2.1,8.0,73.01,Standaard
BR-0416,68.8,1.67,150,11.4,129.5,3.04,6.5,60.05,Afgekeurd
BR-0417,69.9,1.72,107,22.0,119.3,1.64,6.2,58.42,Afgekeurd
BR-0418,80.2,1.91,408,23.9,92.3,4.62,6.8,67.77,Afgekeurd
BR-0419,82.6,2.02,423,22.7,93.3,1.7,8.3,76.25,Standaard
BR-0420,83.7,1.98,148,19.8,147.8,4.53,8.7,76.93,Standaard
BR-0421,83.7,1.95,206,10.5,59.4,0.97,7.2,66.7,Afgekeurd
BR-0422,62.7,1.56,107,10.6,153.0,3.45,7.6,65.82,Afgekeurd
BR-0423,74.8,1.82,217,24.3,127.3,4.58,8.6,73.05,Standaard
BR-0424,61.7,1.54,409,5.2,92.8,1.26,5.4,56.54,Afgekeurd
BR-0425,76.5,1.83,307,19.3,98.7,4.86,5.9,62.91,Afgekeurd
BR-0426,73.2,1.73,239,19.1,68.5,2.54,7.8,70.1,Standaard
BR-0427,86.6,2.0,249,17.5,142.8,4.76,8.3,76.55,Standaard
BR-0428,70.5,1.64,101,24.8,106.9,3.55,8.4,69.55,Afgekeurd
BR-0429,63.5,1.66,220,11.2,78.1,1.86,6.7,57.02,Afgekeurd
BR-0430,64.3,1.52,359,11.8,119.4,1.35,5.4,57.99,Afgekeurd
BR-0431,82.8,1.92,490,6.6,179.4,1.87,6.8,68.15,Afgekeurd
BR-0432,78.5,1.84,439,13.9,95.3,0.92,5.9,63.93,Afgekeurd
BR-0433,63.0,1.61,109,10.2,168.1,1.15,6.2,48.87,Afgekeurd
BR-0434,62.5,1.54,459,11.9,81.8,0.97,8.1,75.44,Standaard
BR-0435,81.0,1.98,413,21.7,38.2,2.4,5.3,64.65,Afgekeurd
BR-0436,62.2,1.51,412,23.7,60.6,4.08,8.3,74.26,Standaard
BR-0437,84.7,2.01,283,8.7,92.8,1.14,6.7,66.51,Afgekeurd
BR-0438,81.2,1.88,259,12.5,62.9,1.09,7.4,66.8,Afgekeurd
BR-0439,62.4,1.66,221,23.6,30.0,3.4,5.4,56.31,Afgekeurd
BR-0440,62.5,1.49,126,6.2,167.3,1.39,6.3,52.4,Afgekeurd
BR-0441,89.6,2.11,191,6.8,156.6,0.94,5.4,57.34,Afgekeurd
BR-0442,71.2,1.76,199,8.3,141.3,1.25,8.8,71.27,Standaard
BR-0443,71.1,1.74,294,16.9,55.2,4.66,8.2,75.32,Standaard
BR-0444,84.4,1.98,399,8.0,48.1,4.2,6.8,70.12,Standaard
BR-0445,88.4,2.06,290,24.4,40.1,2.09,5.9,64.91,Afgekeurd
BR-0446,89.6,2.09,123,13.9,138.6,3.45,8.7,77.42,Standaard
BR-0447,82.6,1.94,483,15.0,169.3,2.92,6.4,65.51,Afgekeurd
BR-0448,71.3,1.77,477,9.9,94.6,3.55,5.6,62.36,Afgekeurd
BR-0449,62.5,1.66,414,14.4,47.9,3.57,7.3,69.0,Afgekeurd
BR-0450,83.3,1.94,497,18.2,106.9,3.33,8.8,76.76,Standaard
BR-0451,76.8,1.77,318,20.0,82.3,1.7,5.0,61.45,Afgekeurd
BR-0452,72.7,1.75,485,20.1,86.2,0.68,6.0,60.13,Afgekeurd
BR-0453,87.2,2.17,130,16.6,123.2,2.55,8.8,74.31,Standaard
BR-0454,63.3,1.53,246,23.1,137.8,4.51,5.7,54.27,Afgekeurd
BR-0455,74.8,1.88,190,21.3,46.6,3.06,5.5,56.71,Afgekeurd
BR-0456,60.3,1.59,178,20.1,35.3,4.25,7.3,59.43,Afgekeurd
BR-0457,74.1,1.75,156,6.1,179.1,4.96,8.4,66.6,Afgekeurd
BR-0458,61.7,1.56,349,5.1,64.9,1.24,6.9,66.41,Afgekeurd
BR-0459,63.6,1.65,413,9.2,38.1,3.61,9.0,75.51,Standaard
BR-0460,63.5,1.55,331,18.3,58.5,3.53,7.7,67.03,Afgekeurd
BR-0461,79.5,1.88,159,13.2,35.8,4.91,5.3,60.16,Afgekeurd
BR-0462,82.4,1.92,424,13.0,88.8,4.94,9.0,78.52,Standaard
BR-0463,77.5,1.8,354,22.7,150.4,3.59,6.6,66.61,Afgekeurd
BR-0464,88.9,2.04,255,22.9,81.2,1.6,6.1,63.98,Afgekeurd
BR-0465,71.2,1.66,370,23.2,96.6,4.09,7.2,68.92,Afgekeurd
BR-0466,68.6,1.67,204,11.3,131.3,0.98,6.2,59.24,Afgekeurd
BR-0467,86.1,1.98,238,18.8,106.3,4.01,5.3,62.85,Afgekeurd
BR-0468,66.7,1.65,467,10.4,159.2,4.6,5.0,59.22,Afgekeurd
BR-0469,88.9,2.0,216,8.8,159.9,2.22,6.8,63.89,Afgekeurd
BR-0470,60.4,1.52,288,8.7,31.5,3.34,8.3,66.11,Afgekeurd
BR-0471,89.1,2.12,456,11.8,146.7,2.44,7.3,72.66,Standaard
BR-0472,61.3,1.43,383,13.6,99.1,2.47,9.0,72.06,Standaard
BR-0473,86.7,2.05,125,21.6,178.3,1.9,6.1,56.22,Afgekeurd
BR-0474,75.8,1.88,159,7.4,102.5,3.93,6.1,59.56,Afgekeurd
BR-0475,89.8,2.04,103,19.7,178.0,4.71,5.6,59.92,Afgekeurd
BR-0476,62.2,1.63,352,15.6,143.2,4.73,5.7,58.8,Afgekeurd
BR-0477,76.6,1.85,279,10.8,67.3,1.29,6.1,61.26,Afgekeurd
BR-0478,89.1,2.05,154,14.9,110.8,4.44,8.2,75.45,Standaard
BR-0479,75.7,1.81,483,11.0,178.8,3.82,8.6,80.69,Standaard
BR-0480,78.9,1.91,312,16.9,158.6,1.64,8.9,75.7,Standaard
BR-0481,80.9,1.92,197,13.7,44.6,0.8,5.9,57.66,Afgekeurd
BR-0482,73.6,1.8,300,8.3,136.0,1.71,8.5,71.39,Standaard
BR-0483,78.8,1.83,372,7.3,81.8,4.6,6.3,66.43,Afgekeurd
BR-0484,77.5,1.86,130,15.9,31.0,3.35,5.5,57.95,Afgekeurd
BR-0485,87.0,1.97,210,23.0,90.5,3.74,8.5,75.7,Standaard
BR-0486,61.4,1.52,423,11.9,65.2,1.66,7.5,69.24,Afgekeurd
BR-0487,68.4,1.62,284,19.7,152.8,3.74,5.7,56.74,Afgekeurd
BR-0488,88.5,2.03,319,18.2,80.6,0.63,6.7,67.46,Afgekeurd
BR-0489,86.7,2.1,273,23.6,154.1,2.19,6.1,58.28,Afgekeurd
BR-0490,73.7,1.83,118,21.4,30.1,3.32,7.9,67.77,Afgekeurd
BR-0491,78.6,1.9,166,16.3,76.2,1.16,6.8,66.01,Afgekeurd
BR-0492,68.3,1.61,278,18.1,66.2,4.2,9.0,71.01,Standaard
BR-0493,65.6,1.6,184,23.0,65.0,1.56,5.2,54.16,Afgekeurd
BR-0494,73.9,1.84,120,13.0,40.2,3.44,6.4,57.47,Afgekeurd
BR-0495,70.6,1.72,437,11.5,58.1,2.32,6.9,69.1,Afgekeurd
BR-0496,77.5,1.97,492,5.2,113.3,3.18,7.0,72.49,Standaard
BR-0497,62.3,1.57,417,21.5,73.7,0.98,6.3,57.45,Afgekeurd
BR-0498,89.2,2.09,442,21.0,92.6,0.58,7.9,81.05,Standaard
BR-0499,89.6,2.08,197,7.1,86.5,4.59,8.5,78.54,Standaard
BR-0500,80.9,1.93,484,16.5,161.4,1.71,8.8,77.61,Standaard
BR-0501,76.1,1.81,179,14.3,165.8,4.19,8.2,72.38,Standaard
BR-0502,69.3,1.72,481,7.4,103.9,5.0,8.4,77.91,Standaard
BR-0503,84.4,2.04,498,24.6,79.5,1.45,7.2,76.23,Standaard
BR-0504,80.5,1.87,385,9.3,46.0,1.69,8.3,73.45,Standaard
BR-0505,64.9,1.53,492,6.3,173.0,3.48,6.2,62.79,Afgekeurd
BR-0506,87.3,1.95,328,16.9,39.0,4.84,6.6,65.66,Afgekeurd
BR-0507,84.7,2.02,204,19.8,74.6,4.62,6.3,62.68,Afgekeurd
BR-0508,88.5,2.01,275,5.6,74.7,2.76,6.9,74.91,Standaard
BR-0509,81.8,1.83,337,18.2,78.1,4.08,6.1,65.86,Afgekeurd
BR-0510,78.4,1.89,129,15.6,54.6,1.11,8.8,70.31,Standaard
BR-0511,72.5,1.88,349,7.1,147.5,4.9,6.3,57.35,Afgekeurd
BR-0512,88.0,2.06,492,8.5,48.4,4.84,5.4,68.79,Afgekeurd
BR-0513,86.0,2.06,176,16.4,125.2,1.24,7.1,65.51,Afgekeurd
BR-0514,61.4,1.53,417,10.9,48.6,1.85,5.2,54.73,Afgekeurd
BR-0515,60.8,1.51,463,23.8,40.6,0.95,5.4,54.81,Afgekeurd
BR-0516,71.3,1.77,477,21.4,166.4,1.72,5.9,64.09,Afgekeurd
BR-0517,84.3,1.97,484,24.7,58.5,4.17,6.9,73.82,Standaard
BR-0518,89.6,2.11,309,10.2,153.2,2.2,6.7,68.11,Afgekeurd
BR-0519,64.5,1.61,491,24.4,111.7,0.9,8.2,74.27,Standaard
BR-0520,77.8,1.82,403,13.6,41.7,2.04,8.0,74.42,Standaard
BR-0521,71.4,1.78,165,12.0,173.3,4.92,6.7,59.61,Afgekeurd
BR-0522,89.1,2.07,291,6.0,67.0,3.33,6.3,66.45,Afgekeurd
BR-0523,85.3,1.97,387,6.1,158.9,2.37,6.3,67.63,Afgekeurd
BR-0524,85.1,2.03,199,18.8,55.3,1.25,8.1,75.57,Standaard
BR-0525,74.1,1.74,356,14.2,158.1,4.94,5.2,60.88,Afgekeurd
BR-0526,72.4,1.75,367,9.5,32.0,4.19,5.1,58.99,Afgekeurd
BR-0527,68.2,1.66,165,17.3,106.8,1.77,8.2,71.5,Standaard
BR-0528,61.7,1.59,326,10.1,145.4,0.82,6.9,60.55,Afgekeurd
BR-0529,85.9,2.04,409,16.6,170.2,0.75,5.5,59.59,Afgekeurd
BR-0530,84.4,1.99,300,12.2,166.4,1.04,5.9,60.04,Afgekeurd
BR-0531,90.0,2.14,105,21.5,152.9,3.11,8.7,74.25,Standaard
BR-0532,89.9,2.17,104,21.4,163.2,4.68,8.4,74.77,Standaard
BR-0533,76.7,1.86,243,14.5,59.9,2.74,7.8,72.48,Standaard
BR-0534,83.1,1.96,470,12.0,72.6,4.29,6.9,70.69,Standaard
BR-0535,88.3,2.0,191,12.3,73.3,2.51,7.1,69.9,Afgekeurd
BR-0536,85.5,1.96,354,21.1,86.6,3.69,8.9,79.51,Standaard
BR-0537,67.4,1.63,189,11.6,89.0,3.79,8.9,71.42,Standaard
BR-0538,73.5,1.74,229,9.2,111.7,1.28,5.9,60.48,Afgekeurd
BR-0539,63.9,1.57,439,6.7,54.0,2.13,8.2,74.96,Standaard
BR-0540,88.6,2.08,392,14.3,133.7,3.37,5.8,65.04,Afgekeurd
BR-0541,78.2,1.89,138,14.6,55.1,0.82,5.9,55.53,Afgekeurd
BR-0542,66.9,1.63,271,21.8,76.5,2.13,7.7,67.32,Afgekeurd
BR-0543,80.2,1.93,112,9.4,105.5,2.91,6.6,64.87,Afgekeurd
BR-0544,78.5,1.87,292,12.6,149.5,4.98,8.7,77.92,Standaard
BR-0545,70.7,1.62,365,21.2,140.9,2.64,5.4,59.48,Afgekeurd
BR-0546,63.4,1.52,147,21.5,126.8,4.17,7.0,60.71,Afgekeurd
BR-0547,80.1,1.9,216,12.7,53.4,2.44,8.7,77.6,Standaard
BR-0548,75.6,1.75,259,14.2,112.1,4.08,8.6,76.46,Standaard
BR-0549,83.2,1.99,468,11.1,43.1,3.18,5.6,66.12,Afgekeurd
BR-0550,75.6,1.89,497,23.7,86.6,4.49,6.5,65.9,Afgekeurd
BR-0551,85.6,2.07,118,7.4,92.0,2.35,7.5,71.99,Standaard
BR-0552,76.6,1.82,404,23.7,36.0,3.22,5.6,59.75,Afgekeurd
BR-0553,76.8,1.91,249,18.7,71.1,3.34,8.9,72.75,Standaard
BR-0554,86.3,2.03,257,15.6,173.3,2.38,8.7,74.54,Standaard
BR-0555,72.1,1.73,402,5.7,173.0,1.15,5.7,56.96,Afgekeurd
BR-0556,64.0,1.55,467,14.5,82.8,0.92,5.5,58.46,Afgekeurd
BR-0557,60.9,1.5,480,13.2,36.5,0.58,5.3,52.53,Afgekeurd
BR-0558,82.7,1.93,331,8.2,56.9,4.43,8.6,79.33,Standaard
BR-0559,78.6,1.88,243,18.1,88.8,1.56,5.8,62.86,Afgekeurd
BR-0560,81.1,1.93,415,24.4,172.2,1.45,6.7,62.31,Afgekeurd
BR-0561,66.4,1.63,200,16.2,51.2,3.81,6.8,63.05,Afgekeurd
BR-0562,64.1,1.6,326,19.3,144.5,1.94,7.4,65.08,Afgekeurd
BR-0563,60.4,1.57,243,6.4,46.3,2.78,5.3,54.66,Afgekeurd
BR-0564,70.5,1.76,363,13.4,177.2,1.23,5.9,57.53,Afgekeurd
BR-0565,77.7,1.78,196,7.3,87.2,4.82,8.7,73.96,Standaard
BR-0566,71.8,1.61,177,17.3,146.3,4.33,8.6,71.06,Standaard
BR-0567,73.1,1.81,467,23.8,81.4,4.39,8.1,79.9,Standaard
BR-0568,87.1,1.97,141,18.2,124.2,2.33,5.1,58.38,Afgekeurd
BR-0569,70.4,1.7,302,6.5,58.8,3.93,6.3,62.53,Afgekeurd
BR-0570,75.4,1.75,188,12.1,51.9,1.15,7.5,69.97,Afgekeurd
BR-0571,83.5,1.88,116,16.0,170.7,0.54,6.1,58.05,Afgekeurd
BR-0572,71.9,1.76,114,13.1,167.6,0.59,8.6,71.71,Standaard
BR-0573,78.7,1.91,170,21.7,163.1,3.14,7.5,67.81,Afgekeurd
BR-0574,85.9,1.99,447,21.3,123.8,2.55,5.3,68.26,Afgekeurd
BR-0575,88.5,1.94,213,17.2,151.2,2.83,8.6,76.09,Standaard
BR-0576,64.4,1.56,480,12.5,40.4,0.53,8.8,74.25,Standaard
BR-0577,87.8,2.08,333,10.1,80.2,2.4,5.3,64.47,Afgekeurd
BR-0578,74.8,1.72,275,7.1,77.1,3.73,7.1,67.83,Afgekeurd
BR-0579,67.7,1.66,332,12.1,125.3,2.49,6.2,63.76,Afgekeurd
BR-0580,73.8,1.77,307,13.3,83.4,3.79,6.6,64.27,Afgekeurd
BR-0581,89.4,2.12,404,18.5,52.3,1.55,5.7,62.02,Afgekeurd
BR-0582,74.8,1.8,213,18.2,119.5,4.16,7.3,67.85,Afgekeurd
BR-0583,69.9,1.65,241,6.4,152.2,3.15,8.8,72.73,Standaard
BR-0584,79.0,1.94,458,12.9,87.3,1.45,7.0,74.81,Standaard
BR-0585,67.2,1.64,479,8.6,49.8,1.57,5.3,60.12,Afgekeurd
BR-0586,62.3,1.54,457,8.1,59.5,3.33,7.5,72.39,Standaard
BR-0587,63.9,1.53,268,21.5,65.6,4.23,6.4,55.99,Afgekeurd
BR-0588,63.8,1.55,412,5.8,75.0,2.37,8.4,72.63,Standaard
BR-0589,64.6,1.55,291,13.4,126.4,1.66,6.7,61.25,Afgekeurd
BR-0590,64.2,1.57,299,8.4,120.1,4.4,5.8,56.92,Afgekeurd
BR-0591,79.2,1.97,182,22.6,134.4,3.51,5.8,59.85,Afgekeurd
BR-0592,65.5,1.54,336,16.1,84.4,2.52,8.1,73.89,Standaard
BR-0593,70.4,1.63,174,9.6,153.6,2.7,6.1,56.19,Afgekeurd
BR-0594,86.9,2.11,233,15.0,60.6,1.42,8.1,75.33,Standaard
BR-0595,74.2,1.77,442,19.6,100.4,3.32,5.8,64.31,Afgekeurd
BR-0596,80.0,1.87,183,24.2,150.1,2.11,6.3,58.99,Afgekeurd
BR-0597,65.2,1.66,128,9.4,57.0,4.98,6.9,58.82,Afgekeurd
BR-0598,65.8,1.59,128,22.7,46.5,2.66,8.8,67.38,Afgekeurd
BR-0599,61.2,1.62,476,23.7,162.6,2.69,8.7,71.9,Standaard
BR-0600,65.1,1.64,303,23.3,81.4,3.05,5.8,58.02,Afgekeurd
BR-0601,68.4,1.64,264,17.7,132.6,4.63,6.4,60.95,Afgekeurd
BR-0602,65.3,1.71,424,17.6,33.8,4.1,5.6,57.28,Afgekeurd
BR-0603,62.7,1.52,434,13.1,133.5,2.53,7.0,69.13,Afgekeurd
BR-0604,63.6,1.61,233,20.0,77.4,3.73,6.8,59.48,Afgekeurd
BR-0605,73.8,1.79,377,15.6,38.4,3.14,8.6,74.16,Standaard
BR-0606,66.2,1.69,408,18.5,121.5,2.72,8.7,80.54,Standaard
BR-0607,70.9,1.8,362,13.6,66.1,1.37,6.5,61.58,Afgekeurd
BR-0608,75.1,1.8,161,19.6,88.0,2.59,7.0,62.78,Afgekeurd
BR-0609,80.7,1.88,450,21.5,42.1,1.61,8.6,79.58,Standaard
BR-0610,61.2,1.55,316,7.9,52.1,4.62,8.2,65.06,Afgekeurd
BR-0611,84.0,1.95,213,21.7,74.7,2.01,5.0,60.98,Afgekeurd
BR-0612,78.8,1.98,270,15.8,43.5,4.79,6.3,66.43,Afgekeurd
BR-0613,62.5,1.56,115,21.9,166.6,2.9,6.7,52.67,Afgekeurd
BR-0614,86.2,2.01,151,13.6,30.9,3.34,5.9,55.61,Afgekeurd
BR-0615,87.6,2.06,406,12.6,102.6,2.94,5.8,63.88,Afgekeurd
BR-0616,61.8,1.47,100,23.3,48.5,1.08,5.2,51.41,Afgekeurd
BR-0617,68.3,1.62,267,10.0,76.2,2.19,7.6,71.45,Standaard
BR-0618,84.2,2.04,309,21.9,168.9,0.95,6.1,59.9,Afgekeurd
BR-0619,82.4,1.92,122,14.7,54.3,3.3,5.2,60.23,Afgekeurd
BR-0620,65.5,1.56,489,15.3,174.9,2.51,5.9,62.5,Afgekeurd
BR-0621,66.3,1.65,190,11.2,60.9,4.0,8.2,73.26,Standaard
BR-0622,71.1,1.78,222,16.5,141.2,1.49,8.4,71.05,Standaard
BR-0623,74.5,1.83,222,11.5,112.0,1.24,6.9,60.57,Afgekeurd
BR-0624,78.5,1.92,192,5.8,162.7,2.33,6.7,60.87,Afgekeurd
BR-0625,71.1,1.68,101,10.4,113.1,4.67,8.9,69.08,Afgekeurd
BR-0626,73.9,1.71,392,5.1,110.2,3.7,5.8,62.24,Afgekeurd
BR-0627,82.4,2.02,487,24.6,59.3,2.39,5.9,65.78,Afgekeurd
BR-0628,61.1,1.51,190,24.3,54.9,2.83,6.2,56.66,Afgekeurd
BR-0629,67.6,1.64,365,12.9,167.5,0.88,5.7,58.83,Afgekeurd
BR-0630,81.4,1.99,397,19.6,79.2,4.93,6.5,67.57,Afgekeurd
BR-0631,86.9,2.06,439,11.9,85.8,3.5,8.6,84.0,Standaard
BR-0632,75.4,1.83,269,18.4,144.0,1.78,7.5,70.63,Standaard
BR-0633,76.0,1.93,221,21.1,80.8,3.14,6.6,64.7,Afgekeurd
BR-0634,63.2,1.53,230,23.9,172.8,0.99,8.7,67.72,Afgekeurd
BR-0635,73.4,1.81,385,13.0,140.7,4.85,5.2,61.37,Afgekeurd
BR-0636,76.0,1.82,427,20.7,119.6,1.29,5.8,67.29,Afgekeurd
BR-0637,67.3,1.66,173,10.3,162.1,3.42,7.3,60.71,Afgekeurd
BR-0638,68.1,1.74,248,24.8,37.4,1.6,7.5,64.46,Afgekeurd
BR-0639,71.3,1.75,461,5.5,68.6,3.73,5.2,62.41,Afgekeurd
BR-0640,60.6,1.54,423,17.1,99.8,4.0,6.6,63.82,Afgekeurd
BR-0641,69.7,1.75,494,18.2,64.0,3.53,7.6,77.01,Standaard
BR-0642,66.3,1.61,402,18.8,141.6,3.27,7.8,72.25,Standaard
BR-0643,69.8,1.65,257,7.4,167.9,4.52,7.6,64.37,Afgekeurd
BR-0644,63.6,1.52,336,23.8,93.6,0.85,6.3,59.99,Afgekeurd
BR-0645,86.7,1.94,364,8.6,81.3,1.99,5.4,66.05,Afgekeurd
BR-0646,77.8,1.96,131,17.5,174.2,1.62,6.7,56.56,Afgekeurd
BR-0647,80.4,1.85,318,9.5,96.7,4.95,5.5,62.24,Afgekeurd
BR-0648,83.7,1.96,384,11.1,103.4,2.25,8.8,76.44,Standaard
BR-0649,75.0,1.79,167,15.9,82.7,3.8,6.9,63.87,Afgekeurd
BR-0650,62.6,1.57,412,13.3,166.4,3.58,6.3,57.54,Afgekeurd
BR-0651,76.1,1.86,334,8.2,115.3,1.45,8.1,76.6,Standaard
BR-0652,77.6,1.9,481,8.4,144.3,1.58,7.0,71.24,Standaard
BR-0653,82.4,1.92,117,13.4,151.8,1.77,6.2,57.28,Afgekeurd
BR-0654,72.9,1.75,206,20.1,81.3,2.35,8.2,74.59,Standaard
BR-0655,63.8,1.59,341,23.0,95.1,1.55,8.5,68.98,Afgekeurd
BR-0656,68.5,1.66,219,6.7,157.3,0.59,7.7,66.25,Afgekeurd
BR-0657,70.9,1.8,386,12.9,84.5,4.46,5.2,59.8,Afgekeurd
BR-0658,79.4,1.91,404,7.0,149.1,4.85,7.3,71.15,Standaard
BR-0659,77.1,1.88,141,5.3,171.1,2.04,8.1,70.29,Standaard
BR-0660,70.7,1.75,306,18.2,123.5,2.02,5.5,60.31,Afgekeurd
BR-0661,89.6,2.15,304,17.0,141.2,0.53,5.9,65.03,Afgekeurd
BR-0662,78.2,1.87,248,8.3,150.8,3.56,8.5,74.49,Standaard
BR-0663,67.1,1.58,473,9.7,156.8,4.21,5.1,61.2,Afgekeurd
BR-0664,63.1,1.58,431,5.5,89.3,1.16,8.0,70.71,Standaard
BR-0665,64.6,1.56,379,21.7,37.7,1.22,6.9,62.82,Afgekeurd
BR-0666,67.4,1.62,386,24.5,90.3,4.06,6.8,66.61,Afgekeurd
BR-0667,64.8,1.63,285,7.7,131.1,3.27,5.0,57.1,Afgekeurd
BR-0668,65.6,1.67,468,9.6,97.6,0.7,8.3,70.29,Standaard
BR-0669,68.6,1.67,378,22.4,142.3,3.3,6.4,63.75,Afgekeurd
BR-0670,65.2,1.62,392,23.5,83.5,1.89,7.2,68.07,Afgekeurd
BR-0671,86.9,2.12,445,13.4,125.2,2.16,7.7,77.37,Standaard
BR-0672,62.4,1.56,210,6.0,58.0,3.96,7.8,63.91,Afgekeurd
BR-0673,75.7,1.94,423,5.8,142.4,4.15,8.8,80.2,Standaard
BR-0674,72.3,1.77,178,16.5,111.9,2.3,7.1,67.07,Afgekeurd
BR-0675,89.5,2.0,238,12.9,60.6,4.76,6.6,66.09,Afgekeurd
BR-0676,63.4,1.6,234,5.6,73.8,2.33,8.8,67.26,Afgekeurd
BR-0677,71.9,1.76,491,16.7,142.3,3.97,7.6,73.06,Standaard
BR-0678,89.1,2.15,443,5.2,102.4,2.68,6.2,71.5,Standaard
BR-0679,86.0,2.05,380,20.7,62.4,4.54,5.5,64.62,Afgekeurd
BR-0680,84.5,1.98,391,11.1,175.1,4.58,8.4,75.94,Standaard
BR-0681,67.7,1.59,325,5.8,137.3,0.89,6.4,61.08,Afgekeurd
BR-0682,65.1,1.59,479,16.8,173.6,4.71,7.6,68.53,Afgekeurd
BR-0683,80.1,1.86,299,13.0,94.1,4.21,6.9,72.05,Standaard
BR-0684,87.9,2.03,252,24.5,101.3,4.06,5.8,66.01,Afgekeurd
BR-0685,76.7,1.86,165,15.9,164.7,1.4,7.4,65.45,Afgekeurd
BR-0686,77.1,1.93,414,10.5,108.8,4.12,5.2,62.79,Afgekeurd
BR-0687,68.4,1.69,394,19.2,136.1,4.33,6.7,59.69,Afgekeurd
BR-0688,83.1,1.9,254,10.4,67.8,1.8,7.2,67.11,Afgekeurd
BR-0689,65.6,1.63,110,23.1,97.0,4.79,6.7,56.24,Afgekeurd
BR-0690,69.7,1.75,436,12.5,48.5,0.72,8.0,72.98,Standaard
BR-0691,72.8,1.72,105,16.0,60.9,1.17,8.3,68.66,Afgekeurd
BR-0692,75.2,1.8,381,6.0,30.1,2.92,8.1,71.58,Standaard
BR-0693,67.3,1.65,488,13.5,35.9,3.09,5.2,60.11,Afgekeurd
BR-0694,63.4,1.53,275,21.6,176.6,3.4,5.8,55.0,Afgekeurd
BR-0695,78.3,1.9,194,21.1,66.4,0.58,7.1,66.77,Afgekeurd
BR-0696,68.7,1.67,382,9.5,129.5,4.82,8.7,70.71,Standaard
BR-0697,77.4,1.87,427,9.5,155.9,0.7,8.3,75.33,Standaard
BR-0698,64.6,1.55,319,21.3,112.6,1.14,8.4,68.42,Afgekeurd
BR-0699,74.4,1.77,487,23.6,53.0,0.56,6.2,65.11,Afgekeurd
BR-0700,76.0,1.86,121,6.9,139.2,3.05,6.7,63.89,Afgekeurd
BR-0701,61.6,1.51,302,14.0,120.0,4.7,6.9,60.5,Afgekeurd
BR-0702,70.1,1.79,387,11.7,139.7,3.5,5.6,59.26,Afgekeurd
BR-0703,64.0,1.56,445,22.4,145.5,4.2,5.1,58.23,Afgekeurd
BR-0704,61.9,1.55,172,6.7,176.3,0.56,8.8,58.73,Afgekeurd
BR-0705,89.7,2.14,420,9.2,116.0,2.94,6.0,68.44,Afgekeurd
BR-0706,69.7,1.62,321,20.0,81.2,2.57,6.0,60.02,Afgekeurd
BR-0707,84.3,1.9,259,6.0,127.3,2.75,5.3,63.96,Afgekeurd
BR-0708,67.6,1.58,153,14.9,40.3,0.82,8.7,64.96,Afgekeurd
BR-0709,80.4,1.97,446,13.8,164.6,3.58,7.3,72.24,Standaard
BR-0710,82.8,1.93,163,11.7,47.9,2.76,7.7,68.25,Afgekeurd
BR-0711,77.9,1.99,224,12.9,79.2,3.94,8.6,73.25,Standaard
BR-0712,74.1,1.75,216,15.6,152.4,2.68,6.4,58.69,Afgekeurd
BR-0713,72.4,1.76,449,8.2,119.6,1.17,7.5,74.65,Standaard
BR-0714,70.5,1.79,369,16.4,89.0,3.42,5.2,60.06,Afgekeurd
BR-0715,87.9,2.16,419,21.1,101.0,1.28,5.7,65.91,Afgekeurd
BR-0716,84.9,2.1,200,20.2,158.2,4.43,8.3,73.65,Standaard
BR-0717,89.0,2.14,350,8.1,81.0,3.26,8.1,76.65,Standaard
BR-0718,63.7,1.63,329,8.0,160.4,1.21,6.4,57.41,Afgekeurd
BR-0719,81.9,1.97,433,10.4,43.2,4.83,6.5,68.59,Afgekeurd
BR-0720,88.2,2.1,462,12.2,146.5,2.83,7.1,72.55,Standaard
BR-0721,65.4,1.58,105,13.2,157.1,0.83,5.0,52.87,Afgekeurd
BR-0722,62.0,1.5,370,18.6,57.3,3.32,6.0,56.35,Afgekeurd
BR-0723,82.2,1.94,121,6.1,94.6,1.64,5.8,58.02,Afgekeurd
BR-0724,77.2,1.84,320,5.7,54.8,4.12,6.0,62.99,Afgekeurd
BR-0725,85.3,1.98,215,12.8,136.0,4.18,8.2,74.52,Standaard
BR-0726,64.2,1.62,223,18.9,110.3,4.91,6.1,56.88,Afgekeurd
BR-0727,83.9,2.02,241,8.9,125.3,2.76,5.8,61.61,Afgekeurd
BR-0728,66.0,1.63,349,17.8,59.5,2.55,7.0,66.06,Afgekeurd
BR-0729,64.9,1.67,234,10.2,61.8,3.89,8.5,65.72,Afgekeurd
BR-0730,64.9,1.54,393,22.7,36.2,1.1,6.0,53.23,Afgekeurd
BR-0731,84.4,1.98,262,22.9,78.3,2.96,5.3,63.65,Afgekeurd
BR-0732,80.0,1.86,127,10.9,114.0,2.96,6.4,64.52,Afgekeurd
BR-0733,75.7,1.72,414,9.6,158.7,0.9,8.0,72.12,Standaard
BR-0734,70.8,1.71,214,13.2,130.0,2.38,7.2,66.04,Afgekeurd
BR-0735,86.3,2.02,273,9.8,95.3,4.34,8.3,78.35,Standaard
BR-0736,71.8,1.81,374,18.4,173.0,4.35,8.8,74.88,Standaard
BR-0737,84.5,2.02,233,21.5,137.9,0.95,8.2,70.1,Standaard
BR-0738,73.2,1.71,123,18.5,169.5,0.91,7.4,61.73,Afgekeurd
BR-0739,71.3,1.82,250,21.5,109.1,1.68,7.0,64.71,Afgekeurd
BR-0740,73.9,1.84,478,12.9,68.8,4.44,5.2,65.35,Afgekeurd
BR-0741,69.0,1.71,357,8.1,37.9,1.08,8.9,76.31,Standaard
BR-0742,82.4,1.94,369,19.8,138.9,3.74,6.5,67.41,Afgekeurd
BR-0743,75.1,1.75,353,12.2,48.2,0.96,5.6,56.65,Afgekeurd
BR-0744,67.0,1.62,180,18.4,75.4,3.3,7.7,68.77,Afgekeurd
BR-0745,87.0,2.09,267,10.4,109.9,2.1,6.1,67.39,Afgekeurd
BR-0746,71.5,1.82,400,6.6,114.7,4.05,7.3,71.86,Standaard
BR-0747,76.3,1.9,141,24.9,120.1,1.55,7.3,65.13,Afgekeurd
BR-0748,87.2,2.02,211,8.1,54.9,3.38,6.8,69.02,Afgekeurd
BR-0749,78.7,1.82,211,24.8,87.0,1.56,8.3,75.22,Standaard
BR-0750,63.5,1.58,273,24.5,122.6,3.71,6.1,55.32,Afgekeurd
BR-0751,88.2,1.98,492,20.9,175.5,4.43,6.8,71.61,Standaard
BR-0752,78.8,1.89,127,18.2,139.1,1.07,7.2,67.22,Afgekeurd
BR-0753,70.0,1.69,307,16.6,168.4,4.4,7.7,71.61,Standaard
BR-0754,64.2,1.56,172,22.3,144.3,3.17,8.1,67.85,Afgekeurd
BR-0755,83.8,1.9,488,10.8,118.8,1.07,6.6,69.28,Afgekeurd
BR-0756,78.6,1.9,145,14.4,58.8,2.42,7.6,72.25,Standaard
BR-0757,76.0,1.79,261,17.4,130.0,1.22,5.6,56.74,Afgekeurd
BR-0758,86.8,1.98,395,13.2,123.5,3.65,8.7,81.54,Standaard
BR-0759,83.7,1.83,382,13.5,120.4,3.91,6.5,66.25,Afgekeurd
BR-0760,64.6,1.59,269,11.6,103.5,0.98,7.9,70.89,Standaard
BR-0761,69.4,1.78,239,16.3,109.3,2.78,5.1,58.04,Afgekeurd
BR-0762,67.5,1.73,259,22.0,80.2,4.17,5.8,60.42,Afgekeurd
BR-0763,82.3,1.92,206,9.0,107.9,4.71,6.9,68.69,Afgekeurd
BR-0764,61.0,1.49,182,23.7,59.6,2.81,8.5,65.07,Afgekeurd
BR-0765,77.1,1.87,293,18.8,150.8,4.78,7.1,70.98,Standaard
BR-0766,82.9,1.91,207,21.5,57.9,2.91,8.7,78.4,Standaard
BR-0767,86.3,2.04,215,16.1,42.7,2.27,6.9,69.18,Afgekeurd
BR-0768,70.3,1.74,363,20.6,95.4,4.32,7.0,66.29,Afgekeurd
BR-0769,84.6,2.05,487,5.3,128.7,2.72,5.5,65.91,Afgekeurd
BR-0770,63.3,1.56,341,21.4,95.7,2.62,8.2,72.42,Standaard
BR-0771,85.4,2.0,131,5.8,71.5,2.71,6.0,59.31,Afgekeurd
BR-0772,63.8,1.53,130,22.8,113.7,4.31,8.6,71.66,Standaard
BR-0773,71.9,1.7,481,24.8,82.1,4.24,8.6,78.35,Standaard
BR-0774,83.9,1.97,219,10.9,169.9,2.32,8.8,68.59,Afgekeurd
BR-0775,64.5,1.61,137,9.2,168.4,2.0,7.1,60.11,Afgekeurd
BR-0776,66.9,1.68,340,20.3,105.4,2.71,7.7,70.77,Standaard
BR-0777,81.7,1.89,349,10.1,79.2,3.08,8.1,77.82,Standaard
BR-0778,81.6,2.01,359,22.3,140.6,1.57,5.5,61.56,Afgekeurd
BR-0779,79.2,1.87,207,7.1,35.5,4.07,7.4,70.16,Standaard
BR-0780,80.8,1.92,106,7.5,101.2,2.69,5.1,61.18,Afgekeurd
BR-0781,76.3,1.79,486,24.6,80.4,2.0,7.0,72.24,Standaard
BR-0782,67.6,1.53,200,18.5,168.1,0.98,5.6,52.25,Afgekeurd
BR-0783,70.4,1.75,370,21.9,31.8,1.57,5.7,58.01,Afgekeurd
BR-0784,65.4,1.65,383,11.5,112.9,4.77,6.5,62.58,Afgekeurd
BR-0785,87.3,2.03,344,18.5,141.1,1.87,6.7,67.48,Afgekeurd
BR-0786,77.5,1.85,225,16.9,102.8,1.26,7.5,71.45,Standaard
BR-0787,72.0,1.77,208,17.1,42.8,2.57,5.3,57.72,Afgekeurd
BR-0788,73.9,1.7,339,18.7,175.9,1.88,7.0,68.88,Afgekeurd
BR-0789,88.4,2.04,446,16.5,107.7,0.66,5.7,68.05,Afgekeurd
BR-0790,64.6,1.63,479,13.6,122.1,1.95,7.3,68.74,Afgekeurd
BR-0791,77.6,1.79,142,10.5,65.5,2.95,7.5,71.24,Standaard
BR-0792,75.2,1.82,162,20.4,102.5,2.98,7.2,65.73,Afgekeurd
BR-0793,78.3,1.8,478,9.5,94.4,2.1,8.0,80.23,Standaard
BR-0794,60.5,1.53,395,18.8,41.2,2.51,6.3,57.72,Afgekeurd
BR-0795,86.2,2.02,453,9.7,45.9,4.84,8.1,76.83,Standaard
BR-0796,88.0,1.98,181,17.5,155.6,2.2,6.7,66.11,Afgekeurd
BR-0797,77.0,1.9,335,19.9,66.0,1.66,6.9,62.74,Afgekeurd
BR-0798,80.9,1.88,380,9.4,59.2,1.6,7.6,70.83,Standaard
BR-0799,87.7,2.01,372,6.2,105.7,2.56,5.1,65.3,Afgekeurd
BR-0800,81.2,1.93,263,7.6,145.3,3.92,7.6,72.87,Standaard
BR-0801,64.6,1.65,106,17.1,39.3,1.43,7.5,61.02,Afgekeurd
BR-0802,77.3,1.79,333,22.0,116.5,3.69,6.2,61.41,Afgekeurd
BR-0803,78.2,1.87,201,5.9,47.9,0.6,5.3,54.64,Afgekeurd
BR-0804,72.7,1.78,280,19.7,35.5,2.39,5.4,58.56,Afgekeurd
BR-0805,82.1,1.98,483,11.8,37.9,3.99,8.7,80.87,Standaard
BR-0806,88.0,2.07,260,14.6,155.1,2.02,7.8,74.17,Standaard
BR-0807,87.8,2.04,436,23.6,47.7,3.04,5.5,67.64,Afgekeurd
BR-0808,73.5,1.73,175,11.6,36.8,1.42,6.4,59.47,Afgekeurd
BR-0809,63.4,1.57,369,14.3,95.7,3.84,7.4,67.19,Afgekeurd
BR-0810,89.5,2.04,491,5.3,156.6,0.74,8.3,78.6,Standaard
BR-0811,85.2,1.86,141,6.6,69.4,4.34,5.2,57.0,Afgekeurd
BR-0812,63.7,1.6,103,10.2,93.3,1.39,5.9,52.88,Afgekeurd
BR-0813,87.6,2.1,273,5.6,36.0,4.43,8.6,78.16,Standaard
BR-0814,86.1,1.9,137,17.6,97.4,2.09,5.0,62.22,Afgekeurd
BR-0815,75.6,1.76,399,13.5,116.6,3.75,5.8,66.62,Afgekeurd
BR-0816,77.7,1.89,466,16.0,115.6,1.94,8.8,78.85,Standaard
BR-0817,72.0,1.84,274,8.5,79.9,4.58,7.5,72.45,Standaard
BR-0818,61.6,1.53,203,10.9,77.3,1.07,6.0,53.62,Afgekeurd
BR-0819,70.1,1.66,274,18.3,46.0,1.3,5.3,59.5,Afgekeurd
BR-0820,84.1,1.97,389,24.3,85.0,2.72,5.1,65.1,Afgekeurd
BR-0821,60.1,1.57,104,6.0,44.9,0.87,6.0,50.62,Afgekeurd
BR-0822,70.0,1.67,336,22.8,145.0,1.38,8.5,75.91,Standaard
BR-0823,71.9,1.7,345,16.5,174.9,4.75,6.7,62.49,Afgekeurd
BR-0824,76.1,1.8,355,16.3,175.5,4.89,7.9,72.9,Standaard
BR-0825,87.6,2.0,197,15.0,159.8,2.19,8.7,77.62,Standaard
BR-0826,70.4,1.71,386,6.4,120.1,4.65,6.6,65.0,Afgekeurd
BR-0827,70.4,1.79,137,6.8,135.1,2.95,5.8,53.36,Afgekeurd
BR-0828,82.1,1.96,180,17.0,72.8,1.71,7.1,71.93,Standaard
BR-0829,73.6,1.76,451,11.8,124.6,3.66,8.6,77.57,Standaard
BR-0830,66.7,1.62,395,23.3,98.3,3.47,8.2,74.92,Standaard
BR-0831,73.6,1.69,105,13.1,102.3,4.95,5.3,58.61,Afgekeurd
BR-0832,64.2,1.63,199,7.9,143.7,1.69,7.8,65.0,Afgekeurd
BR-0833,65.3,1.6,186,19.3,72.3,3.52,7.3,62.79,Afgekeurd
BR-0834,75.0,1.79,208,10.9,77.7,0.73,8.6,72.62,Standaard
BR-0835,72.6,1.91,199,15.5,168.7,1.01,5.5,51.0,Afgekeurd
BR-0836,87.4,2.06,125,19.0,38.4,0.52,7.1,64.38,Afgekeurd
BR-0837,70.9,1.68,284,23.0,102.8,5.0,8.5,74.01,Standaard
BR-0838,77.4,1.83,393,20.8,166.9,4.11,6.6,65.62,Afgekeurd
BR-0839,79.0,1.94,343,18.5,121.6,4.04,6.9,66.73,Afgekeurd
BR-0840,60.4,1.51,369,18.6,112.0,2.79,5.3,60.31,Afgekeurd
BR-0841,79.9,1.83,132,23.9,67.5,1.85,6.1,59.64,Afgekeurd
BR-0842,65.3,1.65,481,10.9,81.5,1.18,6.3,65.46,Afgekeurd
BR-0843,88.8,2.04,435,5.0,157.8,1.78,8.8,78.66,Standaard
BR-0844,64.5,1.68,422,10.4,113.9,2.19,6.1,59.48,Afgekeurd
BR-0845,72.4,1.8,429,9.4,107.2,3.9,6.8,69.7,Afgekeurd
BR-0846,62.6,1.53,473,18.2,44.9,2.93,7.7,70.49,Standaard
BR-0847,89.9,2.16,318,17.7,32.4,0.85,5.6,58.7,Afgekeurd
BR-0848,75.1,1.8,180,16.9,174.6,0.58,6.9,63.92,Afgekeurd
BR-0849,77.9,1.9,347,5.3,86.5,0.96,8.0,73.21,Standaard
BR-0850,62.0,1.56,397,19.6,120.5,2.35,8.5,69.21,Afgekeurd
BR-0851,82.5,1.91,395,11.5,42.0,4.7,7.5,76.68,Standaard
BR-0852,66.3,1.59,309,18.3,132.5,3.37,7.7,69.12,Afgekeurd
BR-0853,86.9,2.09,127,16.1,169.9,4.11,5.5,56.93,Afgekeurd
BR-0854,66.2,1.61,248,11.9,116.3,2.6,8.8,68.21,Afgekeurd
BR-0855,65.7,1.59,468,7.7,48.9,2.13,5.5,63.0,Afgekeurd
BR-0856,61.1,1.47,334,6.9,117.3,0.99,8.1,66.34,Afgekeurd
BR-0857,74.2,1.8,315,21.6,145.0,4.44,6.1,61.34,Afgekeurd
BR-0858,76.9,1.94,208,23.4,91.0,4.02,8.7,76.24,Standaard
BR-0859,62.0,1.49,247,18.0,162.0,1.26,7.9,66.39,Afgekeurd
BR-0860,83.3,1.97,458,7.1,127.3,2.81,8.0,79.62,Standaard
BR-0861,73.6,1.84,367,13.0,164.9,2.69,5.9,57.32,Afgekeurd
BR-0862,75.7,1.81,415,19.6,123.5,3.31,6.8,67.65,Afgekeurd
BR-0863,73.2,1.79,282,20.6,49.7,4.76,7.5,69.67,Afgekeurd
BR-0864,72.0,1.69,352,7.4,76.5,3.11,8.1,73.39,Standaard
BR-0865,76.8,1.86,199,5.0,60.3,2.93,5.4,58.91,Afgekeurd
BR-0866,64.7,1.58,382,19.2,166.3,0.73,8.8,71.09,Standaard
BR-0867,65.5,1.66,271,12.1,144.1,0.78,8.6,71.4,Standaard
BR-0868,85.9,2.08,277,10.1,131.5,1.34,6.1,60.82,Afgekeurd
BR-0869,88.4,2.2,360,5.3,75.1,0.65,8.3,81.8,Standaard
BR-0870,71.2,1.75,475,15.8,57.6,3.85,7.1,72.21,Standaard
BR-0871,68.1,1.68,126,22.0,143.5,3.75,6.8,60.66,Afgekeurd
BR-0872,79.3,1.9,430,24.2,101.1,1.11,6.3,67.84,Afgekeurd
BR-0873,72.3,1.73,217,16.3,63.9,4.26,7.3,72.51,Standaard
BR-0874,60.8,1.53,278,15.3,122.5,1.2,7.9,64.56,Afgekeurd
BR-0875,64.7,1.58,109,6.7,36.1,1.86,6.6,55.27,Afgekeurd
BR-0876,81.5,1.94,220,16.0,78.9,1.62,7.5,66.82,Afgekeurd
BR-0877,79.8,1.96,301,12.6,100.3,2.18,7.8,75.49,Standaard
BR-0878,60.8,1.47,122,17.1,52.2,1.65,7.8,64.34,Afgekeurd
BR-0879,66.7,1.69,296,12.8,177.7,2.7,5.2,55.35,Afgekeurd
BR-0880,66.9,1.7,471,9.8,61.4,2.33,8.4,74.45,Standaard
BR-0881,80.2,1.9,142,6.9,49.6,4.94,6.8,59.37,Afgekeurd
BR-0882,60.6,1.41,406,11.3,60.5,0.75,6.0,57.39,Afgekeurd
BR-0883,63.1,1.53,264,6.9,145.4,1.14,6.0,57.51,Afgekeurd
BR-0884,84.0,2.04,362,8.5,93.8,0.74,6.9,68.43,Afgekeurd
BR-0885,65.4,1.61,204,24.7,114.8,3.32,8.5,71.35,Standaard
BR-0886,79.6,1.84,164,13.9,33.2,0.75,6.5,56.49,Afgekeurd
BR-0887,67.1,1.62,164,15.6,35.2,4.26,8.0,68.31,Afgekeurd
BR-0888,63.0,1.6,128,22.5,96.9,2.8,5.4,52.42,Afgekeurd
BR-0889,67.3,1.67,174,24.9,152.5,2.87,6.9,59.54,Afgekeurd
BR-0890,81.7,1.92,366,16.7,162.8,3.03,9.0,75.31,Standaard
BR-0891,85.7,2.0,453,21.2,43.0,1.27,8.1,77.25,Standaard
BR-0892,84.9,1.98,426,11.5,110.8,1.39,5.8,66.47,Afgekeurd
BR-0893,71.9,1.69,374,11.1,167.0,1.93,7.0,63.85,Afgekeurd
BR-0894,80.0,1.98,144,13.1,88.2,3.17,5.9,59.65,Afgekeurd
BR-0895,66.1,1.61,216,18.5,154.4,1.45,6.6,58.75,Afgekeurd
BR-0896,68.8,1.74,224,18.6,50.1,1.02,8.1,66.9,Afgekeurd
BR-0897,86.9,2.11,200,11.3,170.3,4.87,8.1,76.67,Standaard
BR-0898,60.4,1.56,306,7.7,142.7,0.6,5.9,51.73,Afgekeurd
BR-0899,62.6,1.53,314,17.6,171.2,4.11,8.7,67.97,Afgekeurd
BR-0900,66.2,1.64,243,7.6,131.5,4.05,7.4,64.51,Afgekeurd
BR-0901,60.8,1.51,242,16.6,84.5,1.84,6.5,61.72,Afgekeurd
BR-0902,65.4,1.56,431,18.9,170.7,1.11,7.0,65.24,Afgekeurd
BR-0903,77.5,1.87,416,19.0,71.3,1.16,7.4,71.14,Standaard
BR-0904,72.6,1.69,223,20.1,79.8,3.64,7.2,70.19,Standaard
BR-0905,86.8,2.09,466,22.5,135.1,3.39,6.9,74.08,Standaard
BR-0906,84.5,1.97,481,15.0,144.8,4.02,7.0,74.38,Standaard
BR-0907,70.3,1.72,231,19.6,169.4,4.72,5.7,54.92,Afgekeurd
BR-0908,67.8,1.67,242,17.4,60.7,3.61,8.3,70.04,Standaard
BR-0909,71.4,1.71,302,8.7,149.7,1.2,7.2,66.86,Afgekeurd
BR-0910,77.7,1.88,476,5.5,140.8,1.6,5.5,62.39,Afgekeurd
BR-0911,68.0,1.64,451,10.7,39.6,4.29,8.1,77.51,Standaard
BR-0912,78.7,1.92,141,13.9,88.1,1.44,8.7,70.42,Standaard
BR-0913,72.3,1.68,257,17.3,72.4,0.83,8.8,75.22,Standaard
BR-0914,76.6,1.84,321,22.0,75.7,3.66,6.5,65.17,Afgekeurd
BR-0915,73.1,1.86,301,8.9,177.4,2.31,5.5,57.91,Afgekeurd
BR-0916,68.8,1.63,178,7.5,126.4,4.64,7.1,65.42,Afgekeurd
BR-0917,88.5,2.04,444,24.3,137.7,3.43,5.5,64.94,Afgekeurd
BR-0918,82.9,1.98,371,7.2,176.5,0.91,8.7,76.44,Standaard
BR-0919,64.2,1.59,435,14.6,86.6,4.77,5.7,54.44,Afgekeurd
BR-0920,86.1,2.04,444,16.7,150.3,1.66,6.0,64.59,Afgekeurd
BR-0921,74.6,1.82,399,15.8,95.2,2.02,6.6,65.59,Afgekeurd
BR-0922,86.8,2.07,276,6.7,160.4,2.31,6.5,62.83,Afgekeurd
BR-0923,84.0,2.04,344,6.1,57.1,0.73,8.2,75.17,Standaard
BR-0924,72.8,1.78,164,7.1,172.2,2.73,6.8,61.86,Afgekeurd
BR-0925,60.7,1.5,369,16.7,62.8,1.05,5.7,56.78,Afgekeurd
BR-0926,68.1,1.69,172,15.9,78.9,2.3,6.1,57.87,Afgekeurd
BR-0927,76.2,1.92,378,9.7,143.4,2.08,7.0,68.14,Afgekeurd
BR-0928,79.0,1.87,192,17.8,89.1,3.98,5.6,60.9,Afgekeurd
BR-0929,67.7,1.61,147,21.4,121.2,4.11,7.4,66.21,Afgekeurd
BR-0930,64.2,1.64,166,5.8,96.7,1.19,7.3,64.34,Afgekeurd
BR-0931,85.0,1.99,101,15.0,141.4,2.15,7.9,73.32,Standaard
BR-0932,89.5,1.98,387,18.8,64.2,2.18,8.8,80.22,Standaard
BR-0933,75.8,1.86,393,10.0,38.8,1.18,8.6,73.22,Standaard
BR-0934,65.2,1.58,306,11.2,75.0,4.09,8.8,70.98,Standaard
BR-0935,68.2,1.66,165,17.3,101.1,3.68,6.0,56.28,Afgekeurd
BR-0936,60.6,1.53,133,23.0,55.2,1.36,5.5,49.54,Afgekeurd
BR-0937,87.4,2.06,108,21.2,83.2,2.15,6.2,62.39,Afgekeurd
BR-0938,63.5,1.61,166,16.7,90.0,0.98,8.6,69.26,Afgekeurd
BR-0939,77.3,1.82,456,19.6,38.6,3.33,8.9,77.66,Standaard
BR-0940,68.2,1.69,197,12.3,117.5,1.05,8.4,70.21,Standaard
BR-0941,76.6,1.82,242,17.8,162.7,4.94,5.4,58.16,Afgekeurd
BR-0942,79.5,1.93,142,14.3,52.8,4.01,8.8,71.97,Standaard
BR-0943,84.9,2.03,189,8.8,119.7,2.26,6.7,64.24,Afgekeurd
BR-0944,66.2,1.58,308,19.0,129.7,3.1,5.0,54.98,Afgekeurd
BR-0945,60.3,1.56,343,16.1,92.9,4.6,6.8,60.6,Afgekeurd
BR-0946,64.1,1.56,198,12.2,135.2,2.99,5.2,55.91,Afgekeurd
BR-0947,87.0,2.08,123,23.2,91.6,1.29,7.2,66.45,Afgekeurd
BR-0948,86.2,2.04,256,5.4,105.7,2.2,6.4,64.85,Afgekeurd
BR-0949,77.9,1.95,194,11.3,31.1,4.29,6.9,64.96,Afgekeurd
BR-0950,78.0,1.85,188,6.1,133.8,3.4,7.5,70.81,Standaard
BR-0951,80.0,1.88,484,20.3,129.2,3.43,8.5,78.61,Standaard
BR-0952,65.3,1.6,347,19.0,35.8,4.4,7.6,70.4,Standaard
BR-0953,87.4,2.03,323,11.6,85.2,4.52,6.7,71.95,Standaard
BR-0954,72.6,1.79,266,18.5,176.9,4.64,8.3,68.79,Afgekeurd
BR-0955,71.5,1.65,272,12.9,93.1,0.93,8.6,71.21,Standaard
BR-0956,75.6,1.76,316,20.1,105.3,2.95,5.5,64.03,Afgekeurd
BR-0957,61.4,1.47,379,14.1,166.5,3.83,7.1,63.78,Afgekeurd
BR-0958,65.0,1.65,381,13.2,137.6,3.91,6.1,55.99,Afgekeurd
BR-0959,82.1,2.03,169,23.7,117.3,3.23,5.2,57.48,Afgekeurd
BR-0960,62.5,1.54,300,10.0,149.7,1.25,7.7,65.82,Afgekeurd
BR-0961,78.1,1.85,265,7.4,159.7,4.09,8.5,71.89,Standaard
BR-0962,67.4,1.65,448,16.7,98.5,3.74,5.7,61.01,Afgekeurd
BR-0963,71.7,1.79,353,24.4,101.3,0.89,8.2,73.78,Standaard
BR-0964,68.7,1.63,313,12.6,87.9,2.59,8.4,77.05,Standaard
BR-0965,70.7,1.73,146,6.2,175.0,1.28,8.7,66.8,Afgekeurd
BR-0966,81.6,1.98,342,11.8,134.6,2.02,6.1,66.36,Afgekeurd
BR-0967,68.9,1.7,147,15.1,42.5,0.58,8.6,70.18,Standaard
BR-0968,77.0,1.85,235,8.2,159.4,2.3,6.3,63.73,Afgekeurd
BR-0969,74.3,1.84,157,18.2,102.1,2.97,7.2,67.8,Afgekeurd
BR-0970,79.9,1.76,377,25.0,40.3,3.29,5.2,58.21,Afgekeurd
BR-0971,88.1,2.1,183,14.0,112.5,3.49,5.2,63.13,Afgekeurd
BR-0972,82.0,1.91,257,12.1,92.6,4.26,7.9,77.37,Standaard
BR-0973,66.4,1.54,458,13.0,161.7,1.47,6.8,64.29,Afgekeurd
BR-0974,60.9,1.54,182,7.3,60.6,1.04,6.0,55.89,Afgekeurd
BR-0975,67.9,1.73,303,22.7,154.0,4.33,5.8,59.08,Afgekeurd
BR-0976,77.9,1.85,268,13.3,113.7,1.2,7.7,73.39,Standaard
BR-0977,61.5,1.58,107,12.7,38.2,4.89,5.0,52.72,Afgekeurd
BR-0978,74.9,1.88,417,18.2,175.8,4.29,8.2,75.66,Standaard
BR-0979,77.9,1.92,128,13.8,106.9,2.75,5.3,53.65,Afgekeurd
BR-0980,70.0,1.78,290,18.0,73.6,4.92,5.8,57.79,Afgekeurd
BR-0981,83.1,2.0,324,6.2,100.4,0.94,6.5,68.42,Afgekeurd
BR-0982,63.2,1.57,351,21.3,158.7,1.86,6.9,60.99,Afgekeurd
BR-0983,62.3,1.46,375,23.8,75.7,3.37,6.4,60.47,Afgekeurd
BR-0984,81.8,1.92,201,18.0,58.9,2.08,6.3,60.3,Afgekeurd
BR-0985,74.9,1.76,104,24.1,49.4,4.68,8.9,73.4,Standaard
BR-0986,80.7,2.02,389,8.0,74.7,0.8,7.6,77.05,Standaard
BR-0987,73.0,1.75,314,14.5,147.0,2.97,5.1,58.52,Afgekeurd
BR-0988,67.4,1.65,434,17.0,100.7,3.16,6.7,67.15,Afgekeurd
BR-0989,84.6,2.02,429,16.6,64.1,3.44,8.5,79.28,Standaard
BR-0990,84.0,1.98,437,13.0,54.9,1.65,6.2,67.87,Afgekeurd
BR-0991,80.8,2.0,294,11.8,79.9,2.14,5.4,63.14,Afgekeurd
BR-0992,68.2,1.63,233,7.5,171.0,4.3,8.0,70.21,Standaard
BR-0993,77.7,1.86,417,12.8,81.5,1.38,7.4,74.35,Standaard
BR-0994,70.8,1.68,281,8.3,178.2,4.22,7.3,71.53,Standaard
BR-0995,62.7,1.49,173,19.7,102.8,3.03,5.2,52.35,Afgekeurd
BR-0996,87.5,2.02,442,9.2,56.9,3.93,5.6,62.58,Afgekeurd
BR-0997,64.1,1.58,453,6.2,163.7,3.71,7.5,68.32,Afgekeurd
BR-0998,88.5,2.05,287,16.0,99.1,1.43,5.8,60.58,Afgekeurd
BR-0999,73.4,1.73,130,16.9,136.5,3.06,7.0,61.37,Afgekeurd
