run_id,kolom_type,kolom_leeftijd_cycli,bedhoogte_cm,kolom_diameter_cm,feed_titer_gL,feed_volume_CV,feed_HCP_ppm,feed_DNA_ppm,feed_aggregaat_pct,load_snelheid_cmh,load_pH,load_conductiviteit_mScm,was_volume_CV,elutie_pH,elutie_conductiviteit_mScm,elutie_snelheid_cmh,temperatuur_C,DBC_gL,doorbraak_pct,drukval_bar,HETP_cm,UV_piekhoogte_mAU,UV_piekbreedte_CV,UV_asymmetrie,pool_volume_mL,pool_concentratie_gL,pool_HCP_ppm,pool_aggregaat_pct,stap_opbrengst_pct
CHROM-0000,ProteinA,27,15,2.6,6.78,14.7,300115.0,4544.0,10.2,328.0,7.0,14.4,8.6,3.51,3.6,243.0,3.4,30.3,50.0,1.45,0.0323,8280.0,1.82,1.09,0.1,602.27,1156.0,7.1,87.6
CHROM-0001,AEX,111,25,1.0,7.35,46.0,412670.0,7815.0,9.5,392.0,8.11,8.3,9.3,5.52,20.5,145.0,4.1,34.2,50.0,1.87,0.0398,8353.0,1.36,1.35,0.0,10382.06,35757.0,5.1,81.7
CHROM-0002,ProteinA,157,10,1.6,6.91,31.1,182393.0,8819.0,10.9,367.0,7.13,14.9,5.0,3.51,4.2,101.0,21.6,27.9,50.0,1.77,0.0413,7864.0,1.07,1.53,0.0,8137.16,490.0,7.9,81.6
CHROM-0003,ProteinA,114,15,1.6,2.46,25.3,439274.0,3893.0,2.8,342.0,6.94,14.5,4.4,3.57,2.6,125.0,14.5,33.2,50.0,1.62,0.034,2752.0,1.15,1.42,0.0,1478.03,2270.0,2.0,82.1
CHROM-0004,ProteinA,149,20,1.6,2.53,41.6,107275.0,3709.0,3.2,124.0,7.05,14.6,4.9,3.55,3.1,196.0,14.9,28.6,50.0,1.06,0.0425,3371.0,1.5,1.41,0.1,1656.54,270.0,2.2,94.8
CHROM-0005,CEX,21,25,1.0,2.3,32.8,76034.0,8030.0,14.5,261.0,5.0,5.0,9.5,6.99,26.4,201.0,15.2,35.2,50.0,1.31,0.028,2704.0,1.62,1.08,0.0,1975.92,2379.0,4.3,82.8
CHROM-0006,AEX,279,25,1.6,4.86,31.5,261225.0,4714.0,2.2,220.0,8.13,7.5,8.0,5.42,20.9,223.0,4.3,25.3,50.0,1.46,0.0583,5886.0,1.49,1.79,0.1,1764.45,24743.0,1.1,86.6
CHROM-0007,AEX,187,20,1.6,1.23,29.6,489069.0,2877.0,11.9,355.0,8.12,8.5,8.9,5.58,20.2,266.0,4.9,26.4,50.0,1.71,0.0519,1461.0,1.85,1.57,0.1,408.7,43505.0,6.3,83.2
CHROM-0008,AEX,236,10,1.0,3.71,27.4,447598.0,6553.0,2.8,359.0,7.99,8.4,5.7,5.52,21.5,282.0,21.3,26.1,50.0,1.84,0.0555,3748.0,1.94,1.66,0.0,4710.2,41538.0,1.7,70.6
CHROM-0009,ProteinA,295,15,1.6,0.75,37.8,182323.0,8436.0,3.4,230.0,7.16,15.3,4.3,3.51,3.6,195.0,3.3,24.1,50.0,1.53,0.0644,749.0,1.38,1.89,0.0,575.91,887.0,2.6,84.4
CHROM-0010,CEX,117,10,1.6,2.77,42.7,458401.0,4169.0,13.0,217.0,5.11,4.8,5.5,6.95,26.3,182.0,3.6,30.3,50.0,1.25,0.0455,3426.0,1.37,1.42,0.0,3679.85,16262.0,3.9,85.7
CHROM-0011,ProteinA,7,25,1.0,1.71,49.1,413021.0,3334.0,1.8,112.0,6.81,14.8,4.6,3.48,3.9,107.0,15.4,37.1,50.0,0.89,0.0322,2121.0,0.93,1.01,0.0,4141.28,1329.0,0.9,90.6
CHROM-0012,CEX,208,10,1.6,1.44,31.6,241037.0,3560.0,10.3,361.0,4.92,5.7,9.2,6.97,25.3,237.0,14.7,26.7,50.0,1.8,0.0493,1547.0,1.72,1.58,0.0,1057.23,18428.0,3.1,80.7
CHROM-0013,AEX,177,25,1.6,5.11,37.9,92495.0,7018.0,14.8,305.0,7.99,8.3,4.1,5.49,19.5,228.0,22.4,29.3,50.0,1.61,0.0496,5653.0,1.78,1.51,0.1,1713.85,8438.0,7.1,79.2
CHROM-0014,AEX,111,15,1.6,4.47,49.0,365401.0,7898.0,10.7,149.0,7.92,6.6,5.1,5.44,18.9,109.0,4.3,34.2,50.0,1.13,0.0405,5929.0,1.18,1.32,0.0,5796.72,59499.0,5.1,94.1
CHROM-0015,AEX,110,15,1.6,6.15,32.9,307348.0,2884.0,9.8,139.0,7.93,7.8,7.8,5.48,20.7,101.0,22.3,32.5,50.0,1.05,0.0399,7803.0,0.94,1.33,0.0,6462.03,53074.0,4.5,90.4
CHROM-0016,CEX,68,10,1.0,1.6,37.4,126127.0,4449.0,14.0,294.0,4.77,4.7,6.6,6.96,25.7,136.0,15.6,30.0,50.0,1.42,0.0388,1940.0,1.13,1.13,0.0,5744.95,1598.0,4.2,85.6
CHROM-0017,ProteinA,32,10,1.6,6.94,27.3,234230.0,715.0,6.4,271.0,6.95,15.1,9.9,3.53,5.2,249.0,14.9,33.2,50.0,1.29,0.031,7956.0,1.97,1.03,0.0,3941.18,627.0,4.5,82.4
CHROM-0018,CEX,277,25,1.6,3.27,39.0,170255.0,8247.0,8.8,226.0,5.0,4.8,8.7,7.0,23.7,294.0,21.4,25.7,50.0,1.4,0.0582,3901.0,2.08,1.91,0.1,1057.23,16402.0,2.4,86.5
CHROM-0019,ProteinA,88,25,2.6,0.61,9.2,190546.0,8496.0,14.5,329.0,6.83,15.0,4.2,3.52,5.1,253.0,4.5,30.3,50.0,1.6,0.0361,603.0,1.67,1.21,0.2,21.03,501.0,10.0,82.3
CHROM-0020,AEX,205,15,2.6,5.02,22.6,476914.0,2409.0,6.7,190.0,8.16,6.8,3.6,5.61,21.0,239.0,22.1,24.4,50.0,1.19,0.0544,5888.0,1.63,1.63,0.1,731.35,68829.0,2.8,83.6
CHROM-0021,CEX,292,15,1.6,2.26,43.6,144891.0,5071.0,14.3,149.0,4.89,5.9,8.3,7.05,24.7,270.0,21.8,22.7,50.0,1.26,0.0569,2668.0,2.06,1.81,0.1,1423.7,6646.0,3.9,89.9
CHROM-0022,CEX,29,25,2.6,3.14,14.7,72372.0,7243.0,11.6,381.0,4.89,5.1,7.8,6.92,24.7,247.0,21.7,32.7,50.0,1.7,0.0352,3763.0,1.75,1.06,0.2,172.28,2519.0,3.5,86.6
CHROM-0023,AEX,20,20,1.0,2.32,21.4,301591.0,9518.0,2.3,102.0,7.95,8.3,4.8,5.51,19.9,222.0,21.7,32.4,50.0,0.86,0.0343,3057.0,1.74,1.0,0.0,1698.23,26977.0,1.2,93.8
CHROM-0024,AEX,193,25,1.6,3.63,14.4,177596.0,2047.0,14.3,190.0,8.0,7.9,8.2,5.51,18.1,118.0,15.0,29.4,50.0,1.3,0.0527,4529.0,0.89,1.65,0.0,1063.7,25990.0,7.4,90.7
CHROM-0025,ProteinA,277,10,1.0,7.45,12.8,137834.0,2197.0,4.3,254.0,6.97,14.8,5.4,3.49,4.3,205.0,21.3,24.3,50.0,1.55,0.0592,8703.0,1.67,1.86,0.0,6113.96,208.0,3.0,84.0
CHROM-0026,AEX,268,25,2.6,5.24,33.9,416687.0,3731.0,5.1,187.0,8.03,8.3,6.8,5.55,17.5,182.0,22.6,27.8,50.0,1.36,0.0504,5858.0,1.37,1.76,0.2,768.9,38170.0,2.1,78.9
CHROM-0027,ProteinA,180,15,1.0,7.47,15.3,338591.0,4922.0,5.1,117.0,6.94,15.3,6.2,3.42,4.8,282.0,4.1,25.5,50.0,1.14,0.0497,9278.0,1.86,1.49,0.0,4628.71,1612.0,3.5,88.7
CHROM-0028,CEX,94,15,1.6,7.81,34.1,416506.0,6523.0,6.5,174.0,4.93,4.7,7.1,6.98,24.4,244.0,22.7,29.6,50.0,1.07,0.0424,9562.0,1.76,1.31,0.1,4407.83,12058.0,1.8,87.9
CHROM-0029,CEX,118,15,2.6,1.91,43.8,480310.0,1622.0,6.7,375.0,5.1,5.2,8.6,7.02,24.1,234.0,3.9,31.8,50.0,1.7,0.0379,2073.0,1.68,1.38,0.1,484.54,19598.0,2.1,77.7
CHROM-0030,AEX,39,15,1.6,3.35,33.5,131893.0,2298.0,13.3,145.0,8.04,8.1,3.9,5.45,20.1,175.0,14.4,30.5,50.0,0.95,0.0284,4273.0,1.47,1.07,0.0,2316.47,17060.0,6.6,91.6
CHROM-0031,ProteinA,12,10,2.6,2.62,34.8,442010.0,629.0,10.8,123.0,6.87,14.0,6.1,3.56,5.4,263.0,15.5,34.8,50.0,0.9,0.032,3324.0,1.74,1.01,0.1,907.63,2482.0,7.4,91.9
CHROM-0032,AEX,286,25,1.0,7.49,31.1,344580.0,4519.0,6.4,271.0,7.88,8.8,3.6,5.42,19.8,198.0,15.1,22.5,50.0,1.6,0.0622,8965.0,1.47,1.73,0.0,6916.43,13962.0,3.0,85.8
CHROM-0033,ProteinA,232,25,2.6,1.77,7.2,384370.0,4439.0,12.7,146.0,6.97,15.5,3.5,3.39,4.8,189.0,3.3,28.3,50.0,1.21,0.0526,2122.0,1.4,1.8,0.2,58.57,757.0,8.8,85.2
CHROM-0034,CEX,243,10,1.0,3.55,31.0,474984.0,9756.0,5.4,141.0,5.08,4.7,8.1,6.9,24.7,238.0,21.9,25.4,50.0,1.14,0.0505,4375.0,1.64,1.71,0.0,7464.82,9296.0,1.6,87.3
CHROM-0035,ProteinA,147,25,2.6,6.18,17.7,449377.0,7435.0,10.4,212.0,7.06,15.7,3.8,3.52,5.3,106.0,21.8,28.1,50.0,1.33,0.0482,7083.0,1.08,1.48,0.1,625.99,786.0,6.9,82.1
CHROM-0036,ProteinA,161,15,2.6,6.95,34.7,321304.0,2101.0,11.0,291.0,7.12,14.0,8.6,3.6,4.8,158.0,15.3,31.2,50.0,1.57,0.0483,8576.0,1.4,1.45,0.1,1916.81,579.0,7.5,88.7
CHROM-0037,CEX,65,15,1.0,3.73,41.7,310631.0,6450.0,10.5,272.0,5.08,4.7,4.8,7.07,25.6,115.0,13.9,32.1,50.0,1.3,0.0339,4417.0,1.12,1.17,0.0,9901.37,7608.0,3.0,83.8
CHROM-0038,ProteinA,96,10,1.0,5.7,22.0,375078.0,1976.0,14.1,112.0,7.19,15.1,8.4,3.44,5.9,282.0,3.1,32.0,50.0,0.92,0.0414,7798.0,2.05,1.27,0.0,7602.14,628.0,10.0,97.9
CHROM-0039,CEX,203,25,1.6,5.45,38.1,295511.0,1200.0,2.9,145.0,4.85,5.4,9.1,7.03,25.1,232.0,14.7,28.0,50.0,1.12,0.051,6769.0,1.65,1.59,0.1,2228.57,7573.0,0.9,89.4
CHROM-0040,AEX,104,25,2.6,1.17,30.8,51371.0,7553.0,13.7,241.0,7.8,8.3,5.6,5.55,20.4,218.0,15.1,33.0,50.0,1.36,0.0375,1394.0,1.67,1.33,0.2,136.41,4257.0,7.0,84.1
CHROM-0041,AEX,172,10,1.6,5.31,31.8,91860.0,1530.0,1.6,279.0,7.95,7.9,9.6,5.38,17.1,195.0,14.1,29.4,50.0,1.44,0.0515,6083.0,1.47,1.5,0.0,4652.93,4794.0,0.5,81.4
CHROM-0042,AEX,72,10,2.6,3.62,26.7,302551.0,3531.0,9.8,324.0,7.99,8.1,7.0,5.58,19.2,284.0,4.3,33.7,50.0,1.54,0.0414,4305.0,2.08,1.15,0.1,742.18,124017.0,5.0,85.0
CHROM-0043,CEX,299,15,1.0,7.72,16.1,451449.0,3828.0,3.1,362.0,4.94,5.7,9.4,7.04,26.2,176.0,4.7,24.8,50.0,1.93,0.0641,8160.0,1.41,1.83,0.0,5642.94,12582.0,1.1,75.2
CHROM-0044,CEX,292,15,2.6,5.87,41.2,491742.0,4966.0,3.3,277.0,5.05,3.8,4.3,7.08,25.8,247.0,15.3,23.9,50.0,1.69,0.0576,7085.0,1.82,1.87,0.1,1421.62,9032.0,1.3,85.4
CHROM-0045,ProteinA,3,10,1.0,2.52,42.5,471334.0,8376.0,7.2,105.0,6.89,14.4,9.7,3.53,4.9,207.0,4.1,36.8,50.0,0.88,0.0266,3162.0,1.51,0.98,0.0,8209.35,1310.0,4.9,90.7
CHROM-0046,ProteinA,246,20,2.6,1.99,46.7,265926.0,2489.0,14.7,131.0,7.03,14.2,5.2,3.53,5.3,251.0,15.0,26.3,50.0,1.21,0.0523,2466.0,1.85,1.64,0.2,412.52,1655.0,10.0,86.9
CHROM-0047,AEX,153,20,1.0,6.13,26.0,454406.0,5021.0,9.7,375.0,7.93,8.5,7.9,5.37,19.6,158.0,21.7,32.9,50.0,1.84,0.044,7597.0,1.39,1.46,0.0,6434.45,65770.0,5.3,87.8
CHROM-0048,CEX,94,15,2.6,5.27,23.6,255952.0,2470.0,13.8,257.0,5.14,5.2,5.2,7.01,24.3,116.0,15.5,30.9,50.0,1.38,0.0357,6046.0,1.06,1.27,0.1,1211.48,8364.0,4.4,81.7
CHROM-0049,AEX,220,25,2.6,1.37,43.6,74152.0,4460.0,2.1,378.0,8.2,8.9,5.1,5.49,20.4,272.0,15.4,28.9,50.0,1.91,0.0575,1527.0,1.76,1.61,0.2,197.91,5356.0,1.0,77.3
CHROM-0050,ProteinA,193,25,1.0,3.84,5.7,389883.0,2336.0,4.8,142.0,7.0,15.0,6.6,3.5,5.4,294.0,14.9,30.8,50.0,1.15,0.0512,4570.0,1.94,1.53,0.0,493.82,751.0,2.9,86.2
CHROM-0051,ProteinA,111,20,2.6,4.54,25.7,353832.0,2034.0,4.7,324.0,6.93,14.7,9.4,3.56,5.2,173.0,14.2,30.8,50.0,1.57,0.0427,5333.0,1.38,1.38,0.1,673.49,1599.0,3.5,84.8
CHROM-0052,AEX,257,25,1.0,5.21,25.4,263692.0,5476.0,1.1,120.0,7.83,8.0,8.5,5.51,20.7,157.0,14.8,26.3,50.0,1.09,0.0538,6478.0,1.26,1.76,0.0,4810.36,67139.0,1.0,89.8
CHROM-0053,CEX,158,25,1.0,7.85,24.6,112136.0,1249.0,6.9,153.0,5.04,5.1,8.1,6.99,24.7,203.0,4.2,28.3,50.0,1.17,0.0512,10230.0,1.55,1.5,0.0,5959.3,4273.0,1.9,93.9
CHROM-0054,ProteinA,249,15,1.6,2.69,5.2,164947.0,9682.0,7.4,386.0,6.95,15.4,4.9,3.53,6.2,175.0,3.4,26.4,50.0,1.83,0.057,2778.0,1.23,1.72,0.0,274.28,949.0,5.6,72.8
CHROM-0055,ProteinA,168,10,1.6,6.38,30.7,337556.0,2363.0,6.6,280.0,6.99,14.3,4.7,3.51,7.3,136.0,22.1,30.0,50.0,1.59,0.045,7051.0,1.2,1.49,0.0,6406.02,831.0,4.3,78.8
CHROM-0056,CEX,214,20,1.6,1.58,49.7,62903.0,7791.0,9.7,188.0,4.95,5.1,9.3,7.03,24.7,203.0,15.4,25.2,50.0,1.26,0.0538,1911.0,1.49,1.67,0.1,1129.92,624.0,3.5,85.8
CHROM-0057,ProteinA,165,20,2.6,6.54,13.5,139372.0,5552.0,6.9,381.0,7.02,15.2,9.4,3.49,6.5,225.0,21.8,29.4,50.0,1.78,0.046,7061.0,1.75,1.51,0.2,367.75,825.0,5.0,77.8
CHROM-0058,ProteinA,150,20,1.0,3.32,18.6,308654.0,7300.0,9.2,380.0,6.93,15.4,8.7,3.49,4.6,228.0,4.2,35.9,50.0,1.84,0.0476,3877.0,1.65,1.49,0.0,1989.21,1531.0,6.1,83.5
CHROM-0059,ProteinA,142,20,1.0,6.56,18.7,228488.0,3536.0,8.1,211.0,6.99,15.3,6.1,3.59,4.5,237.0,4.0,26.5,50.0,1.34,0.0448,8022.0,1.61,1.54,0.0,4198.28,1172.0,6.0,86.4
CHROM-0060,AEX,194,25,1.0,4.02,7.2,163679.0,3254.0,1.6,228.0,7.91,7.4,7.4,5.49,20.2,124.0,4.1,29.4,50.0,1.36,0.0432,4752.0,0.87,1.63,0.0,1426.15,13807.0,0.9,84.3
CHROM-0061,ProteinA,51,20,1.0,7.95,30.1,278126.0,3131.0,12.4,224.0,7.2,14.3,5.0,3.49,4.6,203.0,22.4,32.3,50.0,1.22,0.0373,10313.0,1.72,1.18,0.0,8268.01,741.0,8.2,93.6
CHROM-0062,ProteinA,230,25,1.6,5.85,43.9,250474.0,5104.0,11.3,102.0,7.04,15.0,9.5,3.47,5.4,223.0,15.2,25.6,50.0,1.02,0.0513,7602.0,1.74,1.73,0.1,2734.03,518.0,8.2,93.2
CHROM-0063,ProteinA,95,20,1.6,3.11,13.3,441237.0,1456.0,1.1,186.0,6.88,15.1,7.7,3.45,3.9,234.0,14.4,31.3,50.0,1.13,0.0414,3714.0,1.75,1.32,0.1,488.64,1052.0,0.9,83.1
CHROM-0064,CEX,279,10,1.6,1.85,36.9,101389.0,8611.0,6.2,263.0,5.0,5.4,7.1,6.92,25.9,157.0,3.2,27.8,50.0,1.57,0.057,2153.0,1.4,1.85,0.0,2017.11,2607.0,1.9,83.4
CHROM-0065,ProteinA,261,20,1.0,2.49,13.9,473391.0,7891.0,4.7,277.0,7.01,15.4,3.4,3.45,6.1,109.0,15.2,23.8,50.0,1.58,0.0543,2886.0,0.93,1.86,0.0,1949.12,826.0,3.0,82.2
CHROM-0066,ProteinA,279,10,2.6,2.78,35.1,439475.0,2171.0,8.6,105.0,6.95,14.9,6.4,3.56,4.9,149.0,4.2,26.4,50.0,1.18,0.0543,3330.0,1.01,1.85,0.1,1543.39,1396.0,6.0,85.0
CHROM-0067,ProteinA,114,20,1.0,6.49,27.1,359627.0,7278.0,14.4,307.0,7.05,14.9,5.4,3.52,3.6,166.0,22.1,30.2,50.0,1.54,0.0364,7222.0,1.35,1.38,0.0,6513.5,1465.0,9.7,78.4
CHROM-0068,CEX,118,25,1.6,6.89,30.0,463105.0,3873.0,5.0,399.0,4.96,5.0,6.4,6.91,24.8,155.0,14.9,31.5,50.0,1.85,0.0389,7690.0,1.25,1.43,0.1,2610.83,6560.0,1.6,79.7
CHROM-0069,CEX,157,20,1.6,6.06,27.3,375685.0,8150.0,3.3,358.0,4.91,5.2,4.8,7.02,25.8,134.0,15.1,28.3,50.0,1.84,0.0486,7529.0,1.06,1.46,0.0,3418.32,22411.0,1.2,88.6
CHROM-0070,AEX,173,20,2.6,6.37,36.0,433818.0,9081.0,6.1,136.0,7.98,7.5,6.7,5.52,19.9,236.0,22.8,28.6,50.0,1.04,0.0517,8223.0,1.74,1.46,0.2,1143.45,51576.0,2.6,92.0
CHROM-0071,ProteinA,87,15,1.0,1.18,9.6,143541.0,991.0,5.2,279.0,7.03,14.6,7.4,3.5,4.7,227.0,4.1,32.4,50.0,1.39,0.0407,1575.0,1.84,1.36,0.0,461.25,263.0,3.5,87.6
CHROM-0072,CEX,61,15,1.0,5.07,38.3,299499.0,7732.0,4.5,384.0,5.04,5.0,9.1,7.01,24.6,108.0,14.4,33.1,50.0,1.73,0.0409,5360.0,0.97,1.22,0.0,12785.34,7977.0,0.6,75.7
CHROM-0073,AEX,47,15,1.6,4.0,41.3,289133.0,4441.0,13.1,237.0,7.96,7.6,7.7,5.56,20.1,230.0,22.6,30.7,50.0,1.3,0.0354,5014.0,1.78,1.05,0.1,2732.45,32840.0,6.2,88.8
CHROM-0074,ProteinA,263,20,2.6,6.12,43.8,175183.0,1224.0,9.4,363.0,6.95,14.9,5.3,3.55,4.6,295.0,3.3,27.4,50.0,1.78,0.0615,6812.0,1.93,1.69,0.2,1037.44,355.0,7.1,79.4
CHROM-0075,CEX,73,15,2.6,5.3,6.4,392103.0,5856.0,5.2,202.0,4.9,4.3,9.9,6.98,25.1,124.0,4.0,31.0,50.0,1.09,0.0367,6674.0,1.08,1.15,0.1,356.41,27912.0,1.7,89.8
CHROM-0076,CEX,83,25,2.6,1.63,44.0,104208.0,8081.0,11.7,183.0,4.96,5.7,7.4,7.06,23.2,124.0,15.6,30.0,50.0,1.1,0.0355,2124.0,1.12,1.21,0.1,431.55,3625.0,3.3,89.1
CHROM-0077,AEX,213,25,1.0,7.32,5.8,120838.0,7245.0,1.2,154.0,7.99,8.3,4.9,5.55,19.3,290.0,4.3,31.9,50.0,1.17,0.0545,8564.0,1.98,1.69,0.0,908.98,11098.0,1.2,83.6
CHROM-0078,AEX,88,15,1.0,6.7,47.4,436686.0,1937.0,8.2,177.0,8.06,8.3,3.5,5.49,19.7,154.0,23.0,32.8,50.0,1.14,0.0354,7953.0,1.29,1.21,0.0,17898.79,70420.0,4.4,85.5
CHROM-0079,AEX,82,25,1.6,1.19,35.8,131960.0,1015.0,3.0,308.0,8.14,7.8,4.2,5.49,20.3,239.0,15.7,30.1,50.0,1.5,0.0391,1378.0,1.77,1.27,0.1,394.01,14783.0,1.7,82.6
CHROM-0080,AEX,291,25,2.6,6.64,31.4,192707.0,9800.0,8.9,176.0,8.09,8.5,5.0,5.5,20.2,208.0,22.1,27.3,50.0,1.38,0.0579,8425.0,1.48,1.9,0.2,962.22,31650.0,4.5,90.7
CHROM-0081,CEX,223,10,1.0,0.77,21.3,360268.0,2129.0,7.4,180.0,4.8,5.3,7.1,6.95,25.3,128.0,21.8,25.9,50.0,1.27,0.0498,970.0,1.31,1.71,0.0,1429.99,13990.0,2.4,89.9
CHROM-0082,CEX,106,25,2.6,3.28,28.2,468296.0,9040.0,11.1,218.0,4.96,5.5,3.2,6.98,22.2,244.0,15.5,29.4,50.0,1.19,0.0388,3766.0,1.81,1.3,0.2,312.74,12436.0,3.1,81.5
CHROM-0083,CEX,62,10,2.6,6.35,36.0,161408.0,7107.0,3.8,397.0,5.01,5.1,3.6,7.0,25.5,281.0,4.3,32.9,50.0,1.65,0.038,6764.0,1.9,1.29,0.1,1733.44,4073.0,0.7,76.2
CHROM-0084,CEX,291,25,1.6,5.4,28.8,89253.0,5107.0,3.6,203.0,5.11,4.6,7.2,7.05,25.6,189.0,3.7,24.3,50.0,1.33,0.0552,6159.0,1.55,1.92,0.1,1627.31,3445.0,1.1,81.4
CHROM-0085,ProteinA,189,20,1.0,4.97,21.0,269304.0,2104.0,8.4,122.0,7.01,15.2,7.1,3.54,3.8,260.0,14.4,31.9,50.0,0.99,0.0522,6160.0,1.85,1.55,0.0,3187.3,416.0,5.6,89.0
CHROM-0086,CEX,106,15,1.6,2.23,37.3,261234.0,8419.0,12.2,333.0,5.06,5.7,9.1,7.02,24.8,247.0,14.7,30.2,50.0,1.53,0.0393,2549.0,1.81,1.34,0.1,1262.86,16521.0,3.8,82.6
CHROM-0087,AEX,109,25,1.6,3.4,8.0,482804.0,8213.0,2.6,394.0,8.04,7.7,7.0,5.48,22.0,293.0,22.2,37.2,50.0,1.75,0.0441,3670.0,2.04,1.38,0.1,208.5,52124.0,1.0,78.3
CHROM-0088,AEX,264,20,1.0,5.58,22.0,270275.0,1720.0,5.0,169.0,8.05,8.6,6.0,5.49,19.6,291.0,4.4,26.3,50.0,1.28,0.0578,6873.0,2.22,1.8,0.0,3089.95,21477.0,2.4,87.8
CHROM-0089,ProteinA,83,25,1.6,4.47,8.2,422451.0,3297.0,2.6,147.0,7.18,15.0,3.9,3.47,4.2,132.0,3.3,32.9,50.0,1.04,0.0358,5910.0,1.11,1.28,0.1,625.59,1932.0,1.9,95.1
CHROM-0090,ProteinA,77,25,1.0,3.66,48.1,79855.0,2658.0,13.4,325.0,7.09,15.3,8.4,3.5,6.7,268.0,3.9,31.4,50.0,1.51,0.0359,4246.0,1.75,1.19,0.0,4224.98,207.0,9.7,82.4
CHROM-0091,CEX,182,25,2.6,3.48,24.1,105006.0,2927.0,6.5,233.0,4.98,5.2,9.7,7.05,24.9,292.0,15.5,26.1,50.0,1.42,0.0502,4382.0,2.03,1.52,0.3,277.17,3918.0,2.1,89.1
CHROM-0092,CEX,6,20,1.6,5.56,22.5,392183.0,7680.0,11.2,211.0,5.11,5.2,7.6,7.0,24.1,169.0,3.8,33.9,50.0,1.15,0.0284,7230.0,1.41,1.0,0.1,2046.61,28714.0,3.1,93.1
CHROM-0093,ProteinA,183,15,1.0,7.18,36.7,476388.0,7587.0,14.7,354.0,6.93,15.3,9.4,3.56,6.4,283.0,14.6,26.6,50.0,1.63,0.0454,7623.0,2.04,1.62,0.0,8394.48,2968.0,10.0,76.7
CHROM-0094,AEX,59,25,2.6,2.07,20.8,133145.0,187.0,12.5,134.0,7.88,8.2,3.9,5.46,21.3,259.0,14.9,30.6,50.0,0.97,0.0365,2559.0,1.89,1.26,0.3,154.25,17479.0,6.0,89.8
CHROM-0095,ProteinA,161,10,1.6,6.65,45.2,103994.0,451.0,11.9,265.0,7.14,15.3,8.7,3.5,5.7,164.0,15.1,31.0,50.0,1.54,0.047,7353.0,1.29,1.49,0.0,9215.7,769.0,8.1,79.2
CHROM-0096,CEX,52,15,2.6,7.07,29.8,73812.0,4571.0,2.7,303.0,5.1,4.5,6.0,6.96,22.7,286.0,4.3,33.6,50.0,1.45,0.0342,8958.0,1.99,1.19,0.2,1193.43,1248.0,0.5,89.9
CHROM-0097,CEX,283,20,2.6,5.37,26.3,428573.0,7193.0,8.2,389.0,5.06,5.3,4.8,7.05,27.0,186.0,4.1,29.4,50.0,1.91,0.0605,5625.0,1.36,1.84,0.1,730.56,15867.0,2.2,74.6
CHROM-0098,AEX,91,15,2.6,6.49,45.9,123300.0,7362.0,14.7,275.0,7.94,8.0,4.9,5.51,19.8,134.0,15.8,31.0,50.0,1.5,0.0343,6782.0,1.33,1.24,0.1,2094.83,13177.0,7.2,74.6
CHROM-0099,AEX,31,10,1.0,6.69,5.9,424670.0,760.0,7.3,281.0,8.0,8.0,4.6,5.53,19.0,182.0,4.5,35.9,50.0,1.39,0.0355,7625.0,1.37,1.16,0.0,3002.67,73945.0,3.8,81.3
CHROM-0100,AEX,282,15,1.6,7.65,19.8,445604.0,9919.0,13.6,122.0,8.23,7.4,7.2,5.51,20.1,289.0,3.9,24.2,50.0,1.14,0.0594,9519.0,1.8,1.83,0.1,2481.09,50974.0,6.8,88.6
CHROM-0101,CEX,34,20,2.6,6.03,36.3,348205.0,9604.0,9.7,354.0,4.86,4.4,7.8,6.99,24.1,153.0,22.6,33.9,50.0,1.6,0.0307,7092.0,1.37,1.19,0.1,1260.8,19556.0,3.0,84.1
CHROM-0102,ProteinA,275,20,1.0,5.46,9.4,165629.0,5782.0,2.1,245.0,7.05,14.6,9.6,3.49,4.3,213.0,3.6,24.2,50.0,1.54,0.0553,6849.0,1.59,1.92,0.0,1836.65,433.0,1.7,89.3
CHROM-0103,ProteinA,43,10,1.0,6.9,13.3,475035.0,4244.0,2.5,197.0,6.9,15.1,6.1,3.52,4.3,233.0,22.1,31.7,50.0,1.07,0.034,8846.0,1.8,1.14,0.0,5918.11,918.0,1.9,91.2
CHROM-0104,AEX,233,25,1.0,7.63,36.7,70557.0,5243.0,8.1,157.0,8.06,8.6,4.6,5.48,18.8,191.0,4.1,21.8,50.0,1.15,0.0507,9544.0,1.43,1.69,0.0,8912.35,2959.0,3.7,89.2
CHROM-0105,CEX,100,20,1.6,5.17,37.5,106552.0,7165.0,14.4,110.0,4.84,4.1,9.0,7.08,25.0,114.0,22.5,33.0,50.0,0.97,0.04,7047.0,0.96,1.27,0.0,4902.77,7452.0,4.4,97.6
CHROM-0106,AEX,158,10,1.0,1.89,20.1,177622.0,8603.0,9.3,259.0,7.99,8.4,6.5,5.53,19.5,287.0,4.2,30.0,50.0,1.5,0.0514,2406.0,1.97,1.39,0.0,2161.61,9554.0,4.4,88.5
CHROM-0107,AEX,13,15,1.6,0.56,21.6,87400.0,9780.0,1.1,221.0,8.02,8.0,4.3,5.45,19.0,249.0,21.9,38.3,50.0,1.27,0.0315,702.0,1.7,1.11,0.1,216.91,10594.0,0.9,91.8
CHROM-0108,ProteinA,104,15,1.0,3.43,42.2,364858.0,6432.0,3.2,191.0,7.04,14.9,4.4,3.47,5.7,124.0,15.5,26.1,50.0,1.17,0.0388,4126.0,1.17,1.34,0.0,8936.35,1388.0,2.4,84.8
CHROM-0109,ProteinA,217,10,2.6,6.92,18.9,393111.0,5335.0,6.2,283.0,7.03,15.5,8.8,3.45,4.3,138.0,15.3,26.7,50.0,1.5,0.058,7710.0,1.11,1.7,0.1,1768.53,1178.0,3.9,79.4
CHROM-0110,AEX,77,10,1.0,2.12,31.1,289793.0,1091.0,2.3,220.0,8.03,7.8,3.6,5.57,19.5,263.0,4.8,32.3,50.0,1.15,0.0344,2481.0,1.89,1.23,0.0,3736.28,28905.0,0.4,83.9
CHROM-0111,AEX,139,25,1.0,2.93,19.0,71775.0,674.0,13.2,188.0,8.03,7.8,4.3,5.55,19.4,121.0,3.7,24.3,50.0,1.12,0.0439,3508.0,1.07,1.38,0.0,2259.72,7497.0,6.7,85.5
CHROM-0112,AEX,110,20,1.0,3.05,25.7,447956.0,3929.0,2.7,377.0,7.95,8.3,8.8,5.46,19.4,198.0,22.6,29.8,50.0,1.8,0.0423,3414.0,1.37,1.28,0.0,2938.69,30692.0,1.1,80.6
CHROM-0113,CEX,199,20,1.6,1.97,12.3,196249.0,2872.0,6.9,116.0,5.12,4.4,4.0,6.98,25.6,120.0,14.3,25.9,50.0,1.08,0.049,2548.0,1.11,1.58,0.0,496.83,3761.0,2.3,91.7
CHROM-0114,AEX,287,20,1.0,1.26,22.3,430170.0,7294.0,3.3,357.0,8.02,8.2,4.5,5.53,19.5,182.0,3.3,21.5,50.0,1.86,0.0651,1299.0,1.34,1.88,0.0,1030.39,32525.0,1.3,77.2
CHROM-0115,CEX,19,15,2.6,3.84,15.9,404776.0,1242.0,13.2,118.0,5.06,5.5,8.5,7.04,25.3,209.0,21.6,34.7,50.0,0.79,0.0326,5040.0,1.59,1.12,0.1,450.17,10686.0,4.3,93.3
CHROM-0116,CEX,48,15,2.6,5.77,29.2,59284.0,6544.0,11.2,130.0,5.09,4.0,8.6,7.01,27.6,110.0,22.2,32.5,50.0,0.96,0.0321,7919.0,0.97,1.14,0.1,2127.93,586.0,3.1,97.4
CHROM-0117,AEX,88,20,2.6,6.23,41.8,65521.0,2675.0,6.2,194.0,7.89,9.0,8.2,5.47,18.8,271.0,5.4,33.2,50.0,1.3,0.0386,8081.0,1.69,1.23,0.2,1347.04,2171.0,2.9,93.0
CHROM-0118,ProteinA,217,15,2.6,4.83,48.8,97935.0,5841.0,3.4,348.0,7.0,15.5,5.8,3.51,5.5,242.0,21.5,32.6,50.0,1.75,0.051,5108.0,1.71,1.63,0.1,1313.67,154.0,2.6,76.2
CHROM-0119,ProteinA,242,10,1.0,2.66,30.9,306310.0,6947.0,7.1,118.0,7.04,15.2,5.9,3.5,4.8,260.0,4.1,25.6,50.0,1.13,0.0549,3297.0,1.77,1.67,0.0,5346.4,1299.0,4.7,90.6
CHROM-0120,AEX,209,25,1.6,6.76,18.6,100277.0,7479.0,10.2,248.0,8.03,8.2,6.3,5.49,21.1,127.0,4.3,27.2,50.0,1.42,0.0493,8351.0,1.12,1.59,0.1,1952.42,8250.0,5.3,87.6
CHROM-0121,ProteinA,91,15,1.0,2.42,46.4,75560.0,2211.0,9.2,364.0,6.93,14.9,5.1,3.49,4.4,219.0,4.3,30.4,50.0,1.64,0.0341,2695.0,1.64,1.23,0.0,4598.98,226.0,6.4,79.2
CHROM-0122,ProteinA,175,25,1.0,1.85,49.9,474570.0,6742.0,10.6,114.0,7.03,15.0,9.2,3.54,4.0,265.0,3.9,27.3,50.0,0.97,0.0482,2452.0,1.82,1.51,0.0,2392.42,1416.0,6.7,92.6
CHROM-0123,ProteinA,287,20,1.0,5.99,17.1,99936.0,4407.0,8.0,274.0,7.07,15.1,8.8,3.46,6.2,167.0,14.4,26.3,50.0,1.69,0.0588,7072.0,1.45,1.82,0.0,3759.5,207.0,5.7,83.9
CHROM-0124,ProteinA,184,25,1.6,2.77,13.8,164302.0,7125.0,12.8,151.0,6.97,15.3,9.6,3.51,6.3,135.0,20.8,25.5,50.0,1.05,0.0508,3576.0,1.02,1.51,0.1,687.42,328.0,9.2,92.4
CHROM-0125,CEX,241,10,1.0,7.64,21.4,182232.0,5974.0,3.8,244.0,4.91,4.7,7.7,6.98,25.1,283.0,20.9,28.6,50.0,1.48,0.0525,9199.0,1.79,1.84,0.0,10070.44,6606.0,1.6,86.4
CHROM-0126,CEX,87,20,1.6,1.82,43.6,147730.0,6301.0,2.4,190.0,4.96,5.1,8.5,6.97,26.6,233.0,4.0,32.0,50.0,1.08,0.0398,2214.0,1.64,1.24,0.1,1067.68,5863.0,0.4,88.7
CHROM-0127,CEX,243,10,2.6,1.87,20.4,116287.0,9931.0,13.8,228.0,4.99,5.7,4.8,7.01,23.7,228.0,4.0,25.1,50.0,1.52,0.0539,2296.0,1.5,1.71,0.1,424.37,3805.0,3.8,88.5
CHROM-0128,CEX,1,25,1.6,2.61,33.2,177329.0,7101.0,2.8,368.0,5.0,5.0,6.5,7.0,26.1,232.0,22.5,31.7,50.0,1.65,0.0296,2841.0,1.75,1.02,0.1,768.61,8835.0,0.5,78.2
CHROM-0129,CEX,94,25,1.6,4.5,37.6,237694.0,8514.0,10.0,164.0,5.0,5.3,3.4,7.0,25.7,137.0,4.0,32.7,50.0,1.1,0.0351,5323.0,1.26,1.2,0.1,2292.96,12150.0,3.6,85.7
CHROM-0130,ProteinA,228,10,1.6,2.75,17.0,227664.0,9160.0,3.8,165.0,6.88,14.8,5.2,3.51,4.7,271.0,14.6,25.4,50.0,1.16,0.0476,3784.0,1.73,1.74,0.0,1285.16,387.0,2.6,95.6
CHROM-0131,CEX,31,20,1.0,2.83,26.4,92182.0,3440.0,7.4,336.0,5.04,4.3,6.3,6.97,25.7,115.0,15.8,32.7,50.0,1.56,0.0305,3591.0,1.22,1.03,0.0,3513.37,2420.0,2.0,90.3
CHROM-0132,AEX,194,20,1.6,5.48,16.4,212123.0,7033.0,12.0,214.0,8.07,8.8,8.2,5.44,21.0,180.0,4.6,27.0,50.0,1.37,0.0463,6782.0,1.44,1.53,0.1,1361.3,26628.0,5.9,88.2
CHROM-0133,CEX,232,25,1.6,6.36,7.7,298644.0,9575.0,2.0,340.0,5.04,5.1,4.6,6.98,24.6,163.0,14.5,28.3,50.0,1.7,0.0508,6873.0,1.38,1.64,0.1,544.32,6861.0,0.8,76.6
CHROM-0134,CEX,268,20,1.6,7.54,40.7,469518.0,2881.0,9.8,140.0,4.83,6.3,9.0,6.93,25.6,129.0,21.8,26.6,50.0,1.22,0.056,9523.0,1.22,1.75,0.0,5658.86,11038.0,2.7,90.2
CHROM-0135,CEX,289,10,1.0,2.61,17.5,171893.0,481.0,3.5,180.0,5.01,4.8,8.7,7.07,24.6,169.0,3.1,25.3,50.0,1.38,0.0587,3040.0,1.35,1.79,0.0,3612.47,3397.0,1.3,84.0
CHROM-0136,ProteinA,283,25,1.6,1.34,7.2,267430.0,1573.0,2.7,179.0,7.03,14.3,5.1,3.5,5.9,101.0,14.7,28.8,50.0,1.39,0.0642,1473.0,0.97,1.84,0.0,159.4,1080.0,2.0,80.4
CHROM-0137,AEX,203,25,2.6,1.71,32.7,300024.0,506.0,13.2,230.0,7.9,8.4,6.5,5.53,20.0,247.0,4.0,28.8,50.0,1.41,0.0532,2070.0,1.82,1.59,0.2,203.72,10981.0,6.7,87.9
CHROM-0138,AEX,4,10,2.6,4.36,31.4,354441.0,5134.0,10.7,104.0,7.79,7.2,7.6,5.48,21.7,263.0,21.5,33.7,50.0,0.81,0.0255,5980.0,1.94,1.09,0.1,1296.76,22932.0,5.2,97.6
CHROM-0139,CEX,38,25,1.6,3.15,38.5,462638.0,5327.0,4.0,204.0,5.12,4.7,6.7,7.03,23.8,191.0,15.2,34.9,50.0,1.23,0.0283,4047.0,1.35,1.06,0.1,1681.76,14086.0,1.1,94.4
CHROM-0140,ProteinA,220,15,2.6,7.16,26.2,450138.0,9023.0,6.1,150.0,7.02,14.8,4.3,3.58,4.6,299.0,3.7,29.7,50.0,1.16,0.0491,8491.0,1.86,1.68,0.1,1089.72,3513.0,4.4,85.9
CHROM-0141,AEX,17,20,2.6,2.05,27.6,163502.0,4222.0,13.0,340.0,7.91,8.1,5.9,5.52,20.0,111.0,3.0,34.9,50.0,1.54,0.0321,2328.0,0.91,1.02,0.1,483.9,14103.0,6.5,82.8
CHROM-0142,CEX,16,20,1.6,4.8,27.7,193097.0,7380.0,8.4,213.0,4.92,5.2,8.9,6.95,25.1,228.0,22.9,33.8,50.0,1.06,0.0374,6147.0,1.79,1.02,0.1,1682.86,3632.0,2.2,91.5
CHROM-0143,AEX,230,10,1.6,6.12,28.4,300751.0,6671.0,6.1,221.0,7.78,8.5,6.2,5.55,20.1,273.0,5.0,24.9,50.0,1.38,0.0535,7437.0,1.74,1.7,0.0,4325.06,25335.0,3.8,87.1
CHROM-0144,ProteinA,290,10,1.6,4.7,44.9,470053.0,5971.0,2.8,270.0,7.06,16.5,9.6,3.47,3.7,118.0,14.6,27.2,50.0,1.63,0.0602,5551.0,1.2,1.85,0.0,7386.33,1658.0,2.3,84.4
CHROM-0145,ProteinA,197,15,1.6,4.68,15.7,79679.0,9463.0,1.8,251.0,6.97,14.8,5.0,3.53,6.5,224.0,4.3,26.4,50.0,1.51,0.0529,5732.0,1.56,1.52,0.0,1356.83,298.0,1.2,87.0
CHROM-0146,CEX,29,25,1.0,1.02,39.4,324839.0,1755.0,6.4,237.0,4.97,5.4,6.5,7.08,23.3,281.0,21.8,33.5,50.0,1.23,0.0297,1279.0,2.04,1.06,0.0,921.78,7535.0,2.0,91.8
CHROM-0147,AEX,96,25,1.0,3.2,34.6,367608.0,977.0,2.3,365.0,7.81,8.2,8.5,5.6,19.8,130.0,21.7,27.7,50.0,1.65,0.0394,3799.0,1.27,1.3,0.0,3793.24,23034.0,1.1,85.3
CHROM-0148,CEX,183,20,1.0,2.84,26.8,64470.0,1112.0,13.4,389.0,5.03,5.1,9.2,6.93,25.0,134.0,3.4,30.9,50.0,1.87,0.0473,3057.0,1.12,1.53,0.0,3382.5,2154.0,3.8,78.0
CHROM-0149,ProteinA,29,20,1.6,1.9,5.2,464538.0,5119.0,12.0,159.0,7.0,14.8,7.9,3.48,3.2,192.0,14.6,33.4,50.0,1.02,0.0339,2377.0,1.36,1.13,0.1,166.76,1876.0,8.7,91.3
CHROM-0150,AEX,215,25,2.6,1.17,30.1,232257.0,5308.0,7.6,138.0,7.99,7.6,8.9,5.45,21.8,102.0,4.8,29.1,50.0,1.04,0.0499,1314.0,0.9,1.64,0.1,237.62,57986.0,3.5,80.0
CHROM-0151,CEX,127,15,1.6,7.06,6.6,498302.0,2680.0,11.2,247.0,5.0,4.8,6.1,7.11,24.3,175.0,21.6,30.1,50.0,1.45,0.0464,8316.0,1.32,1.39,0.0,993.29,31276.0,3.3,84.6
CHROM-0152,ProteinA,5,25,2.6,3.83,48.5,475555.0,9451.0,8.0,125.0,7.03,15.3,3.7,3.48,3.1,121.0,3.6,34.0,50.0,0.92,0.0339,4838.0,1.04,1.03,0.1,1209.52,1396.0,5.3,89.8
CHROM-0153,CEX,80,20,2.6,3.41,21.8,108505.0,9151.0,12.0,123.0,4.98,4.6,6.0,7.02,25.5,276.0,4.2,34.4,50.0,0.93,0.035,4110.0,2.03,1.3,0.2,299.4,2968.0,3.8,86.8
CHROM-0154,CEX,146,25,1.6,7.87,19.7,491519.0,4853.0,11.3,124.0,4.91,5.3,6.8,7.01,24.8,105.0,3.3,34.4,50.0,0.99,0.0433,10170.0,1.01,1.45,0.1,2813.85,11372.0,3.3,92.0
CHROM-0155,ProteinA,15,10,2.6,3.34,46.6,295354.0,9486.0,3.1,292.0,7.0,14.6,9.6,3.51,5.7,239.0,5.0,38.1,50.0,1.32,0.0365,4105.0,1.76,1.02,0.1,1466.42,1035.0,2.4,87.8
CHROM-0156,AEX,90,10,1.0,4.37,22.1,363814.0,5353.0,10.5,263.0,8.14,9.0,4.8,5.51,22.5,204.0,15.2,29.2,50.0,1.36,0.0353,5425.0,1.74,1.29,0.0,6314.54,34142.0,4.8,89.1
CHROM-0157,AEX,122,10,1.0,2.06,6.2,482148.0,9253.0,4.6,222.0,7.96,7.4,9.9,5.48,20.7,171.0,15.6,29.2,50.0,1.23,0.0373,2607.0,1.2,1.28,0.0,1259.88,18900.0,1.9,93.0
CHROM-0158,ProteinA,200,10,1.6,4.55,40.3,151050.0,4272.0,13.3,307.0,7.14,14.6,8.3,3.55,6.3,129.0,4.8,27.1,50.0,1.57,0.052,5241.0,1.18,1.49,0.0,6322.96,561.0,9.0,81.9
CHROM-0159,CEX,167,15,2.6,3.65,35.9,385868.0,8936.0,12.0,340.0,5.0,5.6,4.6,6.89,25.8,262.0,4.1,32.1,50.0,1.69,0.0429,4119.0,1.57,1.5,0.1,861.28,10774.0,3.5,82.1
CHROM-0160,ProteinA,153,15,1.6,2.03,12.3,160887.0,8904.0,4.5,161.0,7.08,14.8,5.1,3.49,6.1,251.0,22.4,27.4,50.0,1.11,0.0449,2487.0,1.77,1.58,0.1,411.8,691.0,2.8,88.0
CHROM-0161,AEX,33,10,1.6,3.32,8.4,258689.0,9640.0,3.3,153.0,8.05,8.5,5.2,5.52,19.2,225.0,4.4,34.4,50.0,1.03,0.0335,4204.0,1.7,1.04,0.0,746.04,27034.0,1.7,91.3
CHROM-0162,ProteinA,172,20,1.0,4.71,35.1,285977.0,3804.0,4.4,189.0,7.08,14.5,9.1,3.48,4.6,121.0,4.4,31.8,50.0,1.27,0.0514,5632.0,1.05,1.45,0.0,8608.92,620.0,2.8,85.6
CHROM-0163,CEX,8,15,1.6,2.06,13.3,105805.0,8730.0,13.8,162.0,5.04,5.4,6.0,6.93,25.3,188.0,14.9,32.1,50.0,0.99,0.0315,2631.0,1.52,0.98,0.0,536.24,3040.0,4.3,89.6
CHROM-0164,ProteinA,117,25,2.6,1.49,22.3,139145.0,3823.0,7.2,113.0,6.81,14.5,8.2,3.54,5.3,259.0,15.0,34.3,50.0,1.03,0.0423,1709.0,1.73,1.39,0.2,121.69,479.0,5.0,83.8
CHROM-0165,CEX,59,10,1.0,7.6,20.8,55348.0,2464.0,9.8,326.0,5.13,5.0,3.4,6.98,24.8,138.0,14.6,33.6,50.0,1.46,0.0347,8399.0,1.23,1.25,0.0,13031.37,1361.0,2.5,79.4
CHROM-0166,ProteinA,42,20,1.0,1.44,31.7,406765.0,8456.0,9.0,177.0,7.0,15.6,4.8,3.53,4.9,214.0,3.6,36.6,50.0,1.12,0.0388,1815.0,1.64,1.17,0.0,1647.02,1520.0,6.0,93.0
CHROM-0167,AEX,147,15,1.6,5.7,29.8,133920.0,6548.0,9.1,333.0,7.98,8.1,6.0,5.48,19.2,165.0,4.5,27.6,50.0,1.59,0.0445,6585.0,1.33,1.49,0.0,3481.32,20730.0,4.3,82.0
CHROM-0168,AEX,284,10,1.0,5.84,48.5,197360.0,6991.0,14.5,246.0,8.04,8.1,8.3,5.56,21.2,299.0,21.7,26.2,50.0,1.53,0.0621,7142.0,2.01,1.91,0.0,15617.3,22733.0,7.4,87.0
CHROM-0169,CEX,140,15,1.6,3.4,38.5,311755.0,414.0,7.1,309.0,4.9,5.3,3.9,7.06,24.8,188.0,4.1,31.9,50.0,1.5,0.0428,3834.0,1.41,1.48,0.0,2552.54,10254.0,2.4,82.9
CHROM-0170,ProteinA,75,25,1.6,2.27,31.2,268269.0,6289.0,11.9,391.0,7.04,14.6,5.0,3.61,5.8,172.0,5.1,34.5,50.0,1.77,0.0329,2654.0,1.55,1.19,0.1,748.64,1143.0,8.6,82.4
CHROM-0171,ProteinA,210,25,2.6,5.3,10.1,405202.0,1221.0,6.1,119.0,7.03,15.8,6.4,3.48,4.4,212.0,4.7,27.4,50.0,1.11,0.0483,6857.0,1.46,1.61,0.2,251.03,2794.0,4.1,90.8
CHROM-0172,CEX,117,20,2.6,0.92,50.0,58423.0,4494.0,10.9,384.0,4.85,4.3,4.4,7.07,25.6,166.0,15.6,31.6,50.0,1.7,0.0392,1021.0,1.42,1.45,0.2,244.4,1775.0,3.6,80.4
CHROM-0173,AEX,271,25,2.6,7.67,26.5,434978.0,8415.0,4.0,359.0,8.09,8.0,9.0,5.46,19.1,120.0,15.3,23.1,50.0,1.89,0.0597,8726.0,1.23,1.74,0.2,1018.74,70476.0,1.7,81.7
CHROM-0174,AEX,286,15,1.0,0.75,13.2,313682.0,1771.0,5.6,324.0,7.93,7.7,5.7,5.47,19.8,111.0,15.1,26.2,50.0,1.73,0.0604,849.0,0.81,1.93,0.0,834.66,18242.0,2.4,80.6
CHROM-0175,CEX,187,15,1.0,4.88,10.9,319175.0,6930.0,9.2,350.0,5.02,4.8,9.6,6.93,24.4,213.0,14.8,25.7,50.0,1.77,0.0543,4946.0,1.46,1.56,0.0,2268.09,11589.0,3.1,73.3
CHROM-0176,CEX,188,15,1.0,5.46,6.8,277547.0,1092.0,9.3,154.0,4.97,5.2,5.5,7.09,23.9,203.0,4.4,29.4,50.0,1.07,0.047,6757.0,1.54,1.66,0.0,1822.28,34007.0,2.7,88.7
CHROM-0177,ProteinA,138,20,1.0,1.31,45.6,56959.0,6488.0,4.9,253.0,6.96,15.5,9.1,3.53,5.9,140.0,22.0,31.5,50.0,1.4,0.0462,1730.0,1.05,1.45,0.0,3241.35,98.0,2.9,89.8
CHROM-0178,ProteinA,22,20,2.6,6.98,21.4,105052.0,1479.0,8.5,139.0,6.95,14.2,6.3,3.54,3.6,128.0,21.6,32.0,50.0,0.97,0.0352,9034.0,1.31,1.09,0.1,980.95,182.0,6.2,91.5
CHROM-0179,CEX,54,25,1.0,3.46,47.6,179368.0,3421.0,3.9,166.0,4.96,4.9,6.6,6.93,24.2,191.0,15.3,34.4,50.0,1.07,0.0378,4390.0,1.41,1.2,0.0,5333.05,6786.0,1.5,89.6
CHROM-0180,CEX,176,25,2.6,2.84,34.5,218418.0,4434.0,1.2,326.0,5.01,4.3,6.8,7.04,24.2,174.0,15.1,27.2,50.0,1.59,0.0439,3230.0,1.4,1.61,0.2,432.52,7675.0,0.1,82.1
CHROM-0181,AEX,46,15,1.6,6.89,17.9,381094.0,1362.0,11.3,208.0,7.89,7.7,5.6,5.44,21.1,284.0,21.5,33.0,50.0,1.15,0.0333,8624.0,2.08,1.06,0.1,1751.01,101437.0,6.0,89.1
CHROM-0182,AEX,279,25,1.6,5.24,9.5,223009.0,5927.0,2.1,300.0,8.04,7.9,7.8,5.46,21.3,230.0,4.1,24.0,50.0,1.57,0.0561,5875.0,1.6,1.82,0.1,489.82,16612.0,1.2,79.7
CHROM-0183,AEX,110,20,1.6,1.45,13.4,335557.0,9756.0,2.8,124.0,8.15,8.1,9.0,5.46,18.5,194.0,2.9,30.4,50.0,0.92,0.0352,1944.0,1.4,1.36,0.1,328.81,27980.0,1.5,95.5
CHROM-0184,CEX,255,15,2.6,3.91,48.3,119214.0,6220.0,4.7,302.0,5.01,5.5,4.6,7.11,24.1,175.0,14.1,22.6,50.0,1.69,0.0555,4578.0,1.43,1.72,0.1,1388.99,3753.0,1.1,83.8
CHROM-0185,ProteinA,15,10,2.6,1.5,47.1,156271.0,6189.0,11.1,379.0,6.93,15.5,7.7,3.47,5.1,193.0,21.6,32.7,50.0,1.49,0.028,1707.0,1.45,1.04,0.1,732.53,823.0,7.6,79.8
CHROM-0186,ProteinA,21,20,1.6,1.93,43.2,98107.0,1109.0,2.8,362.0,6.91,15.4,7.9,3.55,6.0,240.0,22.2,33.8,50.0,1.66,0.0304,2177.0,1.8,1.11,0.1,919.59,134.0,2.3,80.0
CHROM-0187,ProteinA,263,15,1.6,3.78,9.0,228293.0,1895.0,11.5,186.0,7.07,15.5,9.0,3.58,4.7,138.0,21.2,26.9,50.0,1.34,0.0567,4568.0,1.19,1.78,0.0,816.9,712.0,8.6,86.1
CHROM-0188,ProteinA,157,10,1.6,3.71,30.5,288892.0,6716.0,4.6,119.0,7.06,15.0,3.9,3.54,5.0,178.0,22.3,32.2,50.0,1.03,0.041,4669.0,1.28,1.47,0.0,3995.19,970.0,3.6,90.6
CHROM-0189,CEX,123,25,1.6,4.95,25.2,135287.0,2570.0,9.7,336.0,5.03,5.4,7.1,7.02,25.7,157.0,3.7,32.0,50.0,1.59,0.0438,5594.0,1.38,1.31,0.1,1467.09,6350.0,3.0,81.4
CHROM-0190,AEX,152,10,2.6,3.26,21.2,459928.0,1288.0,1.4,373.0,8.09,8.1,7.9,5.54,19.7,117.0,21.6,28.3,50.0,1.75,0.0412,3959.0,1.01,1.46,0.1,1109.01,88814.0,0.7,86.1
CHROM-0191,AEX,98,15,2.6,6.27,47.1,458916.0,4397.0,4.4,269.0,7.98,8.2,7.4,5.49,18.1,293.0,3.7,30.3,50.0,1.44,0.0392,7392.0,1.93,1.3,0.2,1603.62,39392.0,2.0,83.5
CHROM-0192,ProteinA,232,25,1.0,1.36,24.4,386295.0,6804.0,6.2,128.0,6.99,14.8,4.1,3.52,5.0,185.0,21.6,27.1,50.0,1.05,0.0559,1630.0,1.45,1.63,0.0,987.22,1114.0,4.4,85.2
CHROM-0193,ProteinA,40,15,2.6,6.24,39.6,429372.0,1868.0,1.0,133.0,7.12,14.5,8.6,3.6,5.0,200.0,3.4,31.5,50.0,0.89,0.0351,7998.0,1.64,1.17,0.1,1762.23,1161.0,1.0,92.8
CHROM-0194,CEX,197,10,2.6,7.03,46.2,277052.0,3830.0,14.1,360.0,5.03,5.3,9.2,6.97,25.5,211.0,14.8,27.3,50.0,1.77,0.049,7894.0,1.47,1.6,0.1,3322.55,3284.0,4.1,79.7
CHROM-0195,AEX,82,25,2.6,5.04,41.2,340080.0,770.0,5.7,255.0,7.99,8.1,5.2,5.46,18.9,260.0,22.8,31.0,50.0,1.37,0.0397,6015.0,1.85,1.33,0.2,720.76,28438.0,3.0,85.3
CHROM-0196,ProteinA,90,25,1.6,2.87,40.0,387219.0,7106.0,6.4,333.0,7.06,14.1,8.7,3.45,6.0,193.0,15.6,34.2,50.0,1.58,0.0373,3456.0,1.28,1.19,0.1,1568.08,541.0,4.5,87.5
CHROM-0197,CEX,280,25,1.0,6.46,42.2,410563.0,4897.0,8.2,258.0,4.97,4.8,6.9,7.05,24.1,291.0,15.1,23.4,50.0,1.6,0.0583,7668.0,1.88,1.81,0.0,6222.42,16250.0,2.2,84.2
CHROM-0198,CEX,163,15,1.0,5.57,16.4,381429.0,5868.0,14.3,197.0,5.03,5.2,9.5,6.95,25.1,284.0,15.4,26.5,50.0,1.24,0.0452,6692.0,1.87,1.56,0.0,3559.73,17939.0,4.5,85.9
CHROM-0199,AEX,190,10,2.6,1.02,31.7,244473.0,8899.0,11.0,107.0,7.87,7.6,4.8,5.54,20.2,146.0,14.5,28.5,50.0,0.98,0.0538,1289.0,1.18,1.66,0.1,465.82,20430.0,5.5,89.8
