experiment_id,inlet_temp_K,inlet_conc_molL,inlet_flow_Lmin,koelwater_flow_Lmin,reactor_volume_L,verblijftijd_min,outlet_temp_K,outlet_conc_molL,conversie_pct,operatieregime
CSTR-0000,300.9,1.081,3.07,1.46,10,3.26,372.0,0.439,58.1,midden
CSTR-0001,304.5,0.984,4.82,2.13,10,2.07,365.1,0.467,60.9,midden
CSTR-0002,301.0,0.987,4.84,2.92,10,2.06,414.7,0.149,92.2,hoog
CSTR-0003,289.0,1.027,1.33,1.68,20,15.08,318.2,0.766,14.6,laag
CSTR-0004,303.8,0.997,2.19,2.23,10,4.56,423.2,0.112,91.1,hoog
CSTR-0005,293.3,1.018,1.03,0.99,20,19.41,319.7,0.766,24.5,laag
CSTR-0006,296.4,0.943,2.67,2.06,5,1.87,319.1,0.794,24.5,laag
CSTR-0007,301.0,0.993,3.65,1.1,20,5.48,368.7,0.384,64.8,midden
CSTR-0008,299.6,0.905,2.89,1.0,10,3.47,426.2,0.065,92.5,hoog
CSTR-0009,304.4,0.988,1.27,1.77,5,3.94,366.8,0.38,64.0,midden
CSTR-0010,296.9,1.072,1.78,1.03,5,2.8,371.1,0.369,58.9,midden
CSTR-0011,295.2,0.925,1.69,2.3,5,2.95,371.8,0.392,59.9,midden
CSTR-0012,298.4,0.982,3.04,2.84,5,1.64,315.5,0.829,15.5,laag
CSTR-0013,304.9,0.894,3.71,1.48,20,5.39,369.7,0.368,58.5,midden
CSTR-0014,303.1,1.0,2.27,1.31,20,8.83,368.0,0.364,62.7,midden
CSTR-0015,300.4,1.023,1.52,0.94,10,6.57,417.0,0.048,91.6,hoog
CSTR-0016,306.6,1.019,4.19,1.48,10,2.38,317.0,0.87,12.3,laag
CSTR-0017,305.7,0.97,4.43,1.9,10,2.26,374.5,0.423,60.3,midden
CSTR-0018,303.9,0.893,2.11,1.43,10,4.75,365.7,0.387,58.6,midden
CSTR-0019,294.1,0.938,2.68,2.06,5,1.86,366.1,0.367,59.2,midden
CSTR-0020,303.9,1.063,1.33,2.16,10,7.53,365.0,0.371,64.4,midden
CSTR-0021,299.0,1.044,1.91,0.74,10,5.23,369.0,0.363,56.8,midden
CSTR-0022,298.0,0.995,4.07,2.24,20,4.92,317.4,0.767,17.2,laag
CSTR-0023,296.6,1.008,2.46,2.75,5,2.03,417.6,0.072,95.3,hoog
CSTR-0024,299.1,0.949,3.42,0.57,10,2.93,376.1,0.413,59.5,midden
CSTR-0025,296.9,1.065,4.78,1.88,5,1.04,371.7,0.541,63.1,midden
CSTR-0026,300.8,0.964,3.89,2.01,10,2.57,371.2,0.377,60.5,midden
CSTR-0027,299.1,1.022,2.81,2.27,5,1.78,370.6,0.394,60.3,midden
CSTR-0028,301.1,0.934,2.47,1.46,5,2.03,415.0,0.094,87.4,hoog
CSTR-0029,302.8,0.991,1.76,2.55,20,11.35,368.4,0.4,63.4,midden
CSTR-0030,298.5,1.062,4.02,1.85,10,2.48,323.1,0.812,22.4,laag
CSTR-0031,296.3,0.953,1.45,1.52,10,6.9,375.3,0.35,58.8,midden
CSTR-0032,290.0,1.037,1.25,2.3,5,4.01,321.1,0.789,20.0,laag
CSTR-0033,303.9,0.946,1.42,2.82,10,7.05,366.2,0.387,61.9,midden
CSTR-0034,300.4,0.955,1.97,2.53,20,10.14,370.1,0.403,57.5,midden
CSTR-0035,299.1,1.0,3.51,2.83,5,1.43,314.7,0.831,15.0,laag
CSTR-0036,305.9,1.049,4.45,1.16,5,1.12,425.4,0.084,90.4,hoog
CSTR-0037,293.6,0.985,4.97,0.8,20,4.02,318.0,0.861,17.7,laag
CSTR-0038,300.3,1.031,3.93,1.84,10,2.55,416.3,0.125,92.7,hoog
CSTR-0039,295.2,1.057,1.58,0.61,5,3.16,324.7,0.707,19.2,laag
CSTR-0040,303.3,0.961,2.11,2.19,5,2.37,419.0,0.098,86.1,hoog
CSTR-0041,288.9,0.924,1.53,1.1,10,6.54,371.9,0.354,60.6,midden
CSTR-0042,304.0,0.982,1.46,1.64,10,6.84,322.6,0.799,16.3,laag
CSTR-0043,303.8,1.064,3.27,2.14,20,6.11,315.6,0.802,21.4,laag
CSTR-0044,295.4,0.959,4.63,1.71,5,1.08,319.3,0.848,13.7,laag
CSTR-0045,300.3,1.051,3.74,1.09,20,5.35,318.5,0.832,20.1,laag
CSTR-0046,295.5,0.987,4.2,2.7,10,2.38,311.3,0.791,21.2,laag
CSTR-0047,302.1,1.088,3.03,2.41,10,3.3,368.1,0.445,56.4,midden
CSTR-0048,304.1,1.112,2.9,2.0,10,3.45,317.4,0.779,23.8,laag
CSTR-0049,295.0,1.052,4.75,2.25,20,4.21,369.8,0.41,55.4,midden
CSTR-0050,293.5,0.918,3.89,1.54,20,5.14,372.7,0.444,60.9,midden
CSTR-0051,305.5,0.88,2.84,1.44,10,3.52,368.5,0.396,55.2,midden
CSTR-0052,309.7,1.003,2.33,0.9,20,8.58,318.8,0.852,16.8,laag
CSTR-0053,302.5,1.045,1.37,2.51,5,3.64,418.0,0.036,91.0,hoog
CSTR-0054,302.8,1.025,4.28,1.45,20,4.67,371.3,0.447,61.4,midden
CSTR-0055,298.3,0.964,1.68,2.23,20,11.92,369.9,0.385,60.5,midden
CSTR-0056,300.9,0.926,3.06,1.25,5,1.63,326.7,0.836,22.2,laag
CSTR-0057,301.8,1.046,3.55,2.49,20,5.64,371.7,0.457,56.2,midden
CSTR-0058,299.1,1.093,3.98,0.76,20,5.03,371.3,0.447,55.4,midden
CSTR-0059,306.7,0.966,1.33,2.06,5,3.75,426.6,0.081,91.9,hoog
CSTR-0060,300.9,1.041,1.04,2.52,20,19.18,420.6,0.063,84.8,hoog
CSTR-0061,301.5,1.13,3.82,2.15,20,5.23,371.8,0.424,56.4,midden
CSTR-0062,299.2,0.991,2.82,2.24,20,7.1,424.4,0.123,89.6,hoog
CSTR-0063,299.7,0.992,1.72,1.81,20,11.6,370.7,0.392,60.9,midden
CSTR-0064,306.1,1.028,4.93,1.9,5,1.01,320.4,0.858,20.9,laag
CSTR-0065,300.7,0.986,4.17,0.66,5,1.2,422.7,0.12,86.0,hoog
CSTR-0066,300.8,1.067,3.31,1.13,20,6.03,320.7,0.768,20.1,laag
CSTR-0067,300.9,0.98,3.81,2.3,20,5.25,367.0,0.396,56.8,midden
CSTR-0068,298.2,0.998,1.62,2.86,5,3.09,313.5,0.755,21.1,laag
CSTR-0069,293.0,0.928,4.85,1.85,5,1.03,372.0,0.441,60.5,midden
CSTR-0070,307.9,0.988,4.99,2.31,10,2.01,372.7,0.472,62.6,midden
CSTR-0071,305.3,0.95,3.59,2.21,5,1.39,367.6,0.407,59.3,midden
CSTR-0072,306.2,1.017,3.67,3.0,20,5.44,367.8,0.388,58.6,midden
CSTR-0073,294.6,0.917,3.82,2.49,5,1.31,365.6,0.358,65.2,midden
CSTR-0074,307.2,1.049,3.66,2.07,20,5.46,421.3,0.103,84.5,hoog
CSTR-0075,309.8,0.956,2.75,0.79,5,1.82,374.1,0.364,65.6,midden
CSTR-0076,305.2,1.089,3.16,1.41,5,1.58,419.7,0.133,89.3,hoog
CSTR-0077,308.2,1.069,2.13,1.13,5,2.35,420.8,0.107,85.9,hoog
CSTR-0078,304.0,1.027,2.79,2.63,20,7.18,317.5,0.774,18.2,laag
CSTR-0079,295.8,0.923,2.74,1.62,5,1.82,417.6,0.101,92.4,hoog
CSTR-0080,302.5,0.969,2.15,1.84,5,2.32,370.7,0.384,62.3,midden
CSTR-0081,294.9,0.955,4.15,2.91,10,2.41,310.2,0.79,26.2,laag
CSTR-0082,297.0,0.961,2.64,2.59,10,3.79,317.7,0.802,20.5,laag
CSTR-0083,301.6,1.079,3.21,2.47,5,1.56,423.4,0.11,90.8,hoog
CSTR-0084,300.9,0.992,1.62,0.86,5,3.08,323.4,0.797,22.7,laag
CSTR-0085,302.3,0.967,2.9,0.56,20,6.9,319.2,0.793,14.0,laag
CSTR-0086,291.0,0.963,4.05,0.81,20,4.94,367.7,0.462,59.6,midden
CSTR-0087,299.2,0.973,2.78,2.35,10,3.6,366.7,0.377,60.6,midden
CSTR-0088,302.7,1.027,3.23,1.53,20,6.19,368.3,0.364,55.4,midden
CSTR-0089,303.7,0.919,3.81,0.79,5,1.31,323.8,0.818,19.6,laag
CSTR-0090,304.1,1.005,2.56,2.35,10,3.91,316.4,0.827,18.1,laag
CSTR-0091,301.3,1.021,2.41,0.99,20,8.29,373.1,0.356,59.6,midden
CSTR-0092,298.1,0.913,1.34,1.97,20,14.89,368.4,0.355,65.0,midden
CSTR-0093,302.5,0.929,3.33,2.35,5,1.5,419.5,0.121,96.2,hoog
CSTR-0094,298.5,0.998,3.83,2.02,20,5.22,370.8,0.35,59.6,midden
CSTR-0095,304.5,1.072,3.33,2.98,20,6.02,418.9,0.176,91.5,hoog
CSTR-0096,302.1,1.06,2.13,1.59,10,4.69,325.1,0.794,23.3,laag
CSTR-0097,299.7,0.97,2.05,1.28,20,9.76,374.5,0.367,61.2,midden
CSTR-0098,296.2,1.07,1.64,1.0,5,3.05,368.3,0.402,55.4,midden
CSTR-0099,305.6,0.984,1.19,1.76,20,16.84,426.6,0.064,90.1,hoog
CSTR-0100,302.8,0.984,2.71,2.63,5,1.85,418.6,0.078,88.2,hoog
CSTR-0101,310.5,1.005,1.64,2.87,5,3.04,369.6,0.396,62.4,midden
CSTR-0102,302.6,1.042,3.76,2.93,10,2.66,370.3,0.429,58.1,midden
CSTR-0103,303.0,0.97,4.85,1.83,20,4.13,416.8,0.078,90.2,hoog
CSTR-0104,292.7,0.98,1.29,2.01,5,3.86,323.5,0.754,20.9,laag
CSTR-0105,301.6,0.938,4.57,1.95,5,1.09,320.3,0.812,17.4,laag
CSTR-0106,298.4,1.018,3.63,1.66,5,1.38,373.8,0.403,56.6,midden
CSTR-0107,304.1,1.047,4.44,0.88,5,1.13,321.6,0.841,16.3,laag
CSTR-0108,301.7,1.05,1.62,0.66,10,6.17,369.4,0.308,65.0,midden
CSTR-0109,304.9,0.932,4.63,1.59,5,1.08,422.4,0.158,91.9,hoog
CSTR-0110,310.7,0.981,4.83,0.97,5,1.03,369.5,0.419,60.0,midden
CSTR-0111,296.0,1.062,4.63,2.72,10,2.16,416.2,0.159,92.8,hoog
CSTR-0112,304.7,1.012,4.14,2.4,10,2.41,311.3,0.807,23.7,laag
CSTR-0113,303.4,1.002,1.36,2.05,10,7.35,373.7,0.358,59.9,midden
CSTR-0114,309.9,1.001,1.88,0.62,5,2.66,321.6,0.834,21.2,laag
CSTR-0115,303.5,1.027,4.65,2.06,5,1.07,368.7,0.403,57.9,midden
CSTR-0116,303.0,1.014,1.92,2.05,20,10.43,319.7,0.763,25.1,laag
CSTR-0117,304.3,0.971,2.39,1.6,20,8.37,422.2,0.067,90.1,hoog
CSTR-0118,304.6,1.044,1.2,2.14,20,16.64,365.7,0.415,63.5,midden
CSTR-0119,307.3,0.94,3.51,2.64,10,2.85,364.5,0.368,63.7,midden
CSTR-0120,295.9,1.066,3.25,2.39,20,6.15,321.5,0.834,20.5,laag
CSTR-0121,298.0,0.955,4.85,1.68,20,4.13,318.2,0.786,23.4,laag
CSTR-0122,308.7,1.027,4.57,1.16,10,2.19,372.9,0.395,56.1,midden
CSTR-0123,290.2,0.992,3.02,1.69,5,1.65,417.5,0.076,88.8,hoog
CSTR-0124,299.6,0.976,3.44,2.86,10,2.91,369.5,0.397,62.6,midden
CSTR-0125,300.7,1.068,2.65,2.55,20,7.54,366.8,0.427,58.9,midden
CSTR-0126,299.1,1.037,1.53,0.57,20,13.07,422.7,0.065,93.6,hoog
CSTR-0127,307.9,0.997,4.47,2.46,10,2.24,320.8,0.845,21.2,laag
CSTR-0128,302.4,1.087,3.2,0.93,10,3.13,372.2,0.389,66.5,midden
CSTR-0129,298.1,1.049,2.7,1.93,20,7.4,370.3,0.398,59.7,midden
CSTR-0130,296.8,0.96,1.27,2.52,10,7.85,317.6,0.795,20.0,laag
CSTR-0131,301.4,0.887,3.66,1.9,20,5.46,415.2,0.127,90.9,hoog
CSTR-0132,305.8,1.005,2.6,1.51,20,7.7,365.9,0.409,62.4,midden
CSTR-0133,300.7,1.069,2.01,1.3,20,9.93,316.9,0.728,16.1,laag
CSTR-0134,299.3,1.031,4.51,1.26,5,1.11,318.3,0.813,20.1,laag
CSTR-0135,296.5,1.079,1.73,2.59,10,5.77,370.3,0.382,60.6,midden
CSTR-0136,301.9,0.97,3.06,2.56,10,3.27,362.0,0.393,59.2,midden
CSTR-0137,301.6,0.994,4.18,2.56,20,4.78,419.5,0.108,90.6,hoog
CSTR-0138,296.4,0.995,4.4,1.21,5,1.14,368.3,0.402,58.0,midden
CSTR-0139,305.1,1.012,4.27,2.5,10,2.34,370.0,0.456,55.1,midden
CSTR-0140,308.5,1.038,4.59,0.59,10,2.18,327.4,0.844,19.2,laag
CSTR-0141,300.2,1.082,1.57,1.02,5,3.19,321.6,0.802,14.6,laag
CSTR-0142,301.5,1.092,4.76,1.79,10,2.1,372.3,0.511,60.1,midden
CSTR-0143,294.5,1.083,1.04,1.52,10,9.59,417.4,0.01,86.3,hoog
CSTR-0144,303.7,1.033,2.02,0.78,10,4.94,370.0,0.39,62.7,midden
CSTR-0145,302.3,0.983,1.34,0.6,5,3.74,375.5,0.359,58.3,midden
CSTR-0146,298.4,1.011,4.78,2.03,5,1.05,375.1,0.472,63.8,midden
CSTR-0147,296.3,1.033,2.7,1.28,20,7.42,372.5,0.425,58.6,midden
CSTR-0148,309.2,1.007,2.26,0.54,20,8.85,317.4,0.781,22.1,laag
CSTR-0149,301.9,0.954,1.67,1.58,20,11.99,416.8,0.075,90.7,hoog
CSTR-0150,295.4,0.977,1.62,1.27,10,6.16,368.9,0.402,62.6,midden
CSTR-0151,304.3,1.043,3.46,1.94,20,5.79,370.8,0.433,60.2,midden
CSTR-0152,301.1,0.988,1.19,2.82,20,16.83,365.7,0.418,63.9,midden
CSTR-0153,300.3,1.001,3.38,1.27,20,5.92,322.3,0.816,20.3,laag
CSTR-0154,304.9,0.996,4.1,2.99,20,4.88,364.3,0.412,61.8,midden
CSTR-0155,286.9,0.955,3.4,0.72,20,5.88,373.3,0.38,57.4,midden
CSTR-0156,291.0,0.991,4.31,0.72,10,2.32,321.2,0.832,22.5,laag
CSTR-0157,306.9,0.977,2.06,2.28,5,2.43,421.2,0.052,95.5,hoog
CSTR-0158,299.4,0.965,1.31,2.37,10,7.64,362.6,0.368,60.2,midden
CSTR-0159,297.9,0.947,3.88,1.56,5,1.29,420.6,0.167,87.7,hoog
CSTR-0160,293.3,0.995,4.31,1.22,20,4.64,417.6,0.155,86.8,hoog
CSTR-0161,301.0,1.031,3.01,2.49,10,3.33,368.2,0.361,55.9,midden
CSTR-0162,301.6,1.056,4.28,2.89,20,4.67,316.1,0.774,16.2,laag
CSTR-0163,307.2,0.93,2.83,2.97,10,3.53,415.5,0.042,87.8,hoog
CSTR-0164,301.9,1.08,1.79,2.09,10,5.57,368.9,0.362,55.4,midden
CSTR-0165,298.5,1.015,2.9,2.35,20,6.9,370.1,0.389,61.0,midden
CSTR-0166,302.0,0.944,1.86,2.56,20,10.73,322.2,0.808,17.7,laag
CSTR-0167,305.5,0.98,2.89,2.5,5,1.73,367.0,0.421,62.2,midden
CSTR-0168,304.5,0.906,1.59,2.98,20,12.58,370.7,0.384,63.3,midden
CSTR-0169,303.1,0.919,1.74,2.53,5,2.87,372.0,0.353,61.1,midden
CSTR-0170,301.4,1.086,4.53,2.16,20,4.41,415.9,0.118,92.5,hoog
CSTR-0171,297.1,0.965,1.46,1.44,5,3.42,370.7,0.347,58.1,midden
CSTR-0172,294.8,1.027,1.9,1.99,10,5.27,371.0,0.421,55.3,midden
CSTR-0173,294.0,0.994,4.98,2.7,10,2.01,366.3,0.421,55.0,midden
CSTR-0174,302.0,1.001,3.3,1.26,20,6.05,320.4,0.762,18.7,laag
CSTR-0175,302.5,1.018,3.34,0.58,10,2.99,423.7,0.103,90.0,hoog
CSTR-0176,305.5,0.896,4.38,1.32,20,4.57,370.9,0.469,59.7,midden
CSTR-0177,302.8,1.066,3.1,2.9,20,6.46,417.2,0.103,90.7,hoog
CSTR-0178,305.3,0.995,1.89,2.49,20,10.6,366.6,0.376,62.7,midden
CSTR-0179,299.3,0.975,2.69,0.97,5,1.86,369.3,0.353,64.7,midden
CSTR-0180,303.9,1.023,4.02,0.53,5,1.24,370.4,0.438,61.8,midden
CSTR-0181,295.0,0.964,4.49,2.17,20,4.45,417.0,0.158,91.0,hoog
CSTR-0182,299.7,1.01,2.09,1.95,10,4.78,368.9,0.377,58.8,midden
CSTR-0183,290.8,0.992,2.05,0.71,10,4.88,368.9,0.403,55.6,midden
CSTR-0184,300.2,1.036,2.31,2.91,10,4.33,314.5,0.698,18.2,laag
CSTR-0185,306.1,0.989,3.38,2.04,5,1.48,416.9,0.155,89.3,hoog
CSTR-0186,300.4,0.948,2.11,2.13,5,2.37,368.7,0.383,54.4,midden
CSTR-0187,303.6,1.018,4.57,2.63,5,1.09,363.5,0.412,58.1,midden
CSTR-0188,301.4,0.986,4.91,1.34,10,2.04,323.0,0.825,23.6,laag
CSTR-0189,297.1,0.909,3.72,1.9,10,2.69,372.7,0.475,59.8,midden
CSTR-0190,299.1,1.01,4.88,1.94,10,2.05,372.9,0.445,61.1,midden
CSTR-0191,305.9,0.973,2.15,2.92,10,4.65,316.7,0.793,24.0,laag
CSTR-0192,303.6,1.017,4.26,0.83,5,1.17,420.1,0.128,90.3,hoog
CSTR-0193,296.9,0.957,3.71,2.4,20,5.39,366.1,0.396,60.2,midden
CSTR-0194,293.1,0.94,2.05,1.94,10,4.87,415.5,0.034,91.5,hoog
CSTR-0195,301.0,1.059,2.27,2.61,10,4.4,370.0,0.411,68.4,midden
CSTR-0196,297.1,1.042,2.95,2.58,5,1.69,311.8,0.791,20.0,laag
CSTR-0197,299.1,1.0,4.17,0.53,5,1.2,370.3,0.42,59.6,midden
CSTR-0198,292.7,1.022,4.49,1.14,10,2.23,368.2,0.463,61.7,midden
CSTR-0199,305.2,1.041,3.54,0.95,20,5.66,370.3,0.435,62.0,midden
CSTR-0200,299.5,0.999,3.89,1.65,5,1.29,367.9,0.405,59.6,midden
CSTR-0201,300.3,0.94,2.06,2.76,5,2.43,417.9,0.093,90.1,hoog
CSTR-0202,295.8,1.015,3.96,0.51,5,1.26,323.4,0.842,19.6,laag
CSTR-0203,298.6,1.05,3.42,1.72,5,1.46,420.4,0.089,92.3,hoog
CSTR-0204,300.6,1.03,1.89,2.71,10,5.29,364.7,0.367,54.2,midden
CSTR-0205,296.9,1.003,4.8,2.82,10,2.08,361.7,0.445,64.1,midden
CSTR-0206,298.9,1.028,3.05,2.14,10,3.28,323.8,0.825,20.5,laag
CSTR-0207,306.9,0.989,4.18,2.57,20,4.79,371.4,0.435,53.5,midden
CSTR-0208,291.2,1.052,3.1,1.31,5,1.61,425.2,0.117,83.3,hoog
CSTR-0209,300.9,1.067,4.73,1.21,5,1.06,422.0,0.125,89.8,hoog
CSTR-0210,296.1,0.935,1.57,0.62,5,3.19,375.6,0.341,54.1,midden
CSTR-0211,306.7,1.056,3.18,1.76,10,3.14,364.8,0.422,64.4,midden
CSTR-0212,299.1,1.112,1.1,1.64,5,4.54,315.6,0.747,26.7,laag
CSTR-0213,294.8,1.026,1.79,1.43,10,5.59,417.7,0.063,85.8,hoog
CSTR-0214,298.9,1.049,2.12,0.78,10,4.71,371.7,0.33,57.0,midden
CSTR-0215,301.7,0.968,2.89,1.08,20,6.92,419.0,0.079,88.3,hoog
CSTR-0216,313.9,0.975,4.28,1.01,5,1.17,375.4,0.412,60.1,midden
CSTR-0217,289.5,0.99,2.87,2.86,10,3.49,319.0,0.767,20.7,laag
CSTR-0218,294.0,0.98,3.24,2.92,5,1.54,369.5,0.377,57.0,midden
CSTR-0219,306.5,0.934,4.7,0.51,10,2.13,374.7,0.433,64.0,midden
CSTR-0220,292.5,0.991,4.03,0.93,10,2.48,371.3,0.436,62.1,midden
CSTR-0221,300.0,1.042,1.2,2.72,10,8.33,322.5,0.783,23.6,laag
CSTR-0222,297.6,0.935,1.71,0.6,10,5.86,426.9,0.09,90.0,hoog
CSTR-0223,296.8,1.009,1.15,2.86,20,17.35,316.2,0.794,24.3,laag
CSTR-0224,299.1,1.007,1.28,1.45,5,3.92,417.4,0.103,89.7,hoog
CSTR-0225,298.3,0.985,2.36,1.85,5,2.12,322.8,0.781,15.8,laag
CSTR-0226,305.3,1.025,3.91,2.41,10,2.56,424.3,0.106,93.4,hoog
CSTR-0227,306.6,1.02,1.98,1.11,5,2.53,428.9,0.103,86.7,hoog
CSTR-0228,302.1,0.981,2.57,0.75,5,1.95,373.6,0.347,58.8,midden
CSTR-0229,298.8,1.053,2.58,2.52,5,1.94,417.3,0.091,87.4,hoog
CSTR-0230,301.3,1.028,3.36,2.96,20,5.95,413.8,0.083,94.2,hoog
CSTR-0231,304.0,1.079,4.57,2.15,10,2.19,318.9,0.812,18.6,laag
CSTR-0232,305.0,0.997,4.93,2.56,20,4.05,415.6,0.122,90.9,hoog
CSTR-0233,301.9,0.984,3.42,2.85,5,1.46,314.2,0.829,23.3,laag
CSTR-0234,307.6,0.99,3.02,1.07,5,1.66,324.5,0.864,18.0,laag
CSTR-0235,296.9,1.059,3.73,1.38,20,5.37,368.5,0.441,61.2,midden
CSTR-0236,305.7,0.993,3.67,1.05,10,2.72,321.4,0.757,19.0,laag
CSTR-0237,303.5,0.996,3.1,0.65,5,1.62,326.8,0.795,20.6,laag
CSTR-0238,296.9,1.098,3.95,2.33,20,5.07,411.8,0.104,90.0,hoog
CSTR-0239,301.2,0.933,2.97,0.86,20,6.75,418.5,0.065,93.0,hoog
CSTR-0240,301.5,1.018,4.99,0.73,10,2.01,424.1,0.135,89.6,hoog
CSTR-0241,299.3,0.997,1.2,1.39,20,16.72,368.7,0.342,60.0,midden
CSTR-0242,299.2,0.987,2.77,0.65,20,7.21,420.1,0.071,95.5,hoog
CSTR-0243,292.4,0.952,2.59,0.95,20,7.73,321.3,0.81,15.8,laag
CSTR-0244,296.6,0.967,4.08,0.67,5,1.23,420.8,0.126,92.1,hoog
CSTR-0245,298.8,0.98,1.76,2.69,5,2.84,361.6,0.423,65.6,midden
CSTR-0246,297.1,1.025,2.74,2.45,10,3.65,416.0,0.059,89.7,hoog
CSTR-0247,295.7,1.043,3.79,2.65,20,5.27,362.8,0.374,56.0,midden
CSTR-0248,305.3,0.911,3.41,2.67,20,5.86,420.8,0.094,88.2,hoog
CSTR-0249,299.5,0.94,3.18,2.86,5,1.57,413.1,0.086,89.2,hoog
CSTR-0250,310.8,1.027,2.74,0.97,5,1.82,418.0,0.116,94.5,hoog
CSTR-0251,301.1,1.032,4.01,2.75,5,1.25,363.8,0.434,55.4,midden
CSTR-0252,305.2,0.927,3.59,1.81,10,2.79,422.4,0.126,91.3,hoog
CSTR-0253,299.0,1.044,4.5,0.92,5,1.11,419.2,0.086,85.6,hoog
CSTR-0254,296.7,0.999,3.93,2.14,20,5.09,322.4,0.811,18.4,laag
CSTR-0255,301.3,1.037,1.56,1.32,20,12.81,373.1,0.316,63.5,midden
CSTR-0256,306.5,0.957,3.48,0.62,20,5.75,325.8,0.839,21.8,laag
CSTR-0257,299.6,0.93,1.18,0.7,10,8.49,420.5,0.035,91.2,hoog
CSTR-0258,302.2,0.985,2.55,1.56,20,7.84,316.4,0.789,23.0,laag
CSTR-0259,301.3,0.987,2.65,2.57,20,7.55,417.0,0.048,90.0,hoog
CSTR-0260,299.5,0.984,4.42,1.28,20,4.53,361.7,0.403,60.5,midden
CSTR-0261,299.8,0.98,1.72,2.42,5,2.9,319.8,0.764,19.7,laag
CSTR-0262,295.0,1.085,3.57,0.64,20,5.6,422.0,0.112,91.3,hoog
CSTR-0263,299.9,0.915,1.77,1.48,5,2.83,318.0,0.774,21.2,laag
CSTR-0264,303.3,0.958,4.79,0.82,5,1.04,370.2,0.455,64.8,midden
CSTR-0265,301.5,0.979,3.12,2.66,10,3.21,421.2,0.132,85.4,hoog
CSTR-0266,300.9,1.001,3.83,2.92,10,2.61,368.7,0.437,59.6,midden
CSTR-0267,303.6,1.036,3.59,1.31,20,5.58,375.2,0.417,59.4,midden
CSTR-0268,301.0,1.043,2.21,2.97,10,4.52,414.5,0.067,94.0,hoog
CSTR-0269,300.1,1.054,4.6,2.38,5,1.09,414.4,0.126,87.3,hoog
CSTR-0270,303.7,1.024,3.51,0.5,5,1.42,323.5,0.81,19.1,laag
CSTR-0271,300.7,0.913,3.04,1.71,20,6.58,322.0,0.807,20.1,laag
CSTR-0272,298.8,0.917,3.11,2.59,20,6.42,368.6,0.373,61.4,midden
CSTR-0273,302.3,1.057,4.56,1.83,20,4.38,368.3,0.43,59.5,midden
CSTR-0274,299.8,1.054,1.24,1.87,5,4.04,378.1,0.394,58.3,midden
CSTR-0275,298.6,1.032,2.56,1.62,5,1.96,325.8,0.822,18.0,laag
CSTR-0276,300.8,0.959,4.37,1.49,20,4.58,367.9,0.413,56.7,midden
CSTR-0277,300.8,0.984,1.15,0.57,20,17.39,420.1,0.046,87.3,hoog
CSTR-0278,294.5,0.98,3.56,2.05,5,1.41,316.1,0.814,18.9,laag
CSTR-0279,301.7,0.949,2.61,2.42,10,3.83,322.5,0.788,17.8,laag
CSTR-0280,309.2,1.013,1.82,2.48,5,2.75,371.7,0.322,65.9,midden
CSTR-0281,295.1,1.108,3.45,2.06,10,2.9,320.6,0.866,21.3,laag
CSTR-0282,297.5,0.975,4.32,1.35,20,4.63,369.6,0.405,56.9,midden
CSTR-0283,313.9,1.065,2.87,0.56,5,1.74,375.9,0.386,61.3,midden
CSTR-0284,295.9,0.956,1.59,2.74,20,12.6,368.2,0.332,55.3,midden
CSTR-0285,306.4,0.923,2.22,1.57,20,8.99,370.0,0.411,63.8,midden
CSTR-0286,298.9,1.049,4.93,2.0,20,4.06,370.0,0.42,58.6,midden
CSTR-0287,300.3,0.989,1.44,0.99,5,3.46,425.8,0.081,93.3,hoog
CSTR-0288,299.3,1.064,1.64,0.85,5,3.04,423.6,0.095,90.2,hoog
CSTR-0289,302.1,1.074,4.96,0.72,10,2.02,368.9,0.424,60.8,midden
CSTR-0290,292.1,0.986,4.53,2.5,5,1.1,364.7,0.407,60.4,midden
CSTR-0291,300.9,1.067,3.83,2.12,10,2.61,321.1,0.828,11.6,laag
CSTR-0292,298.0,0.956,1.6,2.05,10,6.23,416.7,0.01,91.6,hoog
CSTR-0293,290.7,0.955,1.96,2.8,5,2.55,367.6,0.397,57.1,midden
CSTR-0294,305.6,1.054,1.72,0.9,5,2.91,320.0,0.769,20.1,laag
CSTR-0295,289.5,0.923,3.52,0.93,20,5.68,322.6,0.785,21.7,laag
CSTR-0296,310.7,1.0,2.6,0.97,20,7.71,319.0,0.775,24.2,laag
CSTR-0297,303.1,1.062,1.19,1.56,5,4.2,321.1,0.76,23.3,laag
CSTR-0298,293.2,1.066,2.17,2.69,10,4.62,365.6,0.374,56.8,midden
CSTR-0299,306.7,0.978,4.44,2.7,5,1.13,418.1,0.169,86.0,hoog
CSTR-0300,296.2,1.05,4.18,1.98,20,4.78,419.0,0.092,90.4,hoog
CSTR-0301,296.5,0.944,3.57,2.15,10,2.8,371.7,0.38,61.7,midden
CSTR-0302,291.0,0.967,1.34,2.74,20,14.9,366.4,0.366,62.1,midden
CSTR-0303,295.7,1.012,4.53,2.06,5,1.1,371.4,0.465,62.7,midden
CSTR-0304,296.3,1.019,3.14,1.07,5,1.59,367.8,0.392,58.4,midden
CSTR-0305,304.1,0.948,2.98,2.26,5,1.68,364.0,0.369,60.4,midden
CSTR-0306,305.8,1.093,4.74,2.42,20,4.22,320.1,0.842,16.3,laag
CSTR-0307,293.8,0.906,1.04,2.09,5,4.83,367.3,0.376,63.9,midden
CSTR-0308,301.4,1.003,3.22,1.18,5,1.55,367.6,0.423,63.5,midden
CSTR-0309,290.8,1.01,4.16,1.5,5,1.2,316.0,0.784,19.7,laag
CSTR-0310,301.4,0.913,1.25,1.68,20,15.94,317.1,0.779,17.8,laag
CSTR-0311,310.8,1.066,2.43,0.86,20,8.23,323.3,0.778,16.7,laag
CSTR-0312,291.1,0.963,4.91,1.63,5,1.02,367.8,0.393,60.7,midden
CSTR-0313,294.9,1.005,1.85,0.9,20,10.83,366.4,0.405,56.8,midden
CSTR-0314,303.6,1.016,3.12,1.75,10,3.2,318.1,0.755,22.1,laag
CSTR-0315,304.2,0.927,3.98,0.63,10,2.51,319.9,0.775,20.2,laag
CSTR-0316,295.3,0.946,2.56,2.87,10,3.9,313.6,0.819,19.2,laag
CSTR-0317,307.4,1.078,2.63,1.12,10,3.8,424.4,0.053,92.4,hoog
CSTR-0318,295.9,0.997,1.25,1.67,5,3.99,369.0,0.346,54.6,midden
CSTR-0319,308.4,0.865,1.76,0.58,10,5.68,329.5,0.741,21.3,laag
CSTR-0320,302.3,0.985,4.52,0.98,5,1.11,373.6,0.423,59.9,midden
CSTR-0321,306.4,0.998,4.27,2.23,5,1.17,321.6,0.804,19.3,laag
CSTR-0322,301.9,1.011,2.22,0.78,20,9.01,372.1,0.354,62.1,midden
CSTR-0323,303.3,0.9,2.53,2.07,10,3.96,323.4,0.799,24.0,laag
CSTR-0324,303.6,0.999,2.76,0.51,5,1.81,426.1,0.114,90.6,hoog
CSTR-0325,305.7,0.958,2.38,1.66,20,8.39,420.9,0.059,91.5,hoog
CSTR-0326,299.8,1.011,3.62,2.3,5,1.38,360.1,0.424,58.7,midden
CSTR-0327,295.5,1.025,1.05,2.82,5,4.76,410.8,0.138,88.0,hoog
CSTR-0328,299.6,1.02,4.52,1.73,20,4.42,367.3,0.431,60.8,midden
CSTR-0329,296.7,1.07,2.2,2.6,5,2.27,418.2,0.087,89.0,hoog
CSTR-0330,297.0,1.11,4.49,2.51,20,4.45,363.4,0.433,58.9,midden
CSTR-0331,308.3,0.943,2.82,1.24,10,3.55,322.6,0.795,24.5,laag
CSTR-0332,303.1,0.981,4.11,2.69,5,1.22,318.3,0.819,23.9,laag
CSTR-0333,302.9,1.037,4.3,2.1,5,1.16,318.7,0.774,16.3,laag
CSTR-0334,305.4,0.994,2.21,0.76,10,4.53,372.2,0.393,62.9,midden
CSTR-0335,303.1,0.864,3.56,2.85,5,1.4,310.4,0.785,22.2,laag
CSTR-0336,309.3,0.99,3.43,0.94,20,5.83,376.8,0.375,60.6,midden
CSTR-0337,289.5,1.062,2.9,1.68,20,6.89,367.5,0.359,63.3,midden
CSTR-0338,295.0,0.93,2.88,1.67,20,6.95,419.7,0.06,94.7,hoog
CSTR-0339,296.5,1.011,2.22,2.06,5,2.25,368.8,0.435,62.3,midden
CSTR-0340,293.1,0.905,2.24,2.16,10,4.46,366.2,0.362,58.9,midden
CSTR-0341,300.6,1.044,3.19,1.08,5,1.57,371.2,0.39,58.7,midden
CSTR-0342,300.8,1.012,1.13,1.38,10,8.86,417.3,0.091,88.4,hoog
CSTR-0343,309.9,0.972,4.73,0.86,10,2.11,322.0,0.858,21.1,laag
CSTR-0344,304.5,0.979,3.6,0.82,5,1.39,322.0,0.793,23.7,laag
CSTR-0345,297.5,0.925,2.77,2.56,10,3.61,416.7,0.061,86.3,hoog
CSTR-0346,302.5,1.05,1.25,2.38,5,4.01,418.7,0.112,92.7,hoog
CSTR-0347,290.9,0.96,3.52,1.61,5,1.42,370.8,0.423,64.3,midden
CSTR-0348,300.7,1.025,1.07,0.74,5,4.67,375.1,0.344,55.2,midden
CSTR-0349,300.4,0.952,3.72,1.62,5,1.34,325.9,0.855,18.8,laag
CSTR-0350,295.5,1.11,1.29,1.24,20,15.5,322.0,0.759,16.4,laag
CSTR-0351,299.0,1.078,3.62,2.44,5,1.38,417.1,0.095,91.3,hoog
CSTR-0352,296.5,1.104,2.62,0.74,20,7.62,317.8,0.765,17.5,laag
CSTR-0353,295.3,1.11,3.65,1.63,5,1.37,367.7,0.379,57.0,midden
CSTR-0354,303.4,0.968,1.55,1.98,10,6.44,415.3,0.074,93.9,hoog
CSTR-0355,305.2,0.956,1.47,2.96,20,13.61,316.7,0.669,17.2,laag
CSTR-0356,302.5,1.101,1.99,0.72,5,2.51,322.7,0.747,20.9,laag
CSTR-0357,297.8,0.993,2.65,0.78,5,1.89,372.3,0.391,59.9,midden
CSTR-0358,296.7,1.042,2.01,2.97,10,4.97,367.3,0.417,58.4,midden
CSTR-0359,298.0,0.969,1.33,1.51,10,7.53,320.4,0.783,19.7,laag
CSTR-0360,298.9,0.97,2.3,2.36,5,2.17,319.1,0.821,19.4,laag
CSTR-0361,295.6,1.041,3.82,2.46,10,2.62,321.3,0.814,23.3,laag
CSTR-0362,305.3,0.902,3.33,1.29,10,3.0,318.2,0.863,23.0,laag
CSTR-0363,299.0,1.039,4.85,1.04,20,4.12,318.8,0.789,21.2,laag
CSTR-0364,303.8,1.026,2.74,1.19,10,3.64,375.7,0.373,64.4,midden
CSTR-0365,293.0,0.973,2.33,2.41,10,4.29,315.5,0.81,22.0,laag
CSTR-0366,296.6,1.001,3.77,2.6,20,5.3,421.5,0.12,87.8,hoog
CSTR-0367,304.3,1.009,2.65,2.25,5,1.89,322.8,0.767,18.1,laag
CSTR-0368,304.4,1.012,3.47,1.6,20,5.76,368.5,0.418,66.1,midden
CSTR-0369,294.0,1.035,4.79,1.16,10,2.09,370.8,0.419,62.5,midden
CSTR-0370,301.5,0.959,3.0,1.56,20,6.67,421.8,0.084,90.5,hoog
CSTR-0371,301.6,1.135,2.99,2.79,10,3.34,323.3,0.863,20.6,laag
CSTR-0372,296.5,0.99,4.1,2.66,20,4.88,317.2,0.852,20.2,laag
CSTR-0373,301.8,0.993,4.02,1.31,20,4.97,420.3,0.139,97.1,hoog
CSTR-0374,292.1,1.097,3.06,1.32,5,1.63,421.9,0.123,87.6,hoog
CSTR-0375,295.4,0.909,1.26,2.45,10,7.94,315.4,0.727,22.6,laag
CSTR-0376,303.0,1.097,4.92,1.57,20,4.06,320.2,0.814,23.7,laag
CSTR-0377,300.1,1.005,2.51,1.93,20,7.97,412.7,0.109,88.0,hoog
CSTR-0378,300.4,0.973,2.27,1.56,10,4.41,326.9,0.812,17.7,laag
CSTR-0379,299.1,0.944,4.93,1.11,20,4.06,425.5,0.165,85.6,hoog
CSTR-0380,302.7,0.937,4.49,0.97,5,1.11,421.3,0.112,87.1,hoog
CSTR-0381,302.9,0.983,2.32,0.85,10,4.31,318.8,0.759,22.5,laag
CSTR-0382,304.0,1.014,2.23,0.53,5,2.24,419.4,0.098,89.7,hoog
CSTR-0383,300.6,1.031,3.88,1.2,10,2.57,372.4,0.376,61.9,midden
CSTR-0384,298.1,1.013,2.34,0.93,5,2.14,418.2,0.073,92.5,hoog
CSTR-0385,297.2,0.974,2.01,1.14,10,4.99,366.8,0.413,60.0,midden
CSTR-0386,294.7,1.067,4.92,0.69,20,4.07,317.0,0.825,17.3,laag
CSTR-0387,298.0,1.134,3.26,1.35,10,3.06,420.4,0.134,91.9,hoog
CSTR-0388,297.0,1.075,4.05,1.8,20,4.94,319.8,0.762,12.6,laag
CSTR-0389,308.0,0.982,3.85,2.86,5,1.3,423.9,0.11,93.7,hoog
CSTR-0390,294.8,1.025,4.02,1.37,20,4.97,367.8,0.388,53.4,midden
CSTR-0391,305.2,1.028,4.61,0.58,5,1.08,324.0,0.775,16.3,laag
CSTR-0392,298.7,1.08,3.0,1.41,20,6.66,318.0,0.783,18.8,laag
CSTR-0393,299.0,0.983,4.01,2.54,5,1.25,415.2,0.116,86.5,hoog
CSTR-0394,302.0,0.952,4.19,1.35,10,2.39,371.9,0.411,54.5,midden
CSTR-0395,292.9,1.057,4.79,1.23,10,2.09,422.9,0.143,90.3,hoog
CSTR-0396,296.0,1.02,3.85,2.8,20,5.19,316.5,0.833,18.6,laag
CSTR-0397,293.8,0.945,4.57,1.24,10,2.19,366.0,0.44,58.5,midden
CSTR-0398,298.1,1.035,1.38,2.93,20,14.49,419.3,0.068,89.3,hoog
CSTR-0399,295.5,1.092,1.5,2.58,5,3.32,319.0,0.784,15.9,laag
CSTR-0400,306.6,0.965,1.63,2.21,5,3.06,371.1,0.327,62.0,midden
CSTR-0401,297.1,0.955,1.58,2.0,10,6.33,424.1,0.031,87.3,hoog
CSTR-0402,288.1,1.002,1.35,1.06,10,7.41,367.1,0.334,61.4,midden
CSTR-0403,298.3,1.034,1.49,2.33,20,13.42,420.5,0.072,89.5,hoog
CSTR-0404,304.0,0.996,4.98,1.37,20,4.01,422.6,0.164,89.5,hoog
CSTR-0405,308.2,1.057,2.09,1.71,5,2.39,370.3,0.434,58.8,midden
CSTR-0406,298.9,1.013,2.91,0.76,5,1.72,421.6,0.111,92.6,hoog
CSTR-0407,297.4,1.051,4.29,1.24,20,4.67,371.6,0.379,63.4,midden
CSTR-0408,299.9,0.964,1.47,1.82,10,6.79,371.2,0.377,63.1,midden
CSTR-0409,302.1,0.939,2.27,1.67,10,4.41,317.5,0.806,19.3,laag
CSTR-0410,294.4,0.983,1.64,1.36,20,12.22,422.6,0.056,90.0,hoog
CSTR-0411,298.8,0.933,1.25,1.68,20,16.0,421.2,0.052,87.6,hoog
CSTR-0412,299.8,1.02,4.84,2.36,10,2.06,316.5,0.865,18.5,laag
CSTR-0413,300.2,0.899,4.43,1.65,10,2.26,371.0,0.419,56.4,midden
CSTR-0414,299.3,0.977,4.52,1.77,10,2.21,370.9,0.432,58.2,midden
CSTR-0415,295.3,0.986,4.47,2.25,10,2.23,369.4,0.418,60.9,midden
CSTR-0416,301.7,0.948,1.62,2.6,20,12.36,417.9,0.103,89.7,hoog
CSTR-0417,299.8,0.985,4.14,1.82,5,1.21,316.6,0.777,18.4,laag
CSTR-0418,299.8,1.0,3.91,2.87,10,2.56,414.8,0.11,92.8,hoog
CSTR-0419,294.6,1.063,4.7,1.38,5,1.06,324.7,0.823,17.1,laag
CSTR-0420,303.2,0.948,1.88,1.13,5,2.66,371.3,0.358,60.1,midden
CSTR-0421,295.3,1.018,2.66,2.23,10,3.76,371.0,0.359,67.2,midden
CSTR-0422,308.1,1.028,2.18,0.94,20,9.18,322.2,0.825,24.5,laag
CSTR-0423,294.1,0.999,2.03,2.75,5,2.46,363.8,0.37,58.4,midden
CSTR-0424,303.8,0.975,3.61,1.47,5,1.39,422.2,0.089,93.7,hoog
CSTR-0425,290.5,0.943,1.66,2.25,20,12.08,317.8,0.794,18.1,laag
CSTR-0426,288.7,1.095,2.86,1.93,10,3.5,320.8,0.802,21.3,laag
CSTR-0427,297.2,1.004,3.59,0.64,10,2.79,370.9,0.36,65.3,midden
CSTR-0428,288.7,0.984,1.52,2.27,20,13.15,415.8,0.012,89.1,hoog
CSTR-0429,303.6,1.106,2.03,2.48,20,9.86,412.7,0.082,92.4,hoog
CSTR-0430,299.9,1.011,4.87,2.96,5,1.03,319.3,0.854,19.5,laag
CSTR-0431,307.0,1.127,4.18,1.54,10,2.39,421.6,0.127,88.3,hoog
CSTR-0432,299.2,0.929,3.71,1.76,10,2.7,367.7,0.368,62.0,midden
CSTR-0433,301.2,0.988,4.42,2.69,20,4.52,319.1,0.856,21.6,laag
CSTR-0434,298.7,0.931,1.06,1.17,20,18.94,417.5,0.034,86.0,hoog
CSTR-0435,295.6,0.994,1.02,0.97,10,9.76,326.8,0.824,19.1,laag
CSTR-0436,298.0,0.994,1.62,0.83,10,6.19,415.7,0.067,86.5,hoog
CSTR-0437,294.0,0.977,2.98,2.95,10,3.35,415.1,0.113,85.0,hoog
CSTR-0438,301.9,1.003,3.28,1.18,5,1.52,369.9,0.439,59.5,midden
CSTR-0439,298.5,0.98,1.45,2.39,5,3.44,367.1,0.376,61.0,midden
CSTR-0440,299.5,0.994,1.29,1.62,5,3.88,369.4,0.364,62.9,midden
CSTR-0441,314.1,0.962,4.31,1.1,10,2.32,322.1,0.846,15.4,laag
CSTR-0442,298.0,1.072,2.86,2.78,10,3.5,417.7,0.092,86.6,hoog
CSTR-0443,301.6,0.945,4.97,1.66,10,2.01,418.9,0.143,94.4,hoog
CSTR-0444,299.7,1.011,1.92,1.91,10,5.22,366.8,0.373,57.7,midden
CSTR-0445,305.8,0.94,3.59,1.06,10,2.79,422.2,0.11,85.7,hoog
CSTR-0446,301.2,0.958,4.22,1.31,20,4.74,376.4,0.447,65.1,midden
CSTR-0447,298.6,0.964,4.49,2.37,5,1.11,364.4,0.392,59.6,midden
CSTR-0448,311.5,0.993,2.23,1.36,10,4.49,370.1,0.37,58.6,midden
CSTR-0449,295.7,1.009,1.77,1.76,20,11.28,320.7,0.761,17.9,laag
CSTR-0450,299.0,0.945,1.9,0.79,5,2.63,425.4,0.105,87.1,hoog
CSTR-0451,304.6,0.979,3.67,2.63,20,5.45,428.1,0.108,89.6,hoog
CSTR-0452,295.9,0.95,3.09,2.34,10,3.24,421.4,0.071,91.0,hoog
CSTR-0453,303.8,0.948,3.4,2.4,20,5.89,366.3,0.346,61.3,midden
CSTR-0454,297.6,1.057,1.08,0.95,20,18.48,423.5,0.099,84.6,hoog
CSTR-0455,305.0,0.93,2.56,1.74,20,7.8,371.2,0.387,64.6,midden
CSTR-0456,304.9,1.004,2.24,0.57,5,2.23,369.5,0.379,59.5,midden
CSTR-0457,299.5,1.085,4.46,1.29,20,4.49,419.1,0.131,91.1,hoog
CSTR-0458,295.0,1.06,4.11,1.37,5,1.22,364.3,0.459,62.3,midden
CSTR-0459,298.0,1.021,2.72,2.78,10,3.68,362.1,0.408,58.9,midden
CSTR-0460,299.9,0.999,3.52,2.98,10,2.84,315.0,0.754,21.5,laag
CSTR-0461,304.4,1.037,1.19,2.04,5,4.2,419.8,0.083,90.4,hoog
CSTR-0462,301.6,1.018,3.55,1.79,10,2.82,322.7,0.758,19.1,laag
CSTR-0463,302.7,1.071,1.39,1.6,5,3.6,319.1,0.793,20.3,laag
CSTR-0464,301.7,0.993,3.86,0.55,5,1.3,319.4,0.803,18.3,laag
CSTR-0465,304.2,1.05,3.3,2.5,20,6.07,374.3,0.43,57.5,midden
CSTR-0466,299.0,0.984,2.2,2.18,5,2.27,315.2,0.807,20.4,laag
CSTR-0467,300.8,1.095,2.48,2.12,10,4.03,416.0,0.076,90.5,hoog
CSTR-0468,300.1,0.992,1.36,2.52,5,3.68,366.6,0.366,60.8,midden
CSTR-0469,297.8,0.919,2.29,2.82,5,2.18,421.8,0.089,94.3,hoog
CSTR-0470,305.1,1.004,4.87,1.47,5,1.03,322.7,0.816,20.9,laag
CSTR-0471,305.0,1.038,2.94,1.57,20,6.79,318.6,0.779,18.9,laag
CSTR-0472,306.0,1.081,2.9,2.94,5,1.73,417.2,0.116,90.6,hoog
CSTR-0473,296.2,0.95,3.52,2.16,10,2.84,368.0,0.446,66.8,midden
CSTR-0474,301.8,0.913,2.94,2.63,20,6.81,312.7,0.759,16.7,laag
CSTR-0475,305.5,1.025,2.42,1.05,10,4.13,422.6,0.105,95.2,hoog
CSTR-0476,307.5,1.023,1.56,1.29,20,12.84,321.2,0.765,21.3,laag
CSTR-0477,292.5,0.929,3.52,1.48,20,5.68,318.7,0.827,20.2,laag
CSTR-0478,300.0,0.984,4.0,1.29,10,2.5,371.3,0.433,59.1,midden
CSTR-0479,299.1,0.986,4.69,2.71,10,2.13,319.8,0.842,18.8,laag
CSTR-0480,308.0,1.041,1.01,1.78,20,19.76,320.1,0.719,14.9,laag
CSTR-0481,289.0,0.979,1.27,2.88,20,15.79,415.7,0.12,90.5,hoog
CSTR-0482,294.8,0.978,4.6,1.3,10,2.18,322.2,0.828,22.7,laag
CSTR-0483,307.2,1.006,3.52,0.59,20,5.67,319.0,0.802,19.6,laag
CSTR-0484,297.7,0.931,4.83,0.85,20,4.14,417.2,0.154,88.7,hoog
CSTR-0485,293.5,1.095,2.72,1.04,20,7.34,369.8,0.344,57.8,midden
CSTR-0486,307.6,1.047,2.67,2.1,20,7.5,321.8,0.819,20.2,laag
CSTR-0487,292.8,0.965,2.38,0.95,20,8.41,370.2,0.415,61.7,midden
CSTR-0488,305.1,0.944,1.57,1.45,5,3.18,323.6,0.732,23.1,laag
CSTR-0489,292.2,0.948,2.51,2.49,5,1.99,366.5,0.4,54.4,midden
CSTR-0490,292.8,1.029,1.06,0.81,20,18.89,375.5,0.36,58.6,midden
CSTR-0491,301.0,0.949,3.04,0.7,5,1.65,421.2,0.11,92.2,hoog
CSTR-0492,295.8,0.988,4.39,1.85,20,4.56,370.9,0.382,56.5,midden
CSTR-0493,301.4,0.915,2.28,2.25,20,8.75,420.9,0.119,89.5,hoog
CSTR-0494,309.0,1.027,1.38,2.78,20,14.51,319.7,0.79,22.3,laag
CSTR-0495,299.2,1.029,4.9,2.15,5,1.02,369.0,0.408,59.7,midden
CSTR-0496,308.1,0.991,1.52,2.87,20,13.19,317.5,0.755,20.2,laag
CSTR-0497,301.6,1.01,3.11,1.11,5,1.61,372.3,0.433,56.6,midden
CSTR-0498,304.8,1.04,4.24,1.35,20,4.72,373.9,0.438,58.4,midden
CSTR-0499,288.2,1.008,2.01,2.6,5,2.49,420.4,0.061,90.9,hoog
CSTR-0500,303.2,1.039,4.37,2.53,5,1.15,416.3,0.136,92.3,hoog
CSTR-0501,302.4,0.942,3.23,2.16,10,3.1,366.5,0.39,58.9,midden
CSTR-0502,298.2,1.019,2.33,1.77,20,8.59,316.0,0.751,23.5,laag
CSTR-0503,309.5,1.01,4.46,0.54,5,1.12,369.2,0.423,60.1,midden
CSTR-0504,297.5,1.06,3.49,1.2,10,2.87,421.6,0.127,90.0,hoog
CSTR-0505,292.0,1.002,3.46,0.9,20,5.78,322.2,0.789,24.2,laag
CSTR-0506,303.9,0.995,3.02,0.63,5,1.66,375.9,0.416,53.8,midden
CSTR-0507,292.9,0.972,2.1,2.44,10,4.76,317.6,0.808,12.6,laag
CSTR-0508,300.4,1.075,2.22,0.83,10,4.51,320.4,0.81,22.6,laag
CSTR-0509,306.7,0.882,1.35,1.39,10,7.39,326.6,0.775,19.2,laag
CSTR-0510,302.5,1.026,1.97,2.94,5,2.53,416.5,0.044,91.4,hoog
CSTR-0511,298.8,0.999,2.11,1.52,20,9.47,315.8,0.774,20.1,laag
CSTR-0512,298.2,0.991,1.23,0.85,20,16.2,319.1,0.77,21.4,laag
CSTR-0513,306.3,0.984,1.44,2.22,10,6.94,416.4,0.066,92.1,hoog
CSTR-0514,293.9,0.997,2.08,2.52,20,9.61,370.2,0.405,63.2,midden
CSTR-0515,303.9,1.024,3.71,1.2,10,2.7,418.6,0.113,91.3,hoog
CSTR-0516,311.0,0.96,1.74,2.52,5,2.88,373.4,0.404,63.4,midden
CSTR-0517,302.7,1.007,3.09,1.18,5,1.62,371.0,0.429,58.4,midden
CSTR-0518,298.8,1.018,3.03,2.23,20,6.6,319.2,0.787,21.3,laag
CSTR-0519,299.2,0.952,4.34,0.81,10,2.31,374.1,0.39,55.8,midden
CSTR-0520,297.6,1.025,3.44,1.57,5,1.45,372.8,0.435,57.9,midden
CSTR-0521,296.7,1.018,4.67,1.8,20,4.28,368.2,0.472,62.1,midden
CSTR-0522,300.6,0.96,3.51,2.31,10,2.85,371.8,0.398,62.3,midden
CSTR-0523,303.4,0.941,1.1,2.13,5,4.54,419.7,0.072,89.5,hoog
CSTR-0524,308.1,0.959,2.53,2.63,20,7.92,369.9,0.417,63.6,midden
CSTR-0525,290.2,1.007,3.8,0.96,10,2.63,365.2,0.373,55.1,midden
CSTR-0526,287.8,0.996,2.9,2.15,10,3.45,319.5,0.844,23.1,laag
CSTR-0527,308.2,1.07,2.68,0.82,5,1.87,419.2,0.087,89.5,hoog
CSTR-0528,300.3,0.982,3.69,1.7,20,5.43,373.7,0.46,54.4,midden
CSTR-0529,300.5,0.956,2.14,1.81,20,9.33,375.8,0.403,57.0,midden
CSTR-0530,302.5,1.033,4.64,0.57,10,2.16,368.1,0.445,58.6,midden
CSTR-0531,299.1,0.951,2.65,0.68,5,1.88,426.0,0.141,86.9,hoog
CSTR-0532,309.9,0.96,3.52,2.6,5,1.42,420.4,0.119,87.0,hoog
CSTR-0533,302.5,0.961,4.93,1.22,20,4.06,319.2,0.875,21.6,laag
CSTR-0534,297.8,0.85,4.14,1.37,10,2.41,415.1,0.138,88.3,hoog
CSTR-0535,298.2,1.028,3.13,2.1,20,6.4,309.2,0.79,13.4,laag
CSTR-0536,299.3,1.047,4.44,1.05,20,4.51,324.3,0.8,20.9,laag
CSTR-0537,296.1,1.046,3.24,0.98,10,3.08,424.4,0.148,88.1,hoog
CSTR-0538,308.4,1.094,2.77,1.55,5,1.81,319.0,0.804,24.1,laag
CSTR-0539,300.6,1.075,4.49,0.65,20,4.45,319.4,0.854,17.7,laag
CSTR-0540,294.1,0.983,1.11,2.79,10,9.02,366.9,0.375,54.8,midden
CSTR-0541,302.0,1.055,2.63,2.85,5,1.9,417.3,0.111,89.2,hoog
CSTR-0542,307.2,0.995,2.37,1.62,10,4.22,323.4,0.81,16.8,laag
CSTR-0543,305.3,0.979,3.86,1.02,10,2.59,321.5,0.815,17.0,laag
CSTR-0544,296.2,0.962,1.05,1.68,10,9.52,322.2,0.804,19.1,laag
CSTR-0545,294.5,0.987,3.64,0.75,5,1.37,318.9,0.849,19.5,laag
CSTR-0546,307.1,1.016,2.39,1.49,5,2.1,321.3,0.775,19.1,laag
CSTR-0547,291.9,1.079,1.39,0.68,5,3.59,422.9,0.058,89.3,hoog
CSTR-0548,301.9,1.036,4.92,2.27,20,4.06,317.7,0.808,21.8,laag
CSTR-0549,297.2,0.961,1.85,1.19,20,10.82,370.1,0.431,59.4,midden
CSTR-0550,306.6,0.948,2.4,1.8,5,2.09,425.9,0.076,90.7,hoog
CSTR-0551,294.7,1.028,1.83,0.53,20,10.94,375.5,0.394,62.4,midden
CSTR-0552,296.0,1.045,3.65,1.81,10,2.74,315.4,0.802,18.2,laag
CSTR-0553,303.1,1.061,4.13,0.51,10,2.42,373.2,0.438,60.0,midden
CSTR-0554,304.0,0.987,4.44,2.81,10,2.25,411.9,0.153,90.3,hoog
CSTR-0555,306.8,1.023,2.24,1.75,20,8.91,371.6,0.423,55.8,midden
CSTR-0556,302.4,1.043,3.1,0.75,5,1.61,369.2,0.434,53.5,midden
CSTR-0557,301.7,0.932,3.65,1.35,20,5.47,319.9,0.767,20.1,laag
CSTR-0558,305.2,1.014,3.52,0.62,20,5.68,374.0,0.433,56.8,midden
CSTR-0559,293.1,1.045,3.86,1.83,5,1.29,319.5,0.876,24.8,laag
CSTR-0560,295.6,1.026,4.08,0.81,10,2.45,418.5,0.114,92.1,hoog
CSTR-0561,293.6,0.996,1.39,1.68,5,3.6,365.0,0.406,56.9,midden
CSTR-0562,286.6,1.13,1.67,1.26,10,5.98,370.4,0.351,54.6,midden
CSTR-0563,304.2,1.097,3.94,2.4,5,1.27,416.5,0.14,86.3,hoog
CSTR-0564,307.1,1.0,2.91,1.71,20,6.88,319.5,0.799,20.3,laag
CSTR-0565,302.8,0.991,2.71,2.62,5,1.85,414.4,0.037,89.1,hoog
CSTR-0566,301.9,1.035,2.82,2.85,5,1.77,360.6,0.382,62.1,midden
CSTR-0567,300.4,0.997,2.49,2.92,10,4.02,369.1,0.421,56.8,midden
CSTR-0568,300.3,1.064,3.36,1.15,5,1.49,319.3,0.827,21.4,laag
CSTR-0569,308.5,0.937,2.29,2.42,5,2.18,366.7,0.38,61.0,midden
CSTR-0570,307.7,0.988,3.55,1.6,5,1.41,374.7,0.435,63.8,midden
CSTR-0571,297.1,1.034,1.81,1.57,5,2.76,372.0,0.334,60.6,midden
CSTR-0572,305.5,1.05,4.03,2.67,20,4.96,369.4,0.417,57.4,midden
CSTR-0573,306.1,0.926,4.13,0.86,5,1.21,322.2,0.793,24.0,laag
CSTR-0574,303.3,0.952,3.31,1.69,5,1.51,365.9,0.351,59.2,midden
CSTR-0575,301.9,0.916,2.48,1.98,10,4.04,370.9,0.412,58.8,midden
CSTR-0576,301.8,0.956,1.06,0.67,5,4.73,375.6,0.373,60.4,midden
CSTR-0577,292.6,0.936,1.49,2.66,20,13.46,366.8,0.358,63.6,midden
CSTR-0578,292.1,1.027,1.32,1.29,10,7.58,323.2,0.753,23.2,laag
CSTR-0579,303.9,1.011,1.04,2.14,10,9.61,316.5,0.719,21.7,laag
CSTR-0580,294.5,0.992,3.89,2.82,5,1.29,362.3,0.413,62.7,midden
CSTR-0581,293.1,1.001,4.82,2.3,10,2.07,365.9,0.455,61.2,midden
CSTR-0582,289.6,1.06,1.04,2.72,10,9.57,367.2,0.346,57.2,midden
CSTR-0583,297.6,0.948,1.45,0.67,5,3.45,421.4,0.102,92.8,hoog
CSTR-0584,301.9,0.903,4.44,1.73,20,4.5,418.9,0.08,82.6,hoog
CSTR-0585,302.3,1.036,3.75,1.91,20,5.33,321.0,0.756,19.9,laag
CSTR-0586,304.3,0.98,2.62,2.22,5,1.91,368.7,0.394,60.1,midden
CSTR-0587,298.0,0.949,4.97,0.79,10,2.01,367.0,0.456,66.5,midden
CSTR-0588,300.5,1.028,3.29,2.14,5,1.52,370.3,0.423,57.1,midden
CSTR-0589,304.2,0.902,3.68,0.86,5,1.36,419.7,0.069,93.0,hoog
CSTR-0590,302.3,0.957,3.61,0.67,10,2.77,372.3,0.404,60.6,midden
CSTR-0591,297.1,0.881,1.89,1.67,10,5.29,418.2,0.081,89.0,hoog
CSTR-0592,301.5,1.013,2.95,2.0,5,1.69,414.9,0.124,84.4,hoog
CSTR-0593,290.1,1.079,1.87,2.9,10,5.36,317.3,0.725,20.6,laag
CSTR-0594,300.0,0.971,3.04,2.25,10,3.29,316.5,0.799,20.7,laag
CSTR-0595,296.9,0.96,1.12,1.98,20,17.81,365.9,0.37,59.2,midden
CSTR-0596,307.6,1.089,2.53,1.04,20,7.91,320.4,0.764,24.9,laag
CSTR-0597,295.1,1.031,2.49,0.88,5,2.01,321.9,0.799,23.4,laag
CSTR-0598,300.6,1.119,2.17,2.02,5,2.31,419.1,0.066,89.5,hoog
CSTR-0599,297.9,1.008,1.32,1.06,5,3.8,417.5,0.088,93.3,hoog
CSTR-0600,297.2,1.011,4.08,2.27,20,4.9,367.1,0.459,63.9,midden
CSTR-0601,301.9,1.072,2.68,0.79,10,3.73,423.0,0.067,88.0,hoog
CSTR-0602,297.9,0.993,4.26,1.35,5,1.17,320.0,0.795,16.9,laag
CSTR-0603,309.3,1.012,4.34,2.43,20,4.61,366.1,0.462,56.4,midden
CSTR-0604,290.1,0.879,1.85,2.58,5,2.7,319.1,0.783,23.0,laag
CSTR-0605,303.2,1.087,2.69,1.36,20,7.45,374.9,0.412,59.0,midden
CSTR-0606,299.6,1.02,3.88,1.02,20,5.15,369.4,0.384,57.8,midden
CSTR-0607,299.7,0.995,3.0,2.9,10,3.34,366.9,0.412,62.9,midden
CSTR-0608,301.5,1.045,4.42,2.4,20,4.52,319.8,0.833,19.1,laag
CSTR-0609,305.0,0.941,3.29,2.52,10,3.04,317.8,0.83,16.9,laag
CSTR-0610,301.3,0.972,3.52,1.06,5,1.42,372.7,0.429,64.5,midden
CSTR-0611,305.0,1.028,4.15,1.56,10,2.41,366.4,0.419,63.2,midden
CSTR-0612,300.2,1.002,1.49,0.67,5,3.36,371.6,0.35,58.1,midden
CSTR-0613,294.8,1.022,3.34,0.77,5,1.5,323.6,0.831,17.7,laag
CSTR-0614,299.6,1.012,1.34,1.05,10,7.45,417.5,0.081,89.5,hoog
CSTR-0615,305.8,1.032,2.04,1.26,5,2.45,320.6,0.735,22.0,laag
CSTR-0616,297.9,0.934,1.85,2.99,5,2.7,412.9,0.048,93.4,hoog
CSTR-0617,294.6,1.064,3.27,1.56,5,1.53,319.1,0.835,16.8,laag
CSTR-0618,303.1,0.976,4.38,2.24,5,1.14,371.3,0.372,55.1,midden
CSTR-0619,301.7,1.003,1.53,2.76,20,13.06,366.7,0.343,59.4,midden
CSTR-0620,296.1,0.97,4.07,1.12,20,4.91,422.7,0.152,86.8,hoog
CSTR-0621,298.8,0.986,1.57,0.86,10,6.36,374.2,0.343,59.2,midden
CSTR-0622,299.1,1.011,1.76,1.11,20,11.37,315.4,0.726,18.2,laag
CSTR-0623,300.0,1.037,4.67,2.71,20,4.28,415.4,0.113,85.1,hoog
CSTR-0624,303.2,1.045,1.04,2.16,20,19.25,365.0,0.342,65.1,midden
CSTR-0625,298.0,1.022,1.79,1.63,20,11.18,419.9,0.06,90.4,hoog
CSTR-0626,303.5,0.97,1.86,2.55,20,10.74,421.4,0.066,92.6,hoog
CSTR-0627,297.3,1.018,2.13,1.09,20,9.4,371.4,0.396,53.4,midden
CSTR-0628,308.3,1.012,2.45,1.1,10,4.08,422.8,0.13,87.8,hoog
CSTR-0629,308.4,1.003,1.41,1.92,10,7.08,368.8,0.333,58.0,midden
CSTR-0630,295.7,1.027,2.87,2.48,10,3.48,369.6,0.368,63.0,midden
CSTR-0631,293.9,0.936,2.6,1.15,20,7.7,370.7,0.415,65.1,midden
CSTR-0632,304.9,0.899,3.5,1.03,20,5.71,375.1,0.452,56.4,midden
CSTR-0633,301.3,1.059,4.47,1.68,20,4.47,370.3,0.39,60.5,midden
CSTR-0634,302.8,0.993,2.19,0.84,5,2.28,417.2,0.088,93.9,hoog
CSTR-0635,296.7,1.021,3.19,2.37,20,6.28,364.3,0.42,58.0,midden
CSTR-0636,299.3,0.957,2.49,1.94,10,4.02,365.7,0.384,57.7,midden
CSTR-0637,298.3,1.063,1.16,1.78,5,4.31,367.6,0.316,61.6,midden
CSTR-0638,301.5,1.018,4.28,2.68,5,1.17,322.3,0.874,15.2,laag
CSTR-0639,293.8,0.991,3.54,2.33,20,5.65,321.2,0.737,13.9,laag
CSTR-0640,299.5,1.014,1.01,0.87,20,19.83,322.5,0.693,10.7,laag
CSTR-0641,293.7,0.913,2.0,1.55,10,5.0,371.6,0.385,62.1,midden
CSTR-0642,297.4,1.019,2.24,1.3,10,4.47,422.2,0.074,94.1,hoog
CSTR-0643,299.5,1.074,4.25,2.51,20,4.71,371.1,0.453,60.0,midden
CSTR-0644,302.5,1.016,4.04,2.3,10,2.47,415.5,0.071,93.0,hoog
CSTR-0645,303.0,1.009,2.58,1.68,10,3.87,323.8,0.799,13.6,laag
CSTR-0646,303.8,0.984,1.63,2.56,20,12.27,418.5,0.127,91.8,hoog
CSTR-0647,292.6,1.054,2.54,1.53,10,3.93,370.2,0.374,60.4,midden
CSTR-0648,306.3,1.062,4.24,2.51,5,1.18,322.0,0.85,17.4,laag
CSTR-0649,296.8,0.978,2.81,0.58,5,1.78,422.4,0.113,91.1,hoog
CSTR-0650,297.1,1.018,1.46,0.84,10,6.83,318.4,0.763,25.4,laag
CSTR-0651,301.3,1.012,1.15,2.39,5,4.33,317.8,0.815,22.7,laag
CSTR-0652,298.3,1.02,2.33,0.79,10,4.29,373.4,0.389,58.2,midden
CSTR-0653,301.8,0.961,1.59,2.21,5,3.14,417.0,0.053,88.2,hoog
CSTR-0654,302.7,1.057,3.98,2.31,10,2.51,366.9,0.425,61.3,midden
CSTR-0655,296.2,1.028,2.12,2.16,20,9.46,319.3,0.713,21.8,laag
CSTR-0656,299.1,1.06,4.51,2.55,10,2.22,318.4,0.776,17.6,laag
CSTR-0657,299.2,0.944,3.47,1.78,20,5.76,317.4,0.804,25.4,laag
CSTR-0658,304.8,0.947,2.57,2.74,10,3.88,322.0,0.805,19.8,laag
CSTR-0659,297.7,1.103,3.44,1.92,10,2.91,419.6,0.081,93.4,hoog
CSTR-0660,297.5,1.057,2.18,1.77,20,9.17,412.8,0.031,89.0,hoog
CSTR-0661,294.9,0.959,1.57,1.77,5,3.19,420.2,0.05,96.6,hoog
CSTR-0662,295.5,1.043,4.86,2.78,20,4.12,418.9,0.133,91.1,hoog
CSTR-0663,293.2,0.977,3.25,1.11,5,1.54,422.2,0.162,84.5,hoog
CSTR-0664,296.5,0.915,1.03,2.24,10,9.72,416.9,0.07,87.4,hoog
CSTR-0665,308.0,0.895,2.24,1.11,5,2.23,418.8,0.098,91.4,hoog
CSTR-0666,303.5,0.999,1.64,0.73,10,6.1,422.0,0.122,94.6,hoog
CSTR-0667,306.4,1.078,2.03,2.88,20,9.84,368.5,0.444,60.5,midden
CSTR-0668,295.2,1.076,1.22,0.82,5,4.09,373.2,0.394,56.3,midden
CSTR-0669,290.3,1.063,1.98,2.22,10,5.05,368.6,0.409,59.7,midden
CSTR-0670,301.6,1.042,3.73,1.56,5,1.34,373.3,0.395,61.1,midden
CSTR-0671,309.3,1.016,4.28,2.59,20,4.67,372.2,0.417,62.4,midden
CSTR-0672,297.6,1.058,2.39,2.43,10,4.18,417.9,0.069,94.3,hoog
CSTR-0673,300.5,0.899,3.09,0.86,20,6.47,368.4,0.418,63.8,midden
CSTR-0674,292.2,1.049,1.17,1.67,10,8.57,322.0,0.781,19.9,laag
CSTR-0675,300.1,0.944,1.36,0.57,5,3.67,323.6,0.802,15.1,laag
CSTR-0676,299.4,0.954,3.21,1.57,5,1.56,416.8,0.131,92.8,hoog
CSTR-0677,289.5,1.035,4.36,2.25,5,1.15,366.8,0.417,58.5,midden
CSTR-0678,294.8,1.046,1.35,1.08,5,3.7,367.3,0.383,64.8,midden
CSTR-0679,294.4,0.97,2.67,2.53,20,7.48,411.6,0.148,92.0,hoog
CSTR-0680,292.1,1.032,4.88,0.63,10,2.05,318.0,0.836,19.4,laag
CSTR-0681,296.4,1.028,3.96,0.59,5,1.26,365.0,0.424,66.4,midden
CSTR-0682,302.5,0.984,1.79,0.57,5,2.79,323.5,0.768,21.4,laag
CSTR-0683,296.8,1.008,2.14,1.2,5,2.34,420.4,0.089,93.7,hoog
CSTR-0684,305.7,1.104,4.79,1.67,5,1.04,417.7,0.149,87.8,hoog
CSTR-0685,298.2,0.986,1.88,0.77,10,5.31,373.5,0.406,57.1,midden
CSTR-0686,301.6,0.988,2.76,2.99,5,1.81,412.9,0.078,83.5,hoog
CSTR-0687,302.5,1.008,2.42,3.0,10,4.13,421.0,0.097,92.7,hoog
CSTR-0688,307.7,0.991,2.96,1.8,20,6.76,418.8,0.062,89.1,hoog
CSTR-0689,296.4,1.04,1.95,1.92,5,2.57,420.1,0.046,97.0,hoog
CSTR-0690,302.2,1.073,3.67,2.82,5,1.36,414.5,0.147,90.9,hoog
CSTR-0691,295.3,0.988,1.94,2.42,20,10.32,368.0,0.335,60.9,midden
CSTR-0692,308.6,0.957,3.41,0.92,20,5.87,371.7,0.422,64.1,midden
CSTR-0693,294.8,1.099,2.43,2.48,5,2.06,316.6,0.768,19.4,laag
CSTR-0694,301.9,1.006,2.01,1.08,5,2.49,319.6,0.742,18.5,laag
CSTR-0695,307.8,0.915,3.78,1.58,20,5.29,421.8,0.125,86.4,hoog
CSTR-0696,294.0,1.093,4.86,1.83,10,2.06,316.1,0.912,20.2,laag
CSTR-0697,303.0,1.056,4.48,2.29,10,2.23,362.8,0.446,61.2,midden
CSTR-0698,295.0,1.08,1.35,0.88,20,14.84,320.6,0.759,18.4,laag
CSTR-0699,311.6,1.072,2.82,0.69,5,1.77,376.0,0.38,64.2,midden
CSTR-0700,290.5,1.132,3.78,2.67,5,1.32,361.7,0.396,54.1,midden
CSTR-0701,292.4,0.948,3.25,2.57,5,1.54,417.4,0.096,92.4,hoog
CSTR-0702,294.4,0.96,3.91,1.81,20,5.12,418.8,0.142,86.8,hoog
CSTR-0703,294.6,0.975,4.9,2.16,20,4.08,419.8,0.14,92.4,hoog
CSTR-0704,302.6,0.974,2.37,2.3,10,4.22,368.9,0.381,60.4,midden
CSTR-0705,309.0,1.006,4.08,1.69,20,4.9,418.4,0.073,90.4,hoog
CSTR-0706,305.8,0.976,1.38,1.14,5,3.63,366.4,0.327,61.7,midden
CSTR-0707,301.2,0.941,4.48,1.7,20,4.47,370.0,0.395,62.4,midden
CSTR-0708,300.0,0.956,4.11,2.88,20,4.86,315.2,0.809,19.1,laag
CSTR-0709,297.0,0.985,3.08,2.59,5,1.62,414.9,0.098,91.1,hoog
CSTR-0710,302.0,1.057,4.28,1.66,5,1.17,320.1,0.879,22.2,laag
CSTR-0711,299.0,0.971,3.67,1.06,20,5.45,367.5,0.419,64.7,midden
CSTR-0712,300.9,1.04,3.21,2.72,20,6.23,418.0,0.094,91.6,hoog
CSTR-0713,296.3,0.934,4.78,2.1,5,1.05,370.0,0.457,58.9,midden
CSTR-0714,294.0,0.84,1.52,1.51,5,3.29,314.9,0.791,25.6,laag
CSTR-0715,300.1,0.993,4.97,0.78,20,4.02,374.3,0.443,63.9,midden
CSTR-0716,300.0,0.969,1.62,2.38,20,12.36,418.1,0.066,93.0,hoog
CSTR-0717,297.0,0.956,2.92,1.29,10,3.42,323.2,0.839,20.9,laag
CSTR-0718,296.2,0.95,1.93,2.02,5,2.6,417.6,0.082,89.9,hoog
CSTR-0719,302.8,0.965,2.09,1.92,20,9.58,425.0,0.043,85.4,hoog
CSTR-0720,302.3,0.951,3.53,2.25,5,1.42,423.1,0.098,93.6,hoog
CSTR-0721,309.4,0.955,1.14,1.84,5,4.39,370.2,0.372,50.8,midden
CSTR-0722,306.9,0.932,4.76,2.08,5,1.05,319.1,0.82,20.6,laag
CSTR-0723,294.0,0.894,2.12,0.7,5,2.36,363.8,0.393,59.1,midden
CSTR-0724,299.0,0.89,2.09,2.16,20,9.57,368.0,0.332,61.6,midden
CSTR-0725,293.2,1.123,4.45,0.99,10,2.25,421.2,0.161,89.2,hoog
CSTR-0726,290.8,0.997,4.06,1.48,10,2.46,419.1,0.109,90.5,hoog
CSTR-0727,311.0,1.076,3.69,1.78,20,5.42,421.1,0.101,88.4,hoog
CSTR-0728,307.4,0.991,1.59,2.22,10,6.31,370.8,0.396,60.4,midden
CSTR-0729,296.9,0.993,4.08,2.36,5,1.23,367.1,0.42,57.7,midden
CSTR-0730,306.2,1.015,2.44,2.26,20,8.19,319.7,0.772,19.9,laag
CSTR-0731,307.0,1.032,4.98,0.74,20,4.02,370.3,0.437,57.5,midden
CSTR-0732,290.4,0.938,3.68,1.47,20,5.43,415.5,0.106,95.3,hoog
CSTR-0733,304.3,0.981,4.34,1.2,5,1.15,376.0,0.411,55.3,midden
CSTR-0734,297.5,1.015,3.94,1.5,5,1.27,366.2,0.429,57.2,midden
CSTR-0735,301.9,0.903,3.38,2.12,5,1.48,318.1,0.8,18.9,laag
CSTR-0736,315.0,1.065,3.87,0.98,20,5.17,324.8,0.845,18.5,laag
CSTR-0737,307.9,1.053,3.39,1.76,5,1.47,369.5,0.362,62.5,midden
CSTR-0738,299.4,0.895,1.2,2.71,20,16.6,419.2,0.06,90.0,hoog
CSTR-0739,307.1,0.956,2.38,2.33,5,2.1,322.3,0.826,17.7,laag
CSTR-0740,290.4,1.005,2.27,2.31,5,2.21,317.6,0.77,18.9,laag
CSTR-0741,302.5,1.042,3.86,2.62,5,1.3,369.4,0.413,61.9,midden
CSTR-0742,302.6,1.076,3.3,1.5,5,1.51,321.9,0.851,13.4,laag
CSTR-0743,303.5,0.968,3.44,2.4,10,2.91,316.0,0.737,16.7,laag
CSTR-0744,297.5,1.117,4.39,0.65,5,1.14,317.3,0.881,19.0,laag
CSTR-0745,301.9,0.998,3.1,0.64,10,3.22,378.0,0.418,60.7,midden
CSTR-0746,304.3,0.989,1.87,1.33,20,10.68,372.1,0.377,59.9,midden
CSTR-0747,288.4,1.028,1.05,0.99,20,19.05,417.3,0.091,90.7,hoog
CSTR-0748,298.4,1.016,1.64,1.8,10,6.11,375.5,0.365,59.6,midden
CSTR-0749,295.5,1.013,1.12,0.96,20,17.82,366.2,0.331,62.2,midden
CSTR-0750,303.3,1.1,1.95,2.94,5,2.57,314.8,0.774,19.1,laag
CSTR-0751,306.9,1.012,3.54,2.63,10,2.82,417.0,0.1,87.8,hoog
CSTR-0752,296.9,0.951,1.61,2.96,10,6.23,369.7,0.357,56.3,midden
CSTR-0753,294.6,0.958,1.33,2.52,20,15.06,316.2,0.772,19.1,laag
CSTR-0754,300.6,1.074,4.88,2.88,20,4.1,367.0,0.444,59.6,midden
CSTR-0755,294.2,1.034,4.99,1.42,10,2.0,315.9,0.848,19.0,laag
CSTR-0756,298.9,0.922,3.55,1.74,20,5.64,368.9,0.45,55.0,midden
CSTR-0757,298.3,0.92,1.43,1.1,10,6.97,369.8,0.356,60.8,midden
CSTR-0758,302.9,1.001,4.29,2.09,10,2.33,364.3,0.468,59.9,midden
CSTR-0759,301.6,1.031,3.16,2.47,10,3.17,417.3,0.143,91.8,hoog
CSTR-0760,300.8,0.966,1.73,1.75,5,2.89,416.9,0.011,89.3,hoog
CSTR-0761,308.2,0.916,3.3,1.24,5,1.51,425.7,0.066,86.9,hoog
CSTR-0762,301.3,0.944,1.16,1.77,20,17.28,420.4,0.023,89.7,hoog
CSTR-0763,297.9,1.082,4.89,0.66,10,2.05,325.9,0.889,25.6,laag
CSTR-0764,298.5,1.025,4.3,2.3,20,4.65,362.5,0.426,57.8,midden
CSTR-0765,296.2,1.05,2.04,1.63,5,2.45,316.3,0.771,19.1,laag
CSTR-0766,294.9,1.058,2.68,2.75,20,7.47,314.8,0.758,17.3,laag
CSTR-0767,293.1,0.969,2.58,2.81,10,3.87,364.3,0.421,59.7,midden
CSTR-0768,305.7,0.981,4.45,0.81,10,2.25,422.9,0.117,87.4,hoog
CSTR-0769,296.4,0.992,2.42,2.99,5,2.07,365.8,0.325,59.1,midden
CSTR-0770,301.6,1.021,1.19,2.92,10,8.39,364.3,0.416,63.3,midden
CSTR-0771,298.5,1.054,1.86,2.07,20,10.76,377.2,0.379,62.1,midden
CSTR-0772,299.9,1.093,1.86,2.56,10,5.37,368.4,0.418,59.6,midden
CSTR-0773,305.8,1.041,4.8,0.55,5,1.04,416.4,0.138,89.7,hoog
CSTR-0774,300.9,1.041,4.7,2.93,10,2.13,369.4,0.421,62.3,midden
CSTR-0775,295.4,1.096,2.2,1.64,5,2.27,426.5,0.088,84.1,hoog
CSTR-0776,297.2,0.99,1.01,2.77,10,9.89,319.4,0.773,18.5,laag
CSTR-0777,304.3,1.059,3.07,1.46,5,1.63,417.4,0.083,94.2,hoog
CSTR-0778,302.4,1.029,4.19,2.47,5,1.19,317.0,0.771,22.2,laag
CSTR-0779,304.6,1.031,2.07,1.54,10,4.82,372.8,0.315,59.3,midden
CSTR-0780,298.8,0.989,2.76,1.41,20,7.26,417.2,0.096,84.0,hoog
CSTR-0781,293.0,0.93,1.69,2.87,5,2.96,366.1,0.381,54.3,midden
CSTR-0782,302.5,1.017,2.31,2.25,10,4.33,366.0,0.382,54.7,midden
CSTR-0783,301.3,1.017,4.04,2.6,20,4.96,369.7,0.392,56.5,midden
CSTR-0784,301.4,0.971,2.71,1.86,20,7.37,321.8,0.777,17.2,laag
CSTR-0785,293.1,0.995,2.79,2.8,20,7.17,320.7,0.798,22.9,laag
CSTR-0786,296.8,0.956,4.16,2.35,20,4.81,321.0,0.83,15.6,laag
CSTR-0787,295.3,0.956,4.05,0.68,5,1.23,325.4,0.816,17.6,laag
CSTR-0788,302.0,0.976,1.75,2.42,5,2.86,423.2,0.053,91.6,hoog
CSTR-0789,302.2,0.934,2.66,0.55,5,1.88,417.9,0.13,90.2,hoog
CSTR-0790,299.8,0.971,4.4,2.57,20,4.55,365.5,0.4,61.2,midden
CSTR-0791,304.8,1.036,2.83,1.33,5,1.77,418.1,0.069,89.7,hoog
CSTR-0792,307.5,1.073,3.65,2.0,10,2.74,320.2,0.806,23.4,laag
CSTR-0793,301.8,1.104,2.22,2.37,20,8.99,316.5,0.825,21.8,laag
CSTR-0794,303.4,0.98,1.24,2.09,10,8.08,418.0,0.084,86.6,hoog
CSTR-0795,297.3,1.06,1.66,2.18,20,12.05,371.6,0.375,57.9,midden
CSTR-0796,296.4,1.017,2.61,2.73,10,3.84,318.8,0.761,20.5,laag
CSTR-0797,305.0,0.988,2.41,1.43,10,4.14,419.1,0.061,90.1,hoog
CSTR-0798,295.6,1.02,4.58,1.87,10,2.18,421.2,0.124,93.0,hoog
CSTR-0799,303.5,1.055,3.18,0.94,5,1.57,372.3,0.393,63.5,midden
CSTR-0800,308.6,0.975,3.51,1.67,5,1.43,321.4,0.794,23.1,laag
CSTR-0801,303.3,0.974,3.75,0.88,20,5.33,373.6,0.456,59.6,midden
CSTR-0802,299.6,0.98,3.13,2.08,5,1.6,361.4,0.494,63.2,midden
CSTR-0803,293.3,0.969,4.08,1.31,5,1.23,417.0,0.097,93.6,hoog
CSTR-0804,300.8,1.06,4.13,2.65,5,1.21,414.7,0.146,90.5,hoog
CSTR-0805,305.0,0.962,2.41,1.36,20,8.31,420.9,0.113,85.0,hoog
CSTR-0806,299.1,0.971,1.34,1.22,20,14.93,422.8,0.05,86.9,hoog
CSTR-0807,305.1,1.016,4.95,1.73,5,1.01,368.5,0.416,58.4,midden
CSTR-0808,301.8,1.012,3.57,0.94,20,5.6,368.5,0.384,58.7,midden
CSTR-0809,301.5,0.98,3.84,1.01,20,5.21,364.6,0.432,57.7,midden
CSTR-0810,298.4,1.084,4.03,2.46,20,4.97,369.0,0.442,58.8,midden
CSTR-0811,292.7,0.968,3.45,1.74,5,1.45,315.3,0.84,21.5,laag
CSTR-0812,297.9,0.991,2.88,1.02,5,1.73,371.7,0.461,60.7,midden
CSTR-0813,297.8,0.904,4.94,0.58,10,2.02,319.0,0.85,18.4,laag
CSTR-0814,302.9,0.985,3.91,1.67,10,2.56,421.6,0.121,91.5,hoog
CSTR-0815,299.9,0.934,4.38,2.36,10,2.28,369.4,0.397,61.6,midden
CSTR-0816,305.4,0.954,2.76,1.38,20,7.25,415.4,0.116,91.3,hoog
CSTR-0817,301.4,0.902,4.62,1.12,10,2.16,373.5,0.34,60.1,midden
CSTR-0818,297.5,0.955,3.93,1.49,10,2.55,420.7,0.104,90.9,hoog
CSTR-0819,295.9,0.996,3.98,2.9,20,5.02,320.0,0.758,19.9,laag
CSTR-0820,297.0,0.988,1.35,1.56,20,14.84,415.4,0.057,89.1,hoog
CSTR-0821,300.8,0.979,3.47,1.15,5,1.44,317.5,0.833,21.9,laag
CSTR-0822,298.1,0.984,2.34,1.92,10,4.27,367.8,0.438,62.8,midden
CSTR-0823,294.6,0.975,3.68,2.53,5,1.36,316.9,0.741,17.6,laag
CSTR-0824,305.0,0.998,3.27,0.56,20,6.11,371.6,0.442,67.0,midden
CSTR-0825,300.8,0.994,1.44,1.9,10,6.92,413.4,0.06,86.7,hoog
CSTR-0826,301.4,1.014,3.12,2.59,10,3.21,418.8,0.102,89.8,hoog
CSTR-0827,295.9,0.99,2.81,1.04,10,3.57,319.7,0.821,21.8,laag
CSTR-0828,294.8,0.978,4.11,2.8,5,1.22,365.7,0.417,60.8,midden
CSTR-0829,299.2,1.039,3.01,1.94,10,3.32,419.1,0.08,87.1,hoog
CSTR-0830,289.9,1.03,2.92,1.79,5,1.71,369.1,0.383,60.6,midden
CSTR-0831,303.9,0.998,3.88,2.91,5,1.29,317.2,0.792,24.5,laag
CSTR-0832,296.5,1.06,3.67,0.82,20,5.44,368.1,0.42,59.4,midden
CSTR-0833,298.7,1.004,4.97,2.35,10,2.01,364.0,0.477,55.7,midden
CSTR-0834,302.1,0.992,2.41,2.55,5,2.08,320.8,0.814,15.8,laag
CSTR-0835,298.9,0.997,3.75,1.72,10,2.66,366.5,0.418,63.3,midden
CSTR-0836,294.2,1.008,1.67,0.52,10,5.99,367.6,0.354,58.9,midden
CSTR-0837,307.5,0.954,4.22,1.81,20,4.74,320.2,0.831,19.9,laag
CSTR-0838,292.3,0.906,4.14,0.88,5,1.21,371.9,0.472,60.9,midden
CSTR-0839,288.8,1.014,3.9,1.91,5,1.28,421.9,0.091,82.2,hoog
CSTR-0840,304.4,1.042,1.48,2.35,20,13.55,366.1,0.394,63.1,midden
CSTR-0841,292.7,0.95,4.95,1.83,5,1.01,316.4,0.849,25.4,laag
CSTR-0842,306.3,1.054,4.77,2.08,5,1.05,420.1,0.116,88.8,hoog
CSTR-0843,301.9,0.918,2.48,0.76,5,2.02,323.6,0.793,19.6,laag
CSTR-0844,301.4,0.972,3.31,0.74,20,6.04,419.9,0.092,92.1,hoog
CSTR-0845,297.2,1.085,4.56,2.63,5,1.1,419.4,0.109,88.6,hoog
CSTR-0846,295.9,1.018,2.98,0.62,10,3.36,419.5,0.071,93.3,hoog
CSTR-0847,298.1,0.985,3.4,1.21,20,5.89,370.7,0.386,61.5,midden
CSTR-0848,295.6,1.013,3.41,2.84,20,5.86,362.9,0.374,63.8,midden
CSTR-0849,306.0,1.06,3.6,1.65,20,5.56,421.6,0.174,86.5,hoog
CSTR-0850,296.3,0.928,3.3,2.19,5,1.51,319.8,0.774,21.1,laag
CSTR-0851,302.5,1.066,2.62,1.05,20,7.62,321.7,0.843,21.2,laag
CSTR-0852,305.0,0.975,3.16,1.18,5,1.58,365.5,0.413,62.1,midden
CSTR-0853,295.6,1.035,4.49,1.77,10,2.23,417.8,0.08,89.6,hoog
CSTR-0854,301.9,0.969,4.46,2.1,20,4.49,370.1,0.403,57.2,midden
CSTR-0855,295.5,1.084,4.09,2.9,20,4.89,364.4,0.436,55.6,midden
CSTR-0856,299.1,0.998,2.66,1.94,20,7.53,372.7,0.373,58.4,midden
CSTR-0857,297.7,0.934,4.14,0.74,10,2.41,378.1,0.425,58.1,midden
CSTR-0858,296.5,1.024,2.55,1.42,5,1.96,317.2,0.736,18.7,laag
CSTR-0859,300.8,1.065,3.66,1.11,20,5.47,372.7,0.418,59.4,midden
CSTR-0860,293.9,1.059,3.27,1.14,10,3.06,369.7,0.405,56.2,midden
CSTR-0861,304.6,1.005,2.2,1.76,5,2.27,371.3,0.441,56.9,midden
CSTR-0862,294.6,1.041,2.81,1.29,20,7.11,419.5,0.078,88.6,hoog
CSTR-0863,293.7,0.979,4.32,1.22,5,1.16,369.4,0.447,61.2,midden
CSTR-0864,298.7,1.03,4.65,2.92,20,4.3,415.6,0.174,88.1,hoog
CSTR-0865,298.1,1.018,1.82,1.96,10,5.49,370.4,0.41,61.2,midden
CSTR-0866,301.8,0.855,2.82,1.15,5,1.77,366.3,0.424,65.2,midden
CSTR-0867,300.4,0.95,2.73,1.19,10,3.66,418.6,0.09,89.9,hoog
CSTR-0868,291.9,1.01,2.96,2.53,20,6.77,417.4,0.113,94.9,hoog
CSTR-0869,304.9,1.008,4.91,2.72,10,2.04,366.3,0.421,63.6,midden
CSTR-0870,298.6,0.999,3.07,2.2,5,1.63,322.2,0.819,21.6,laag
CSTR-0871,301.2,1.004,4.32,1.58,5,1.16,371.6,0.394,58.6,midden
CSTR-0872,311.0,1.06,3.66,2.41,20,5.47,316.1,0.792,19.3,laag
CSTR-0873,306.4,1.018,1.43,2.84,5,3.5,317.2,0.831,22.7,laag
CSTR-0874,301.1,0.883,3.78,0.92,20,5.29,373.6,0.438,60.2,midden
CSTR-0875,293.1,1.097,3.59,2.65,10,2.79,417.9,0.07,95.8,hoog
CSTR-0876,293.2,0.905,4.03,2.62,10,2.48,366.7,0.427,59.0,midden
CSTR-0877,305.8,1.048,1.3,1.42,10,7.71,320.3,0.739,19.6,laag
CSTR-0878,298.0,0.922,1.97,1.23,20,10.18,323.9,0.796,25.6,laag
CSTR-0879,299.2,1.071,4.08,1.91,10,2.45,365.1,0.437,57.0,midden
CSTR-0880,294.3,0.986,2.48,1.18,20,8.06,425.6,0.095,96.2,hoog
CSTR-0881,302.2,1.019,4.64,0.86,10,2.15,422.1,0.115,83.5,hoog
CSTR-0882,305.7,0.901,3.07,2.88,10,3.26,422.9,0.14,87.5,hoog
CSTR-0883,307.6,1.036,1.0,1.73,5,4.98,420.2,0.042,86.6,hoog
CSTR-0884,297.8,1.021,3.8,1.68,10,2.63,376.9,0.424,55.0,midden
CSTR-0885,303.2,1.031,3.05,0.82,10,3.27,419.8,0.096,87.9,hoog
CSTR-0886,299.5,1.047,2.27,1.76,20,8.82,319.7,0.746,18.6,laag
CSTR-0887,304.4,1.009,1.08,2.36,5,4.62,321.2,0.752,20.6,laag
CSTR-0888,300.0,0.989,1.79,1.12,20,11.14,323.1,0.724,13.8,laag
CSTR-0889,295.9,0.959,1.65,1.42,10,6.07,317.1,0.788,25.4,laag
CSTR-0890,306.6,0.978,3.33,0.95,10,3.0,317.4,0.787,18.3,laag
CSTR-0891,300.5,1.06,4.08,1.39,5,1.23,417.8,0.114,90.6,hoog
CSTR-0892,298.2,0.958,1.94,2.65,10,5.16,366.8,0.396,58.2,midden
CSTR-0893,300.9,0.908,3.79,1.09,20,5.28,420.5,0.093,90.0,hoog
CSTR-0894,296.3,0.951,4.6,0.57,20,4.35,421.8,0.064,90.8,hoog
CSTR-0895,302.1,1.03,3.49,1.84,5,1.43,421.7,0.122,92.0,hoog
CSTR-0896,299.0,0.985,4.1,1.95,10,2.44,418.7,0.101,84.7,hoog
CSTR-0897,296.0,1.03,1.82,1.32,5,2.75,414.0,0.068,95.4,hoog
CSTR-0898,311.9,0.9,1.3,2.1,10,7.69,372.9,0.378,52.4,midden
CSTR-0899,295.0,0.851,2.46,0.59,10,4.06,374.8,0.352,60.7,midden
CSTR-0900,301.8,1.013,3.84,1.35,10,2.61,421.4,0.128,90.9,hoog
CSTR-0901,300.3,1.05,3.74,0.86,20,5.34,420.5,0.119,87.9,hoog
CSTR-0902,294.9,0.914,4.82,1.07,5,1.04,421.1,0.131,89.7,hoog
CSTR-0903,298.3,1.026,3.52,1.46,20,5.68,423.4,0.104,90.6,hoog
CSTR-0904,293.3,1.06,2.65,1.73,20,7.56,365.5,0.403,57.4,midden
CSTR-0905,310.3,1.0,4.19,0.73,20,4.77,420.7,0.143,81.9,hoog
CSTR-0906,298.7,1.045,1.61,0.75,5,3.1,419.5,0.023,88.6,hoog
CSTR-0907,299.1,1.01,4.25,2.19,20,4.7,365.2,0.449,65.6,midden
CSTR-0908,309.7,0.987,2.46,1.51,20,8.12,379.0,0.378,56.8,midden
CSTR-0909,295.9,1.041,1.62,0.94,10,6.19,421.1,0.023,88.3,hoog
CSTR-0910,306.5,1.096,1.65,1.09,10,6.07,368.1,0.371,58.5,midden
CSTR-0911,303.0,0.972,4.93,2.3,20,4.05,414.6,0.107,88.5,hoog
CSTR-0912,290.1,0.996,3.49,0.63,5,1.43,323.3,0.842,15.4,laag
CSTR-0913,298.1,0.95,1.7,1.77,20,11.79,372.7,0.328,62.5,midden
CSTR-0914,302.2,1.008,2.07,1.4,5,2.41,373.3,0.388,60.9,midden
CSTR-0915,300.2,0.992,2.49,2.53,10,4.02,373.6,0.396,59.0,midden
CSTR-0916,300.2,1.058,1.22,2.48,5,4.09,316.7,0.779,16.4,laag
CSTR-0917,297.0,1.071,1.43,2.22,20,13.95,314.4,0.792,18.0,laag
CSTR-0918,296.4,1.039,4.05,1.46,10,2.47,427.4,0.108,91.4,hoog
CSTR-0919,298.5,1.052,4.15,2.08,5,1.21,366.6,0.391,61.1,midden
CSTR-0920,309.8,0.965,4.95,2.1,20,4.04,371.7,0.374,59.7,midden
CSTR-0921,295.5,0.952,1.27,1.33,20,15.74,417.4,0.068,91.5,hoog
CSTR-0922,297.6,1.022,4.56,2.7,5,1.1,370.6,0.416,66.1,midden
CSTR-0923,300.1,1.001,2.27,2.96,5,2.2,413.3,0.121,93.3,hoog
CSTR-0924,292.7,1.1,2.31,1.29,5,2.16,377.4,0.41,56.1,midden
CSTR-0925,302.2,0.904,1.51,2.5,20,13.25,419.4,0.107,95.1,hoog
CSTR-0926,293.6,1.031,4.95,1.75,10,2.02,364.8,0.396,59.3,midden
CSTR-0927,294.6,1.03,4.92,1.66,10,2.03,412.8,0.111,92.3,hoog
CSTR-0928,294.3,0.962,4.46,1.47,20,4.48,369.3,0.441,59.1,midden
CSTR-0929,291.8,0.952,1.36,1.23,5,3.67,373.0,0.405,54.7,midden
CSTR-0930,306.3,0.983,4.37,2.8,20,4.58,416.7,0.199,90.7,hoog
CSTR-0931,302.6,0.918,3.54,2.35,20,5.65,422.4,0.12,94.0,hoog
CSTR-0932,304.6,1.073,1.52,1.6,20,13.2,417.2,0.075,87.0,hoog
CSTR-0933,304.2,1.135,2.05,2.38,20,9.77,320.9,0.813,18.7,laag
CSTR-0934,299.2,0.983,3.76,2.3,10,2.66,367.5,0.396,66.1,midden
CSTR-0935,299.9,0.968,4.21,1.17,5,1.19,372.8,0.399,63.9,midden
CSTR-0936,305.1,0.934,4.39,0.94,20,4.55,319.2,0.842,22.7,laag
CSTR-0937,308.2,0.945,3.18,2.59,20,6.3,366.9,0.422,62.0,midden
CSTR-0938,293.7,0.971,3.14,2.53,5,1.59,413.2,0.1,90.9,hoog
CSTR-0939,312.6,1.06,3.74,2.99,5,1.34,321.8,0.792,17.4,laag
CSTR-0940,293.4,1.16,4.11,0.55,20,4.87,319.8,0.86,18.4,laag
CSTR-0941,297.7,0.964,1.68,1.85,20,11.89,317.6,0.732,24.0,laag
CSTR-0942,300.4,0.955,3.96,2.25,5,1.26,417.0,0.12,89.5,hoog
CSTR-0943,300.8,0.942,2.37,1.96,5,2.11,370.8,0.396,54.7,midden
CSTR-0944,309.8,1.023,2.54,2.28,10,3.94,362.7,0.374,60.3,midden
CSTR-0945,305.1,1.017,1.31,0.84,20,15.26,418.0,0.111,84.1,hoog
CSTR-0946,302.1,1.005,3.35,0.5,5,1.49,326.3,0.805,17.9,laag
CSTR-0947,305.2,0.978,1.37,0.73,5,3.64,372.7,0.353,54.8,midden
CSTR-0948,301.7,1.068,4.65,1.45,10,2.15,318.5,0.772,20.0,laag
CSTR-0949,296.6,1.038,3.48,1.32,10,2.87,322.7,0.906,20.7,laag
CSTR-0950,302.4,1.036,4.96,2.69,5,1.01,318.5,0.837,24.4,laag
CSTR-0951,300.3,1.019,1.98,0.71,20,10.09,375.7,0.333,61.7,midden
CSTR-0952,295.8,0.991,3.72,1.61,20,5.38,367.5,0.385,58.5,midden
CSTR-0953,306.3,0.964,4.86,2.89,20,4.12,315.4,0.869,17.3,laag
CSTR-0954,299.7,1.026,2.19,1.76,10,4.56,315.3,0.755,21.3,laag
CSTR-0955,294.4,1.021,1.39,0.83,5,3.61,324.0,0.781,14.9,laag
CSTR-0956,295.2,1.028,3.54,1.23,5,1.41,323.3,0.83,24.5,laag
CSTR-0957,302.7,0.922,2.46,2.07,10,4.06,321.2,0.775,21.3,laag
CSTR-0958,305.2,1.017,2.09,0.53,20,9.56,319.5,0.761,16.5,laag
CSTR-0959,302.4,0.985,4.97,2.92,5,1.01,413.1,0.145,87.6,hoog
CSTR-0960,302.4,0.956,4.02,1.92,20,4.98,372.1,0.435,58.4,midden
CSTR-0961,295.9,1.036,2.94,2.26,5,1.7,418.8,0.053,89.7,hoog
CSTR-0962,300.5,1.009,1.2,1.75,10,8.33,416.8,0.01,90.9,hoog
CSTR-0963,298.3,1.118,1.77,2.89,10,5.66,368.9,0.415,59.2,midden
CSTR-0964,299.0,1.024,2.2,1.97,20,9.11,424.6,0.103,91.0,hoog
CSTR-0965,299.4,0.985,2.95,2.15,10,3.39,367.6,0.408,58.6,midden
CSTR-0966,296.7,0.995,2.99,2.65,5,1.67,367.1,0.377,64.3,midden
CSTR-0967,303.8,0.941,1.1,2.65,10,9.1,420.9,0.093,92.3,hoog
CSTR-0968,295.0,1.062,4.77,0.57,20,4.19,325.1,0.872,23.3,laag
CSTR-0969,293.5,1.016,3.17,1.21,10,3.15,320.1,0.806,21.1,laag
CSTR-0970,296.1,1.017,1.08,1.12,5,4.63,315.1,0.754,23.5,laag
CSTR-0971,304.4,0.947,3.81,0.52,10,2.63,425.6,0.125,83.6,hoog
CSTR-0972,301.7,1.039,1.29,2.69,5,3.89,365.8,0.376,59.9,midden
CSTR-0973,291.1,0.953,3.88,1.29,20,5.15,420.8,0.098,94.5,hoog
CSTR-0974,303.0,0.972,3.81,1.37,5,1.31,374.0,0.367,63.0,midden
CSTR-0975,299.8,1.006,4.94,0.75,10,2.02,373.5,0.446,61.8,midden
CSTR-0976,297.9,0.971,2.37,2.97,10,4.22,367.2,0.381,57.9,midden
CSTR-0977,298.8,0.96,1.58,2.57,20,12.68,367.6,0.391,62.1,midden
CSTR-0978,293.3,0.997,1.37,1.93,10,7.31,416.2,0.118,91.4,hoog
CSTR-0979,300.9,1.051,1.29,2.43,20,15.54,369.0,0.331,56.1,midden
CSTR-0980,293.7,1.045,4.24,2.44,20,4.72,364.3,0.441,63.1,midden
CSTR-0981,298.2,1.035,3.87,2.14,5,1.29,321.1,0.776,19.5,laag
CSTR-0982,298.3,1.024,4.9,0.94,10,2.04,373.8,0.482,57.0,midden
CSTR-0983,303.8,0.976,2.24,2.3,5,2.24,368.6,0.354,56.3,midden
CSTR-0984,300.2,1.056,4.21,1.92,20,4.75,417.1,0.105,88.4,hoog
CSTR-0985,303.5,0.913,1.37,2.31,20,14.58,413.5,0.046,90.8,hoog
CSTR-0986,294.0,1.022,4.62,1.86,20,4.33,366.2,0.442,58.7,midden
CSTR-0987,299.5,1.042,1.21,2.89,5,4.14,315.1,0.775,17.3,laag
CSTR-0988,302.7,0.995,4.15,2.07,5,1.2,419.3,0.141,87.9,hoog
CSTR-0989,306.2,0.964,2.23,1.93,20,8.97,317.1,0.82,20.5,laag
CSTR-0990,294.3,0.998,1.72,2.61,10,5.8,369.9,0.366,62.9,midden
CSTR-0991,295.8,0.962,3.82,1.45,10,2.62,324.0,0.794,20.2,laag
CSTR-0992,302.5,1.026,4.58,1.29,10,2.18,371.0,0.405,65.3,midden
CSTR-0993,308.1,1.047,4.06,1.76,20,4.93,366.2,0.428,57.3,midden
CSTR-0994,301.4,1.022,2.25,1.96,20,8.88,362.5,0.386,58.1,midden
CSTR-0995,294.5,1.019,2.41,1.05,10,4.14,420.5,0.048,91.7,hoog
CSTR-0996,294.5,1.038,1.76,2.21,5,2.85,366.8,0.399,59.5,midden
CSTR-0997,300.7,1.044,4.3,2.51,10,2.33,365.0,0.415,63.4,midden
CSTR-0998,301.8,0.961,1.43,1.94,5,3.5,368.4,0.413,55.9,midden
CSTR-0999,298.9,0.923,4.61,1.81,10,2.17,326.6,0.824,20.9,laag
CSTR-1000,294.6,1.014,3.4,1.24,20,5.87,425.4,0.076,92.1,hoog
CSTR-1001,305.5,1.046,3.36,2.77,10,2.98,423.3,0.118,84.6,hoog
CSTR-1002,298.3,0.921,4.35,2.39,5,1.15,366.7,0.455,56.1,midden
CSTR-1003,302.6,1.003,3.67,1.7,5,1.36,369.0,0.426,58.1,midden
CSTR-1004,291.1,1.056,2.22,2.15,10,4.51,370.8,0.425,55.9,midden
CSTR-1005,306.0,0.994,2.4,1.34,20,8.34,421.1,0.064,89.7,hoog
CSTR-1006,296.6,1.076,1.69,0.65,20,11.82,423.1,0.097,92.1,hoog
CSTR-1007,306.7,1.067,2.86,1.01,5,1.75,367.9,0.437,58.4,midden
CSTR-1008,303.1,0.991,1.44,0.7,20,13.88,423.2,0.079,92.2,hoog
CSTR-1009,292.9,0.982,3.61,1.77,10,2.77,364.3,0.444,56.9,midden
CSTR-1010,301.2,0.983,1.68,2.06,5,2.98,311.9,0.776,17.6,laag
CSTR-1011,308.3,1.007,4.46,1.45,5,1.12,369.8,0.464,57.9,midden
CSTR-1012,297.0,0.941,3.8,1.83,10,2.63,371.9,0.434,59.4,midden
CSTR-1013,308.3,0.932,4.57,0.71,10,2.19,323.5,0.819,15.1,laag
CSTR-1014,301.9,0.886,1.35,2.42,10,7.42,367.8,0.35,55.6,midden
CSTR-1015,306.7,0.999,4.19,0.58,20,4.77,366.2,0.442,55.2,midden
CSTR-1016,300.8,1.102,4.52,2.09,20,4.42,414.1,0.124,90.7,hoog
CSTR-1017,299.4,0.9,1.18,1.58,20,16.97,418.9,0.065,91.0,hoog
CSTR-1018,309.2,0.991,5.0,0.96,10,2.0,421.0,0.14,80.7,hoog
CSTR-1019,303.6,0.989,2.2,1.81,20,9.08,319.6,0.757,24.9,laag
CSTR-1020,298.8,0.992,1.85,2.45,20,10.83,373.4,0.374,54.1,midden
CSTR-1021,302.1,1.063,2.66,1.53,10,3.76,370.6,0.381,62.7,midden
CSTR-1022,297.2,0.956,1.03,1.42,10,9.67,373.9,0.367,63.2,midden
CSTR-1023,300.5,0.903,4.54,0.86,10,2.2,319.2,0.832,23.4,laag
CSTR-1024,306.0,0.973,2.07,1.99,5,2.41,312.9,0.772,18.1,laag
CSTR-1025,299.2,0.967,3.09,2.57,10,3.24,321.0,0.796,20.3,laag
CSTR-1026,295.6,0.888,3.49,1.9,10,2.86,422.7,0.063,89.4,hoog
CSTR-1027,295.2,1.012,4.16,0.91,20,4.8,325.1,0.847,25.4,laag
CSTR-1028,300.4,0.941,2.0,2.15,5,2.5,315.9,0.762,19.2,laag
CSTR-1029,296.0,0.996,3.87,0.58,20,5.17,319.7,0.847,24.2,laag
CSTR-1030,292.8,0.982,1.47,2.6,5,3.4,415.4,0.012,87.0,hoog
CSTR-1031,294.0,0.946,3.82,2.8,10,2.62,318.3,0.836,18.1,laag
CSTR-1032,305.9,1.045,4.68,1.99,5,1.07,316.8,0.826,19.1,laag
CSTR-1033,299.3,0.986,1.34,2.7,10,7.46,368.5,0.407,60.1,midden
CSTR-1034,300.3,1.003,1.47,0.71,5,3.41,374.4,0.407,59.8,midden
CSTR-1035,295.2,1.029,3.23,1.07,20,6.19,372.5,0.476,58.2,midden
CSTR-1036,297.1,1.014,1.19,1.29,5,4.22,417.1,0.093,83.7,hoog
CSTR-1037,296.9,1.007,1.75,2.43,5,2.86,320.7,0.752,16.2,laag
CSTR-1038,298.6,0.959,1.76,1.71,10,5.68,319.6,0.802,21.7,laag
CSTR-1039,291.7,0.944,2.92,1.37,20,6.84,317.7,0.803,22.6,laag
CSTR-1040,305.4,1.008,1.99,0.9,20,10.03,424.8,0.059,89.1,hoog
CSTR-1041,299.9,0.952,2.9,2.53,10,3.45,318.1,0.823,17.6,laag
CSTR-1042,301.0,1.04,3.08,0.55,10,3.24,426.2,0.106,84.9,hoog
CSTR-1043,304.6,0.994,3.92,1.34,20,5.1,423.9,0.196,94.2,hoog
CSTR-1044,304.2,1.032,4.78,1.11,5,1.05,373.3,0.45,61.6,midden
CSTR-1045,297.1,0.951,3.01,0.82,20,6.63,420.9,0.091,86.3,hoog
CSTR-1046,303.0,0.943,2.42,0.93,20,8.26,367.2,0.323,61.0,midden
CSTR-1047,303.0,1.084,2.03,1.73,20,9.83,365.4,0.324,60.2,midden
CSTR-1048,301.6,0.993,3.54,1.57,10,2.83,377.8,0.398,63.1,midden
CSTR-1049,305.3,1.046,4.77,1.8,10,2.1,371.5,0.459,60.5,midden
CSTR-1050,304.0,0.929,4.06,2.32,5,1.23,322.7,0.85,19.7,laag
CSTR-1051,303.6,0.986,1.82,2.73,5,2.74,368.4,0.405,61.8,midden
CSTR-1052,306.8,1.065,4.57,0.8,20,4.37,421.8,0.077,92.9,hoog
CSTR-1053,300.1,0.922,3.94,0.71,10,2.54,371.9,0.395,60.0,midden
CSTR-1054,300.3,1.114,1.51,1.3,20,13.23,421.1,0.05,86.6,hoog
CSTR-1055,304.1,1.01,3.85,1.87,10,2.6,319.8,0.843,21.7,laag
CSTR-1056,299.1,0.959,2.16,0.75,20,9.27,426.3,0.071,91.9,hoog
CSTR-1057,302.4,1.018,2.97,2.29,5,1.69,371.3,0.438,61.0,midden
CSTR-1058,297.2,1.055,2.2,1.89,20,9.09,370.1,0.388,61.3,midden
CSTR-1059,288.6,0.959,1.34,2.37,10,7.48,419.7,0.055,88.5,hoog
CSTR-1060,303.0,0.966,4.07,1.39,10,2.45,423.4,0.115,90.4,hoog
CSTR-1061,292.3,1.012,4.31,1.5,20,4.64,370.3,0.385,62.9,midden
CSTR-1062,296.5,1.023,1.93,2.52,5,2.59,419.4,0.064,91.3,hoog
CSTR-1063,304.1,0.99,1.96,1.17,20,10.21,323.3,0.794,22.8,laag
CSTR-1064,304.2,1.02,2.72,1.45,20,7.35,372.6,0.391,62.8,midden
CSTR-1065,305.9,1.043,4.25,0.53,10,2.36,422.5,0.083,95.5,hoog
CSTR-1066,289.9,1.009,1.31,1.89,10,7.64,320.7,0.686,23.4,laag
CSTR-1067,301.5,0.965,4.23,2.63,5,1.18,314.7,0.782,18.4,laag
CSTR-1068,298.7,0.999,4.69,0.57,20,4.26,372.2,0.401,58.7,midden
CSTR-1069,304.9,1.088,3.25,2.03,5,1.54,369.4,0.437,54.5,midden
CSTR-1070,307.4,1.017,1.24,2.61,20,16.11,370.8,0.329,57.6,midden
CSTR-1071,293.5,1.062,2.08,1.73,5,2.41,366.8,0.37,61.4,midden
CSTR-1072,300.1,0.974,1.45,1.28,20,13.84,368.8,0.331,62.7,midden
CSTR-1073,304.2,1.013,2.04,2.99,5,2.45,364.9,0.392,57.2,midden
CSTR-1074,298.3,1.04,4.25,0.66,20,4.71,373.4,0.448,62.4,midden
CSTR-1075,308.7,1.075,1.22,1.03,10,8.18,416.7,0.086,90.5,hoog
CSTR-1076,298.0,1.061,2.14,2.71,20,9.37,414.6,0.083,93.4,hoog
CSTR-1077,298.5,0.944,3.07,1.24,20,6.52,414.3,0.105,93.6,hoog
CSTR-1078,294.6,1.058,4.5,2.55,10,2.22,315.3,0.861,21.2,laag
CSTR-1079,300.8,1.084,2.0,1.33,20,10.0,370.5,0.374,59.0,midden
CSTR-1080,284.9,0.971,4.11,2.53,5,1.22,420.0,0.115,90.9,hoog
CSTR-1081,298.8,0.955,3.33,2.21,20,6.0,372.5,0.435,63.0,midden
CSTR-1082,306.3,0.999,3.71,1.67,5,1.35,416.1,0.111,93.7,hoog
CSTR-1083,293.0,1.009,4.45,1.81,10,2.25,367.6,0.432,59.2,midden
CSTR-1084,291.9,0.982,1.11,0.94,5,4.52,421.6,0.101,93.9,hoog
CSTR-1085,305.6,0.941,3.12,0.79,10,3.21,321.0,0.788,19.6,laag
CSTR-1086,306.3,1.074,3.99,2.29,5,1.25,366.6,0.447,67.9,midden
CSTR-1087,293.2,0.957,4.54,2.62,10,2.2,411.8,0.149,88.5,hoog
CSTR-1088,308.7,0.975,1.53,2.3,20,13.07,415.9,0.076,87.5,hoog
CSTR-1089,302.2,1.005,2.37,2.78,5,2.11,371.5,0.392,62.7,midden
CSTR-1090,305.2,0.926,1.31,2.73,10,7.61,321.5,0.718,22.3,laag
CSTR-1091,296.0,0.923,4.34,2.45,20,4.61,425.8,0.179,86.5,hoog
CSTR-1092,307.4,0.978,4.43,2.75,20,4.52,370.9,0.421,59.8,midden
CSTR-1093,298.7,1.041,2.93,0.92,10,3.41,318.1,0.819,21.8,laag
CSTR-1094,298.4,1.009,1.08,2.33,10,9.23,369.6,0.392,60.1,midden
CSTR-1095,302.4,0.897,1.41,2.38,5,3.55,370.1,0.374,62.9,midden
CSTR-1096,298.0,1.069,3.5,0.88,10,2.86,373.0,0.451,61.3,midden
CSTR-1097,292.4,1.04,4.93,2.77,20,4.06,416.2,0.168,92.5,hoog
CSTR-1098,300.7,1.01,4.36,0.52,10,2.3,371.2,0.372,60.8,midden
CSTR-1099,298.4,1.008,4.19,1.59,5,1.19,371.1,0.424,63.0,midden
CSTR-1100,296.2,1.034,2.67,0.55,5,1.87,319.0,0.731,23.1,laag
CSTR-1101,306.2,1.116,4.94,1.81,5,1.01,373.3,0.436,60.6,midden
CSTR-1102,312.0,1.044,4.3,1.53,5,1.16,317.9,0.802,20.0,laag
CSTR-1103,295.4,1.015,2.34,2.06,5,2.13,314.9,0.759,19.0,laag
CSTR-1104,301.0,0.939,3.99,2.42,5,1.25,317.1,0.821,19.2,laag
CSTR-1105,298.0,1.008,2.73,2.42,10,3.66,319.6,0.815,21.0,laag
CSTR-1106,311.4,1.039,3.64,2.31,5,1.37,322.6,0.766,22.2,laag
CSTR-1107,302.5,0.994,4.88,0.75,10,2.05,373.1,0.503,63.5,midden
CSTR-1108,304.6,0.974,1.99,1.54,10,5.04,318.5,0.792,14.9,laag
CSTR-1109,305.9,1.028,4.18,2.54,20,4.78,318.0,0.823,13.1,laag
CSTR-1110,300.7,0.951,3.36,2.14,10,2.97,417.5,0.102,89.6,hoog
CSTR-1111,299.1,1.043,4.8,2.2,10,2.08,371.7,0.386,60.4,midden
CSTR-1112,307.6,0.978,1.54,1.07,10,6.5,372.3,0.35,54.2,midden
CSTR-1113,303.9,0.894,3.88,1.31,5,1.29,324.9,0.78,20.7,laag
CSTR-1114,295.8,0.977,1.15,2.89,10,8.71,369.1,0.341,56.6,midden
CSTR-1115,296.4,0.997,1.99,2.62,20,10.07,366.6,0.398,60.4,midden
CSTR-1116,298.1,1.028,2.28,0.91,10,4.38,370.6,0.363,54.2,midden
CSTR-1117,305.8,1.022,2.73,1.86,5,1.83,370.1,0.407,58.3,midden
CSTR-1118,307.4,0.935,4.86,1.73,10,2.06,420.1,0.152,90.8,hoog
CSTR-1119,310.8,1.006,1.27,1.61,5,3.94,423.1,0.072,91.7,hoog
CSTR-1120,296.5,0.973,1.68,1.68,5,2.98,420.6,0.132,90.3,hoog
CSTR-1121,300.7,0.982,1.81,2.11,5,2.76,317.2,0.784,16.7,laag
CSTR-1122,298.0,0.95,2.7,2.92,10,3.71,373.1,0.435,61.2,midden
CSTR-1123,299.1,0.997,1.24,2.69,10,8.05,318.2,0.821,17.4,laag
CSTR-1124,304.6,1.157,4.86,2.69,10,2.06,365.2,0.441,61.4,midden
CSTR-1125,299.8,1.093,3.24,2.26,20,6.17,370.3,0.499,65.0,midden
CSTR-1126,306.6,0.95,4.25,0.54,20,4.7,369.4,0.462,59.1,midden
CSTR-1127,297.4,1.003,4.09,1.6,5,1.22,370.5,0.391,66.3,midden
CSTR-1128,303.7,0.984,3.64,1.78,20,5.49,419.7,0.15,91.8,hoog
CSTR-1129,297.8,1.007,4.62,2.61,10,2.17,417.8,0.113,89.3,hoog
CSTR-1130,290.8,1.046,4.61,2.81,10,2.17,313.9,0.85,25.7,laag
CSTR-1131,294.9,0.994,1.51,1.63,10,6.62,418.9,0.103,90.0,hoog
CSTR-1132,300.6,0.964,4.61,1.25,20,4.34,420.2,0.156,87.4,hoog
CSTR-1133,309.6,1.058,3.1,1.34,5,1.62,321.2,0.786,18.2,laag
CSTR-1134,297.7,0.938,2.07,1.95,20,9.65,374.4,0.353,60.2,midden
CSTR-1135,299.2,1.009,3.43,1.19,5,1.46,418.9,0.077,87.9,hoog
CSTR-1136,302.4,0.926,2.12,2.78,10,4.71,368.3,0.426,58.9,midden
CSTR-1137,297.0,0.949,2.92,1.55,5,1.71,365.7,0.423,58.2,midden
CSTR-1138,297.6,1.037,4.27,2.98,20,4.69,360.6,0.464,61.7,midden
CSTR-1139,300.4,0.966,1.13,0.77,20,17.72,420.5,0.01,96.0,hoog
CSTR-1140,297.8,0.906,1.73,0.97,20,11.54,425.1,0.093,89.6,hoog
CSTR-1141,291.1,0.964,4.83,1.78,10,2.07,314.8,0.815,17.3,laag
CSTR-1142,296.7,0.959,2.78,2.67,10,3.6,369.5,0.36,59.8,midden
CSTR-1143,303.1,0.937,2.21,1.38,20,9.04,374.1,0.341,57.1,midden
CSTR-1144,303.2,1.028,4.69,2.59,10,2.13,322.4,0.838,29.4,laag
CSTR-1145,306.7,0.923,4.64,1.56,20,4.31,372.5,0.422,63.3,midden
CSTR-1146,306.3,0.971,1.18,2.63,5,4.25,416.0,0.078,94.7,hoog
CSTR-1147,295.5,1.007,2.45,1.19,5,2.04,416.5,0.093,92.5,hoog
CSTR-1148,296.3,0.983,4.65,1.68,10,2.15,413.6,0.152,86.4,hoog
CSTR-1149,296.5,0.98,1.72,1.2,10,5.82,325.9,0.769,21.2,laag
CSTR-1150,299.2,0.964,3.31,1.04,10,3.02,423.5,0.081,91.3,hoog
CSTR-1151,296.9,0.939,2.28,1.55,10,4.38,371.5,0.412,63.3,midden
CSTR-1152,299.1,0.968,3.95,1.34,5,1.27,313.1,0.834,21.1,laag
CSTR-1153,295.6,1.033,1.63,2.47,20,12.25,369.5,0.374,57.5,midden
CSTR-1154,303.9,0.978,3.38,2.37,20,5.91,419.3,0.107,96.2,hoog
CSTR-1155,295.3,1.008,1.0,1.4,10,10.0,370.7,0.348,62.6,midden
CSTR-1156,295.0,1.056,2.01,2.98,20,9.95,415.3,0.102,89.0,hoog
CSTR-1157,302.6,1.03,1.65,2.93,10,6.07,367.9,0.393,60.0,midden
CSTR-1158,303.6,0.936,1.84,2.79,20,10.87,364.6,0.344,61.5,midden
CSTR-1159,298.9,1.022,4.44,1.97,10,2.25,319.2,0.879,19.0,laag
CSTR-1160,304.3,1.052,4.66,1.53,10,2.15,316.5,0.83,20.4,laag
CSTR-1161,304.0,0.971,4.02,1.28,20,4.97,373.9,0.407,61.0,midden
CSTR-1162,309.5,0.921,3.36,0.54,10,2.98,375.4,0.439,59.5,midden
CSTR-1163,303.7,0.978,1.92,2.08,20,10.4,371.4,0.398,62.2,midden
CSTR-1164,308.5,1.009,2.1,1.88,5,2.38,365.6,0.399,59.1,midden
CSTR-1165,300.3,1.03,2.24,2.07,10,4.47,419.1,0.105,88.2,hoog
CSTR-1166,307.0,0.974,4.11,1.94,10,2.43,372.0,0.457,63.0,midden
CSTR-1167,307.1,0.898,2.01,0.84,5,2.49,374.3,0.343,61.9,midden
CSTR-1168,299.3,0.936,4.89,2.24,10,2.04,373.8,0.416,59.9,midden
CSTR-1169,296.6,1.018,4.19,1.4,5,1.19,317.0,0.871,18.1,laag
CSTR-1170,297.4,1.1,5.0,1.79,20,4.0,418.2,0.124,92.6,hoog
CSTR-1171,302.1,0.999,2.84,1.41,5,1.76,421.7,0.064,89.9,hoog
CSTR-1172,294.3,1.066,3.36,0.55,20,5.96,321.8,0.822,19.3,laag
CSTR-1173,297.7,0.947,2.12,2.69,5,2.36,420.0,0.067,88.3,hoog
CSTR-1174,306.0,0.968,3.41,0.87,5,1.46,416.3,0.125,86.4,hoog
CSTR-1175,303.3,0.883,4.9,1.96,5,1.02,418.4,0.127,93.0,hoog
CSTR-1176,288.2,1.018,1.12,2.71,10,8.92,365.4,0.35,57.4,midden
CSTR-1177,293.3,0.955,2.16,1.05,10,4.64,422.6,0.052,85.9,hoog
CSTR-1178,310.8,1.03,2.13,1.53,10,4.71,324.6,0.799,19.7,laag
CSTR-1179,305.9,0.975,4.93,1.44,10,2.03,371.7,0.431,60.9,midden
CSTR-1180,297.1,1.101,1.53,0.72,20,13.07,327.3,0.781,24.5,laag
CSTR-1181,292.6,1.09,4.25,1.56,5,1.18,368.9,0.405,60.9,midden
CSTR-1182,293.8,0.885,2.1,1.7,20,9.53,417.1,0.089,83.9,hoog
CSTR-1183,302.5,1.03,4.44,0.57,5,1.13,427.0,0.13,87.1,hoog
CSTR-1184,309.9,0.963,2.95,1.72,5,1.69,420.0,0.095,94.6,hoog
CSTR-1185,309.6,1.032,1.97,0.73,20,10.16,370.3,0.396,59.9,midden
CSTR-1186,292.1,0.933,3.84,2.73,5,1.3,419.8,0.051,86.8,hoog
CSTR-1187,298.5,1.072,4.37,2.13,10,2.29,366.4,0.399,56.0,midden
CSTR-1188,295.7,1.052,2.88,0.64,10,3.47,322.9,0.795,21.8,laag
CSTR-1189,300.7,0.929,3.86,2.57,20,5.19,372.1,0.418,57.2,midden
CSTR-1190,293.3,0.991,1.73,1.4,20,11.59,369.5,0.385,59.7,midden
CSTR-1191,297.3,1.008,4.75,1.06,20,4.21,324.5,0.816,18.8,laag
CSTR-1192,295.7,1.036,1.39,1.13,10,7.22,421.6,0.079,95.3,hoog
CSTR-1193,302.6,0.999,1.89,1.99,5,2.65,364.7,0.366,56.7,midden
CSTR-1194,297.4,1.039,2.15,0.7,20,9.29,424.2,0.062,94.2,hoog
CSTR-1195,298.1,0.996,1.61,0.65,5,3.1,376.2,0.389,66.7,midden
CSTR-1196,302.6,1.031,2.63,2.07,5,1.9,320.7,0.817,16.9,laag
CSTR-1197,308.2,0.932,2.83,2.95,20,7.06,316.9,0.813,15.7,laag
CSTR-1198,310.6,0.999,3.07,1.71,20,6.51,421.6,0.107,90.9,hoog
CSTR-1199,302.3,1.058,1.16,1.53,10,8.6,318.6,0.777,20.2,laag
CSTR-1200,299.6,1.071,1.88,2.87,20,10.66,371.5,0.391,64.1,midden
CSTR-1201,306.6,1.009,4.23,1.1,10,2.36,322.3,0.853,16.4,laag
CSTR-1202,305.8,0.995,4.24,1.1,10,2.36,372.5,0.469,60.7,midden
CSTR-1203,304.4,1.068,2.32,2.76,5,2.16,317.5,0.822,21.3,laag
CSTR-1204,292.1,0.995,2.84,2.12,10,3.52,321.3,0.754,20.3,laag
CSTR-1205,306.0,1.057,1.73,0.63,5,2.88,419.7,0.063,88.8,hoog
CSTR-1206,301.8,0.995,4.29,2.18,10,2.33,376.0,0.477,59.9,midden
CSTR-1207,295.5,1.002,4.83,2.55,20,4.14,367.7,0.389,69.3,midden
CSTR-1208,296.6,0.945,2.17,1.18,5,2.31,421.1,0.068,84.9,hoog
CSTR-1209,302.9,0.938,4.13,1.46,20,4.85,417.7,0.176,96.8,hoog
CSTR-1210,287.4,1.049,2.41,0.99,5,2.08,374.9,0.356,58.5,midden
CSTR-1211,299.4,1.086,1.01,2.08,10,9.9,420.3,0.041,86.6,hoog
CSTR-1212,296.7,1.005,3.4,2.16,5,1.47,420.8,0.105,86.8,hoog
CSTR-1213,296.2,0.992,2.64,0.67,20,7.57,369.7,0.352,59.6,midden
CSTR-1214,297.7,1.051,4.03,2.19,5,1.24,422.6,0.149,90.4,hoog
CSTR-1215,292.6,1.017,4.0,2.15,20,5.01,416.2,0.137,90.2,hoog
CSTR-1216,305.3,0.88,4.78,0.59,5,1.05,425.2,0.164,88.8,hoog
CSTR-1217,289.4,1.05,2.75,1.89,10,3.63,367.1,0.35,64.9,midden
CSTR-1218,300.8,0.933,2.93,2.03,5,1.71,415.5,0.111,86.6,hoog
CSTR-1219,295.8,0.999,2.6,1.58,20,7.69,318.0,0.791,18.9,laag
CSTR-1220,309.9,0.978,2.19,2.75,10,4.57,415.1,0.035,89.9,hoog
CSTR-1221,300.1,0.968,3.55,1.32,5,1.41,320.3,0.869,19.9,laag
CSTR-1222,289.4,1.002,4.31,0.67,10,2.32,375.4,0.397,56.7,midden
CSTR-1223,302.7,1.045,1.63,2.18,20,12.26,424.4,0.088,90.3,hoog
CSTR-1224,294.5,1.002,4.93,2.01,10,2.03,325.9,0.828,21.2,laag
CSTR-1225,304.9,1.07,3.74,2.97,20,5.35,316.9,0.836,21.2,laag
CSTR-1226,303.1,1.077,4.12,1.08,5,1.21,370.9,0.41,61.3,midden
CSTR-1227,307.4,1.076,5.0,1.49,20,4.0,421.6,0.17,87.8,hoog
CSTR-1228,300.9,0.997,3.02,1.65,20,6.63,314.9,0.847,16.7,laag
CSTR-1229,304.1,0.976,1.29,2.65,20,15.56,366.4,0.368,57.3,midden
CSTR-1230,300.2,0.998,4.16,1.54,20,4.81,368.2,0.374,57.6,midden
CSTR-1231,297.1,1.056,4.48,2.43,5,1.12,315.2,0.796,13.0,laag
CSTR-1232,305.3,1.053,1.65,0.89,20,12.12,370.8,0.429,59.4,midden
CSTR-1233,293.8,0.87,1.1,1.52,20,18.24,315.1,0.773,19.6,laag
CSTR-1234,299.8,1.015,1.54,0.89,5,3.24,371.5,0.366,56.9,midden
CSTR-1235,297.2,0.882,2.3,2.87,20,8.71,412.2,0.113,91.5,hoog
CSTR-1236,304.2,0.999,4.7,0.94,5,1.06,419.8,0.125,89.3,hoog
CSTR-1237,295.3,0.974,1.01,1.55,5,4.95,364.4,0.386,61.4,midden
CSTR-1238,298.0,0.958,4.22,0.71,20,4.74,324.8,0.765,18.3,laag
CSTR-1239,300.2,1.042,4.42,2.8,10,2.26,373.4,0.418,58.4,midden
CSTR-1240,307.4,0.968,4.24,2.06,5,1.18,418.0,0.098,92.4,hoog
CSTR-1241,297.3,1.0,1.33,2.91,5,3.76,364.4,0.324,55.4,midden
CSTR-1242,298.0,0.953,3.72,0.61,10,2.69,373.6,0.391,60.0,midden
CSTR-1243,293.3,1.004,4.82,0.94,10,2.08,418.6,0.132,91.3,hoog
CSTR-1244,295.1,1.048,1.48,1.45,20,13.5,366.0,0.354,63.3,midden
CSTR-1245,302.1,0.956,1.13,2.05,10,8.88,413.9,0.075,91.0,hoog
CSTR-1246,300.2,1.032,4.49,1.32,5,1.11,366.6,0.434,57.0,midden
CSTR-1247,300.2,1.003,3.58,2.28,10,2.79,322.0,0.797,18.4,laag
CSTR-1248,308.7,1.002,3.59,0.91,5,1.39,325.7,0.847,14.5,laag
CSTR-1249,291.6,0.982,4.86,2.0,20,4.12,366.7,0.459,58.0,midden
CSTR-1250,311.6,1.039,4.08,1.49,10,2.45,372.5,0.434,63.2,midden
CSTR-1251,305.9,1.034,2.59,1.77,10,3.86,373.9,0.357,63.9,midden
CSTR-1252,298.4,0.993,2.74,1.92,20,7.29,315.1,0.804,19.2,laag
CSTR-1253,302.0,1.01,1.58,0.65,20,12.67,422.6,0.091,95.4,hoog
CSTR-1254,296.6,1.037,2.22,2.81,10,4.51,411.7,0.111,88.1,hoog
CSTR-1255,301.6,1.027,2.78,2.47,10,3.6,367.6,0.384,60.6,midden
CSTR-1256,310.7,0.985,2.04,1.61,10,4.89,423.2,0.117,83.7,hoog
CSTR-1257,296.8,1.058,4.66,1.87,10,2.14,323.1,0.869,19.8,laag
CSTR-1258,298.8,1.043,1.05,0.58,5,4.77,373.7,0.41,60.2,midden
CSTR-1259,296.2,1.106,3.35,1.74,10,2.99,362.4,0.373,58.0,midden
CSTR-1260,297.0,0.922,4.09,1.57,5,1.22,366.2,0.406,63.4,midden
CSTR-1261,298.0,1.035,3.93,1.44,20,5.09,369.2,0.381,54.7,midden
CSTR-1262,294.5,1.058,3.57,2.54,5,1.4,368.2,0.39,54.6,midden
CSTR-1263,298.7,1.05,2.64,0.95,20,7.57,321.5,0.754,20.3,laag
CSTR-1264,300.3,0.987,4.67,0.94,10,2.14,319.0,0.801,13.3,laag
CSTR-1265,298.0,0.932,2.32,1.8,20,8.64,422.2,0.102,92.2,hoog
CSTR-1266,288.5,1.077,4.0,2.22,20,5.0,317.6,0.811,19.4,laag
CSTR-1267,299.2,0.976,4.71,0.56,5,1.06,318.4,0.798,22.1,laag
CSTR-1268,299.8,0.985,1.51,1.86,20,13.21,367.5,0.43,60.2,midden
CSTR-1269,309.5,1.103,4.79,1.25,10,2.09,379.6,0.452,60.9,midden
CSTR-1270,300.1,0.936,4.1,2.39,10,2.44,372.1,0.386,59.7,midden
CSTR-1271,304.7,1.041,3.47,1.67,20,5.77,372.9,0.404,63.6,midden
CSTR-1272,297.9,0.962,2.49,2.59,20,8.02,318.6,0.794,23.2,laag
CSTR-1273,306.5,0.961,4.62,1.49,10,2.17,317.7,0.821,21.2,laag
CSTR-1274,295.3,1.008,1.18,2.57,10,8.5,317.2,0.748,20.9,laag
CSTR-1275,302.5,1.034,2.73,2.29,10,3.67,366.7,0.378,62.1,midden
CSTR-1276,304.2,1.048,4.03,2.57,5,1.24,417.9,0.144,89.6,hoog
CSTR-1277,303.5,1.054,4.24,2.53,5,1.18,315.5,0.847,21.1,laag
CSTR-1278,310.8,0.965,1.81,1.72,10,5.53,372.3,0.344,58.0,midden
CSTR-1279,297.1,0.943,1.19,1.42,10,8.4,417.6,0.01,86.1,hoog
CSTR-1280,307.1,0.983,4.21,2.41,5,1.19,316.9,0.797,19.7,laag
CSTR-1281,305.8,1.017,2.69,1.4,10,3.72,372.1,0.432,63.0,midden
CSTR-1282,300.2,0.99,1.57,0.72,10,6.35,377.5,0.362,62.1,midden
CSTR-1283,309.2,0.818,1.34,2.65,5,3.73,415.5,0.047,86.8,hoog
CSTR-1284,299.3,0.909,3.56,1.49,5,1.4,417.9,0.121,87.9,hoog
CSTR-1285,300.1,0.988,3.33,0.83,5,1.5,371.5,0.368,58.8,midden
CSTR-1286,300.0,1.043,4.42,2.12,10,2.26,317.3,0.836,15.8,laag
CSTR-1287,293.6,0.955,1.13,2.72,10,8.88,360.3,0.349,57.8,midden
CSTR-1288,303.8,1.037,4.47,2.65,10,2.24,322.9,0.816,16.2,laag
CSTR-1289,303.0,0.925,4.55,1.89,10,2.2,366.4,0.4,58.9,midden
CSTR-1290,299.5,1.013,2.79,0.72,5,1.8,422.5,0.133,88.5,hoog
CSTR-1291,308.8,1.013,1.31,2.24,20,15.31,371.7,0.371,62.5,midden
CSTR-1292,297.8,1.023,4.79,2.02,10,2.09,365.4,0.452,60.8,midden
CSTR-1293,291.4,0.95,1.29,1.03,10,7.76,320.9,0.753,23.2,laag
CSTR-1294,309.5,0.923,3.36,2.75,10,2.97,320.4,0.83,13.6,laag
CSTR-1295,305.1,1.036,2.97,0.72,5,1.68,315.9,0.837,16.7,laag
CSTR-1296,303.1,0.924,4.34,1.43,20,4.61,419.9,0.121,91.0,hoog
CSTR-1297,298.3,0.961,3.01,0.74,10,3.32,422.6,0.065,90.8,hoog
CSTR-1298,301.7,1.07,2.88,2.78,5,1.74,370.5,0.42,59.0,midden
CSTR-1299,293.7,1.008,4.52,0.59,10,2.21,316.0,0.783,22.9,laag
CSTR-1300,298.9,1.018,4.86,1.56,10,2.06,420.1,0.124,89.9,hoog
CSTR-1301,295.5,1.031,3.2,2.65,10,3.13,420.0,0.111,96.8,hoog
CSTR-1302,301.3,1.029,2.82,1.13,20,7.09,421.8,0.097,90.3,hoog
CSTR-1303,304.6,0.999,4.32,0.76,5,1.16,374.2,0.493,58.1,midden
CSTR-1304,294.8,0.955,4.32,0.82,20,4.62,373.0,0.437,64.7,midden
CSTR-1305,303.6,1.134,2.28,1.51,5,2.2,367.6,0.407,60.1,midden
CSTR-1306,301.0,0.985,3.3,1.57,5,1.51,322.7,0.816,21.8,laag
CSTR-1307,303.4,1.017,1.62,2.3,10,6.19,371.0,0.371,57.1,midden
CSTR-1308,298.8,1.022,3.54,1.09,10,2.82,419.2,0.126,91.1,hoog
CSTR-1309,303.5,0.973,4.34,2.25,20,4.61,418.6,0.128,89.8,hoog
CSTR-1310,296.5,0.979,1.75,3.0,5,2.86,369.1,0.354,62.0,midden
CSTR-1311,291.6,1.074,2.29,2.66,20,8.73,420.7,0.137,89.0,hoog
CSTR-1312,292.7,0.963,2.8,2.09,10,3.58,367.6,0.388,55.0,midden
CSTR-1313,297.5,1.021,4.38,2.85,20,4.57,318.2,0.782,22.1,laag
CSTR-1314,291.9,1.045,3.93,2.98,10,2.55,420.3,0.058,90.0,hoog
CSTR-1315,307.8,0.989,2.27,1.93,20,8.82,368.4,0.369,58.0,midden
CSTR-1316,299.6,0.995,1.97,1.18,20,10.14,425.2,0.088,90.4,hoog
CSTR-1317,304.6,1.048,3.78,2.79,20,5.29,365.3,0.428,60.5,midden
CSTR-1318,303.9,0.993,2.92,2.61,20,6.85,417.7,0.033,91.3,hoog
CSTR-1319,300.0,0.896,3.37,0.71,5,1.48,373.9,0.442,61.2,midden
CSTR-1320,317.7,1.075,3.59,2.84,20,5.56,372.7,0.424,64.2,midden
CSTR-1321,314.6,0.951,3.23,1.42,10,3.09,422.3,0.106,89.1,hoog
CSTR-1322,307.0,1.011,3.45,1.31,5,1.45,415.6,0.134,93.0,hoog
CSTR-1323,295.5,0.934,4.55,1.36,5,1.1,369.2,0.448,58.8,midden
CSTR-1324,307.2,0.974,4.47,1.3,5,1.12,320.4,0.859,15.4,laag
CSTR-1325,291.3,0.978,1.6,1.79,5,3.13,418.2,0.049,93.8,hoog
CSTR-1326,307.0,1.009,3.35,1.95,5,1.49,423.5,0.126,87.5,hoog
CSTR-1327,287.2,0.956,2.76,1.56,20,7.25,315.2,0.824,22.4,laag
CSTR-1328,298.4,1.099,2.14,1.53,20,9.34,369.5,0.391,60.2,midden
CSTR-1329,306.0,1.001,3.52,2.34,20,5.67,368.4,0.403,60.7,midden
CSTR-1330,301.9,1.044,3.04,0.51,10,3.29,321.5,0.808,23.4,laag
CSTR-1331,292.6,1.0,4.1,2.87,10,2.44,313.8,0.841,13.5,laag
CSTR-1332,300.9,1.05,1.37,2.29,20,14.56,369.2,0.399,62.4,midden
CSTR-1333,301.9,0.895,2.21,2.27,20,9.05,417.5,0.019,92.0,hoog
CSTR-1334,301.0,0.965,1.1,1.55,5,4.53,318.0,0.76,17.3,laag
CSTR-1335,298.0,0.974,3.98,2.91,20,5.02,415.5,0.125,90.0,hoog
CSTR-1336,304.3,0.974,4.65,0.5,10,2.15,420.7,0.128,92.6,hoog
CSTR-1337,305.7,1.026,3.35,0.69,5,1.49,419.3,0.111,86.8,hoog
CSTR-1338,299.2,1.029,3.47,2.51,20,5.77,365.6,0.406,59.4,midden
CSTR-1339,307.6,0.996,1.19,2.35,5,4.22,364.6,0.346,63.3,midden
CSTR-1340,299.2,0.998,3.02,1.18,20,6.63,375.8,0.388,55.8,midden
CSTR-1341,297.6,1.122,3.11,1.99,20,6.44,419.4,0.083,90.8,hoog
CSTR-1342,306.8,1.016,1.16,1.83,5,4.33,369.7,0.351,60.8,midden
CSTR-1343,306.6,0.889,4.13,1.82,5,1.21,323.1,0.869,20.6,laag
CSTR-1344,296.9,1.039,2.11,1.99,10,4.73,319.5,0.805,16.3,laag
CSTR-1345,296.2,1.028,3.89,2.98,20,5.14,368.5,0.41,59.8,midden
CSTR-1346,308.8,1.058,2.61,2.97,10,3.83,418.5,0.081,90.0,hoog
CSTR-1347,299.5,1.03,4.98,2.95,10,2.01,372.3,0.445,59.5,midden
CSTR-1348,300.0,0.955,1.85,1.87,20,10.82,377.0,0.356,62.4,midden
CSTR-1349,298.7,1.045,1.23,1.3,20,16.22,325.9,0.812,20.0,laag
CSTR-1350,306.6,1.005,4.92,1.9,10,2.03,410.6,0.151,90.6,hoog
CSTR-1351,310.7,1.052,1.98,2.06,10,5.06,368.1,0.337,55.8,midden
CSTR-1352,300.3,1.077,3.54,1.28,10,2.82,418.8,0.071,87.3,hoog
CSTR-1353,312.1,0.994,2.5,2.08,20,8.01,374.1,0.36,58.0,midden
CSTR-1354,297.2,1.044,3.56,2.05,5,1.41,367.4,0.406,58.3,midden
CSTR-1355,298.6,1.052,3.38,2.76,20,5.91,366.4,0.363,60.1,midden
CSTR-1356,303.4,1.008,3.83,1.09,10,2.61,319.7,0.825,17.3,laag
CSTR-1357,295.9,1.098,1.07,2.24,5,4.66,317.1,0.759,16.3,laag
CSTR-1358,303.3,1.052,4.34,1.63,20,4.6,320.0,0.81,20.3,laag
CSTR-1359,297.4,0.971,2.91,0.82,5,1.72,372.8,0.401,59.8,midden
CSTR-1360,292.3,1.013,3.08,1.29,5,1.63,369.4,0.467,60.9,midden
CSTR-1361,291.3,1.043,2.64,0.64,10,3.78,320.4,0.774,26.4,laag
CSTR-1362,298.4,1.096,4.96,1.3,20,4.03,368.8,0.499,56.2,midden
CSTR-1363,302.1,1.031,4.21,0.67,20,4.75,372.6,0.414,60.1,midden
CSTR-1364,293.2,1.014,2.25,2.81,5,2.23,361.1,0.368,59.9,midden
CSTR-1365,300.9,1.063,4.13,0.75,20,4.84,316.4,0.806,20.3,laag
CSTR-1366,300.9,0.989,2.75,2.54,20,7.28,365.0,0.425,66.3,midden
CSTR-1367,299.2,0.951,4.48,2.77,20,4.46,369.2,0.426,52.2,midden
CSTR-1368,295.4,1.035,1.12,1.67,20,17.8,314.2,0.753,18.8,laag
CSTR-1369,301.2,0.981,2.42,0.63,10,4.13,374.7,0.313,60.0,midden
CSTR-1370,299.3,1.136,2.72,1.99,10,3.68,319.3,0.759,21.5,laag
CSTR-1371,304.9,1.013,3.98,1.09,20,5.03,418.0,0.151,92.1,hoog
CSTR-1372,293.5,1.035,1.73,0.94,20,11.57,422.0,0.115,84.8,hoog
CSTR-1373,300.6,0.969,2.15,1.92,20,9.32,366.4,0.423,59.4,midden
CSTR-1374,293.6,1.063,3.9,1.39,20,5.13,369.6,0.39,57.1,midden
CSTR-1375,298.8,0.999,1.31,2.33,20,15.3,366.7,0.384,61.1,midden
CSTR-1376,294.5,0.994,1.8,1.98,10,5.54,371.5,0.351,60.5,midden
CSTR-1377,295.4,0.995,4.01,2.57,5,1.25,369.8,0.458,58.2,midden
CSTR-1378,300.0,0.935,4.5,0.65,5,1.11,324.7,0.851,25.3,laag
CSTR-1379,297.2,0.987,3.92,1.09,5,1.28,324.3,0.823,19.1,laag
CSTR-1380,307.3,1.027,3.11,1.92,10,3.22,322.1,0.774,19.0,laag
CSTR-1381,305.9,0.923,1.4,2.7,10,7.16,369.1,0.402,57.3,midden
CSTR-1382,304.0,1.051,4.31,2.53,20,4.64,412.8,0.134,81.0,hoog
CSTR-1383,303.9,0.987,1.5,2.2,10,6.68,369.1,0.389,60.2,midden
CSTR-1384,300.7,1.012,2.54,1.94,10,3.94,313.1,0.747,17.3,laag
CSTR-1385,306.5,0.888,1.2,2.08,20,16.64,315.7,0.723,20.6,laag
CSTR-1386,298.5,1.011,3.84,1.03,20,5.21,373.1,0.404,68.9,midden
CSTR-1387,310.6,0.948,3.01,1.99,20,6.64,316.5,0.886,20.6,laag
CSTR-1388,295.3,0.982,4.63,1.73,5,1.08,370.5,0.393,60.6,midden
CSTR-1389,294.4,0.922,1.55,1.46,5,3.22,318.9,0.753,23.0,laag
CSTR-1390,293.0,0.956,4.28,2.72,20,4.68,366.3,0.414,64.0,midden
CSTR-1391,293.9,0.992,3.04,2.57,20,6.57,366.2,0.442,60.6,midden
CSTR-1392,291.9,0.986,2.46,0.69,5,2.03,422.3,0.098,90.6,hoog
CSTR-1393,301.1,1.044,3.57,2.96,20,5.6,366.2,0.367,58.3,midden
CSTR-1394,304.3,0.907,4.16,1.07,20,4.81,320.0,0.807,21.7,laag
CSTR-1395,300.2,0.997,2.76,1.04,5,1.81,422.1,0.08,91.8,hoog
CSTR-1396,293.1,0.995,1.93,2.86,10,5.18,316.3,0.733,20.1,laag
CSTR-1397,297.7,0.977,4.66,1.61,20,4.29,366.1,0.432,56.4,midden
CSTR-1398,304.2,0.954,2.25,2.51,5,2.22,318.1,0.791,20.6,laag
CSTR-1399,298.3,1.055,4.99,1.22,5,1.0,316.5,0.875,22.3,laag
CSTR-1400,296.0,1.102,4.07,2.68,5,1.23,367.2,0.442,57.1,midden
CSTR-1401,292.4,0.914,3.75,2.58,10,2.67,320.7,0.775,20.8,laag
CSTR-1402,297.9,0.954,1.05,1.8,20,19.05,366.4,0.354,62.3,midden
CSTR-1403,296.5,0.95,2.79,2.26,20,7.16,370.7,0.446,61.0,midden
CSTR-1404,299.6,0.986,3.01,2.91,20,6.64,419.0,0.111,95.4,hoog
CSTR-1405,302.4,1.063,2.51,1.63,10,3.99,365.4,0.407,57.9,midden
CSTR-1406,298.6,1.026,1.6,1.74,5,3.13,369.7,0.348,56.9,midden
CSTR-1407,300.9,0.992,2.47,2.31,5,2.02,422.0,0.071,87.2,hoog
CSTR-1408,302.4,1.001,1.3,1.47,20,15.39,318.5,0.741,18.3,laag
CSTR-1409,293.9,0.984,2.16,2.9,10,4.62,414.7,0.083,87.9,hoog
CSTR-1410,309.4,1.037,1.33,0.6,5,3.75,420.2,0.074,92.4,hoog
CSTR-1411,296.3,1.043,4.01,1.51,10,2.49,420.4,0.126,84.3,hoog
CSTR-1412,302.6,1.03,3.68,2.28,20,5.43,363.8,0.448,57.9,midden
CSTR-1413,294.3,0.89,4.76,1.57,10,2.1,365.7,0.435,62.9,midden
CSTR-1414,300.6,1.001,2.52,1.15,20,7.94,418.1,0.03,89.4,hoog
CSTR-1415,300.7,0.991,4.14,1.53,10,2.41,314.3,0.809,16.3,laag
CSTR-1416,308.3,1.05,3.35,2.7,10,2.98,313.4,0.806,18.5,laag
CSTR-1417,298.8,1.012,3.58,1.87,5,1.39,366.5,0.396,63.9,midden
CSTR-1418,306.5,1.028,3.19,1.34,5,1.57,419.9,0.099,89.4,hoog
CSTR-1419,301.5,0.975,4.12,2.18,10,2.43,322.6,0.801,20.9,laag
CSTR-1420,309.3,1.047,1.17,2.03,5,4.28,373.0,0.403,59.4,midden
CSTR-1421,291.1,1.062,1.32,1.9,20,15.13,319.7,0.729,24.8,laag
CSTR-1422,302.4,0.919,1.38,1.48,20,14.45,376.7,0.324,59.0,midden
CSTR-1423,286.6,0.935,2.15,0.68,5,2.32,370.1,0.334,58.3,midden
CSTR-1424,299.7,1.038,3.36,2.05,5,1.49,321.3,0.832,22.1,laag
CSTR-1425,305.1,0.991,3.58,1.55,5,1.4,319.2,0.765,21.8,laag
CSTR-1426,307.2,1.051,3.85,1.57,10,2.6,322.5,0.836,19.5,laag
CSTR-1427,303.7,1.012,2.12,1.09,10,4.71,319.3,0.779,20.6,laag
CSTR-1428,298.5,1.035,3.6,1.12,20,5.55,365.0,0.406,62.1,midden
CSTR-1429,302.7,0.963,1.47,2.47,10,6.8,417.5,0.079,88.3,hoog
CSTR-1430,312.6,1.017,1.04,1.7,5,4.81,374.8,0.413,62.4,midden
CSTR-1431,300.4,1.017,3.78,0.77,10,2.65,416.2,0.08,90.3,hoog
CSTR-1432,304.8,0.966,3.86,0.61,10,2.59,419.2,0.094,90.9,hoog
CSTR-1433,297.9,1.05,3.49,1.06,10,2.87,371.4,0.365,58.3,midden
CSTR-1434,305.4,0.905,2.04,1.72,5,2.46,321.8,0.782,20.0,laag
CSTR-1435,304.5,1.01,4.71,2.04,10,2.12,422.2,0.119,87.4,hoog
CSTR-1436,296.9,0.935,4.5,0.86,10,2.22,374.0,0.394,58.4,midden
CSTR-1437,303.9,0.949,3.06,1.58,10,3.27,420.2,0.085,93.4,hoog
CSTR-1438,304.1,1.049,4.96,0.68,5,1.01,368.3,0.411,56.8,midden
CSTR-1439,303.7,0.945,2.19,0.59,10,4.56,425.1,0.105,88.2,hoog
CSTR-1440,299.8,0.943,2.96,2.66,20,6.75,415.1,0.037,87.5,hoog
CSTR-1441,306.1,1.029,4.71,2.15,20,4.24,416.4,0.178,91.1,hoog
CSTR-1442,295.3,0.944,2.85,2.45,5,1.76,372.5,0.435,64.2,midden
CSTR-1443,300.0,1.051,2.88,0.95,5,1.73,370.1,0.375,59.3,midden
CSTR-1444,300.6,1.032,1.32,1.31,10,7.59,421.2,0.077,84.0,hoog
CSTR-1445,305.9,0.961,1.85,1.61,5,2.71,423.2,0.147,92.1,hoog
CSTR-1446,295.2,1.049,1.63,2.15,10,6.13,368.5,0.382,59.7,midden
CSTR-1447,301.2,0.903,3.26,1.84,10,3.07,369.7,0.37,61.4,midden
CSTR-1448,297.5,1.024,2.27,1.88,10,4.4,373.8,0.415,62.1,midden
CSTR-1449,300.5,0.938,1.31,0.89,10,7.64,318.4,0.78,18.2,laag
CSTR-1450,302.0,0.974,3.04,1.69,5,1.64,320.3,0.768,16.6,laag
CSTR-1451,293.6,0.977,3.68,2.56,20,5.44,318.4,0.785,16.5,laag
CSTR-1452,306.3,1.064,3.95,1.77,5,1.27,413.6,0.116,95.5,hoog
CSTR-1453,302.1,0.975,4.35,1.0,10,2.3,369.1,0.475,58.4,midden
CSTR-1454,295.7,0.996,2.93,1.53,20,6.83,365.7,0.364,58.6,midden
CSTR-1455,298.3,0.978,2.56,2.39,10,3.9,420.7,0.081,91.7,hoog
CSTR-1456,307.5,0.951,3.74,0.84,10,2.68,322.4,0.862,19.8,laag
CSTR-1457,302.1,0.948,1.05,1.95,10,9.49,318.8,0.744,13.2,laag
CSTR-1458,295.2,1.015,3.53,2.91,10,2.83,416.0,0.143,86.8,hoog
CSTR-1459,296.1,0.999,2.62,1.45,20,7.63,423.0,0.088,90.6,hoog
CSTR-1460,303.1,1.038,2.81,0.61,5,1.78,321.8,0.845,17.1,laag
CSTR-1461,303.7,0.988,2.19,2.08,5,2.29,420.1,0.114,94.7,hoog
CSTR-1462,301.8,0.99,1.51,0.62,5,3.31,419.5,0.075,86.2,hoog
CSTR-1463,298.5,1.038,2.61,0.98,20,7.68,423.5,0.091,86.6,hoog
CSTR-1464,304.0,0.981,2.23,0.62,20,8.96,325.3,0.756,16.9,laag
CSTR-1465,298.4,0.928,4.84,0.93,5,1.03,366.1,0.381,61.5,midden
CSTR-1466,295.7,1.042,4.77,2.64,20,4.19,365.7,0.437,56.3,midden
CSTR-1467,307.9,0.966,3.58,2.34,10,2.8,366.2,0.423,64.7,midden
CSTR-1468,302.4,1.003,4.61,1.35,5,1.08,321.1,0.857,23.8,laag
CSTR-1469,296.1,0.969,4.01,2.74,10,2.5,317.5,0.886,22.7,laag
CSTR-1470,300.7,0.951,2.38,2.16,20,8.39,370.6,0.344,55.0,midden
CSTR-1471,300.1,0.905,3.42,1.62,10,2.93,367.7,0.399,60.8,midden
CSTR-1472,298.3,1.017,1.88,0.67,20,10.63,321.2,0.793,13.5,laag
CSTR-1473,301.2,0.83,3.75,2.33,5,1.33,417.2,0.076,94.3,hoog
CSTR-1474,295.4,1.065,1.18,1.44,5,4.24,365.5,0.384,60.9,midden
CSTR-1475,304.4,1.052,4.33,1.26,5,1.16,367.5,0.438,61.5,midden
CSTR-1476,300.0,0.955,3.33,1.22,20,6.0,414.7,0.093,88.7,hoog
CSTR-1477,292.0,1.079,1.23,0.52,10,8.11,374.9,0.323,60.3,midden
CSTR-1478,298.9,1.103,4.49,2.36,20,4.46,364.4,0.433,60.1,midden
CSTR-1479,296.9,0.986,4.51,0.86,10,2.22,319.8,0.843,20.6,laag
CSTR-1480,285.0,1.021,4.41,1.8,20,4.53,322.5,0.775,21.7,laag
CSTR-1481,299.2,1.007,4.1,0.54,10,2.44,370.2,0.412,55.4,midden
CSTR-1482,305.2,1.076,3.71,2.07,5,1.35,421.9,0.108,90.5,hoog
CSTR-1483,299.5,0.93,2.59,1.42,10,3.86,318.8,0.816,24.0,laag
CSTR-1484,303.5,0.989,1.55,2.08,10,6.47,370.0,0.337,58.7,midden
CSTR-1485,300.0,1.046,2.16,0.72,5,2.32,320.7,0.8,24.2,laag
CSTR-1486,297.7,1.041,2.39,1.17,20,8.37,366.7,0.409,55.3,midden
CSTR-1487,296.3,0.998,2.43,0.78,10,4.11,326.8,0.794,25.4,laag
CSTR-1488,293.6,1.07,3.26,2.12,20,6.13,421.1,0.135,86.2,hoog
CSTR-1489,304.6,1.012,1.83,0.77,10,5.45,371.3,0.438,60.3,midden
CSTR-1490,303.7,1.006,1.76,2.04,10,5.69,316.5,0.804,20.9,laag
CSTR-1491,298.6,1.035,3.87,0.84,20,5.17,418.6,0.106,90.2,hoog
CSTR-1492,289.9,0.997,1.03,2.86,10,9.71,315.3,0.778,17.7,laag
CSTR-1493,302.4,1.003,1.6,1.54,10,6.26,317.3,0.807,23.3,laag
CSTR-1494,295.5,0.961,2.74,0.82,20,7.3,320.8,0.77,17.4,laag
CSTR-1495,300.7,1.147,1.6,0.6,20,12.53,425.6,0.098,97.8,hoog
CSTR-1496,292.3,0.976,4.84,1.32,20,4.13,318.0,0.843,17.0,laag
CSTR-1497,300.5,1.036,3.68,2.73,20,5.43,421.6,0.133,93.1,hoog
CSTR-1498,299.3,1.095,2.73,0.86,10,3.66,317.9,0.758,15.7,laag
CSTR-1499,288.0,0.933,1.45,2.48,5,3.45,319.9,0.761,17.8,laag
