timestamp,feed_flow_kgh,feed_samenstelling_molfrac,feed_temp_C,reflux_ratio,reboiler_duty_kW,condenser_duty_kW,tray_1_temp_C,tray_2_temp_C,tray_3_temp_C,tray_4_temp_C,tray_5_temp_C,top_zuiverheid,anomalie
2025-01-01 00:00:00,98.0,0.521,80.1,2.96,487.7,-395.1,120.6,109.4,99.9,90.5,79.6,0.9411,0
2025-01-01 01:00:00,98.4,0.492,78.8,2.93,493.9,-405.9,119.8,110.1,100.6,91.7,80.2,0.9531,0
2025-01-01 02:00:00,98.6,0.499,80.9,3.09,503.2,-394.0,120.0,109.8,100.1,90.2,81.8,0.9532,0
2025-01-01 03:00:00,101.8,0.499,81.2,2.87,526.0,-390.4,120.4,110.7,99.9,89.5,80.5,0.9586,0
2025-01-01 04:00:00,100.0,0.499,81.4,3.08,494.0,-395.9,120.9,111.0,99.4,89.9,81.6,0.9496,0
2025-01-01 05:00:00,100.9,0.511,81.8,3.1,523.7,-404.4,120.5,110.6,100.5,90.6,80.5,0.949,0
2025-01-01 06:00:00,103.4,0.515,81.6,2.95,524.0,-402.1,119.9,109.5,99.9,89.5,80.0,0.9484,0
2025-01-01 07:00:00,100.3,0.503,80.8,2.96,503.6,-416.0,119.5,111.0,100.3,90.4,80.5,0.9466,0
2025-01-01 08:00:00,101.6,0.495,81.3,3.03,502.2,-405.4,119.8,111.1,100.2,90.5,81.2,0.9546,0
2025-01-01 09:00:00,103.1,0.521,81.6,3.09,498.9,-411.8,120.4,110.4,100.8,91.2,81.3,0.9408,0
2025-01-01 10:00:00,98.7,0.508,81.8,3.05,505.8,-399.9,120.1,111.1,100.4,91.1,80.2,0.9477,0
2025-01-01 11:00:00,98.1,0.527,82.9,3.12,493.1,-385.4,120.6,110.2,100.5,91.0,80.7,0.9461,0
2025-01-01 12:00:00,103.8,0.488,82.7,3.25,507.0,-402.5,120.3,109.6,100.8,89.5,79.8,0.9599,0
2025-01-01 13:00:00,104.3,0.513,84.3,3.03,523.4,-422.9,120.1,110.3,101.7,91.1,81.1,0.9469,0
2025-01-01 14:00:00,107.7,0.531,84.6,2.92,502.9,-410.4,120.1,111.6,101.2,91.1,81.5,0.9399,0
2025-01-01 15:00:00,104.1,0.509,82.6,3.18,507.2,-407.1,121.4,109.9,100.6,90.8,80.7,0.9479,0
2025-01-01 16:00:00,105.7,0.512,78.8,3.27,493.3,-407.9,120.9,110.5,100.5,89.6,80.2,0.9476,0
2025-01-01 17:00:00,103.9,0.518,84.0,3.15,514.6,-414.9,121.7,110.8,100.5,90.4,81.0,0.9501,0
2025-01-01 18:00:00,105.1,0.51,82.4,3.01,514.1,-407.6,121.0,110.5,100.3,90.2,80.9,0.9514,0
2025-01-01 19:00:00,108.1,0.513,82.3,3.11,512.7,-420.0,120.6,110.5,100.5,89.8,80.8,0.9527,0
2025-01-01 20:00:00,100.8,0.514,82.8,3.02,510.5,-418.1,121.5,110.9,100.4,90.8,80.9,0.9444,0
2025-01-01 21:00:00,106.1,0.512,82.9,3.2,510.4,-405.9,120.8,110.6,101.2,90.5,80.8,0.9529,0
2025-01-01 22:00:00,109.7,0.531,84.1,3.01,518.9,-419.7,121.1,110.2,100.4,92.3,81.5,0.9395,0
2025-01-01 23:00:00,106.2,0.524,82.0,3.12,514.2,-407.7,120.9,111.0,101.6,90.8,81.3,0.9432,0
2025-01-02 00:00:00,109.2,0.523,82.6,3.05,518.2,-423.5,119.5,111.5,101.3,91.6,80.5,0.9486,0
2025-01-02 01:00:00,104.8,0.529,84.2,3.17,517.7,-398.9,121.9,111.5,101.1,90.3,80.5,0.9431,0
2025-01-02 02:00:00,106.2,0.519,84.6,3.13,527.4,-419.6,121.4,110.7,101.1,90.8,81.0,0.9503,0
2025-01-02 03:00:00,106.6,0.515,84.7,3.19,523.5,-415.7,121.3,110.5,100.9,91.2,81.5,0.9522,0
2025-01-02 04:00:00,102.3,0.517,83.4,3.18,519.2,-411.7,121.1,111.0,101.2,90.7,81.2,0.9466,0
2025-01-02 05:00:00,104.6,0.524,83.3,3.09,532.9,-419.3,121.2,111.9,101.7,90.9,80.8,0.9504,0
2025-01-02 06:00:00,104.9,0.514,83.8,3.25,522.5,-414.1,120.9,111.5,100.8,91.1,81.3,0.9547,0
2025-01-02 07:00:00,108.9,0.521,84.7,3.19,531.8,-411.1,121.6,111.6,100.5,91.1,81.1,0.9449,0
2025-01-02 08:00:00,109.2,0.521,86.0,3.1,525.4,-408.4,120.7,111.8,101.7,92.3,81.8,0.9486,0
2025-01-02 09:00:00,108.3,0.549,82.5,3.43,501.4,-410.2,121.3,111.4,101.4,91.4,81.4,0.9372,0
2025-01-02 10:00:00,109.4,0.5,84.4,3.26,533.3,-418.3,121.6,111.4,100.8,91.6,81.2,0.964,0
2025-01-02 11:00:00,107.6,0.527,83.4,3.21,522.1,-418.5,121.2,111.6,101.0,91.6,81.4,0.9427,0
2025-01-02 12:00:00,110.5,0.547,83.1,3.37,520.7,-398.9,121.5,111.1,100.9,91.6,82.0,0.9411,0
2025-01-02 13:00:00,108.3,0.531,85.8,3.42,524.5,-410.5,121.0,110.8,101.1,91.5,81.2,0.951,0
2025-01-02 14:00:00,108.5,0.538,85.4,3.22,518.7,-425.8,121.0,111.9,101.3,91.3,81.7,0.9424,0
2025-01-02 15:00:00,108.0,0.533,85.3,3.28,524.8,-418.0,121.6,112.1,101.4,91.6,81.5,0.949,0
2025-01-02 16:00:00,110.0,0.526,85.8,3.15,517.1,-421.9,121.9,111.0,101.3,92.2,81.8,0.9411,0
2025-01-02 17:00:00,108.0,0.51,84.5,3.24,536.2,-420.6,120.6,111.9,101.2,92.1,81.2,0.9616,0
2025-01-02 18:00:00,110.9,0.536,84.5,3.24,522.7,-429.7,121.8,112.4,101.5,91.4,81.6,0.946,0
2025-01-02 19:00:00,106.8,0.526,87.2,3.29,520.4,-423.5,121.5,111.7,101.8,92.1,82.3,0.9526,0
2025-01-02 20:00:00,106.9,0.527,84.8,3.31,515.3,-406.0,121.5,111.2,101.5,91.5,81.2,0.9506,0
2025-01-02 21:00:00,110.6,0.53,85.7,3.33,527.7,-416.2,121.0,111.8,102.3,91.7,81.0,0.9491,0
2025-01-02 22:00:00,109.2,0.553,85.0,3.31,527.2,-441.0,121.3,111.4,101.9,91.5,81.0,0.9354,0
2025-01-02 23:00:00,108.5,0.561,83.1,3.17,529.6,-411.7,122.1,111.3,100.8,91.5,81.0,0.9323,0
2025-01-03 00:00:00,111.3,0.539,82.9,3.2,515.7,-413.0,121.7,111.9,101.9,92.3,81.9,0.9457,0
2025-01-03 01:00:00,108.4,0.533,84.4,3.24,510.3,-424.8,121.5,110.9,102.0,91.8,81.0,0.9475,0
2025-01-03 02:00:00,109.3,0.527,86.0,3.28,532.9,-416.5,121.8,111.1,101.6,91.9,81.7,0.9485,0
2025-01-03 03:00:00,112.5,0.544,85.7,3.41,541.8,-429.3,122.1,111.8,101.1,91.1,82.1,0.9394,0
2025-01-03 04:00:00,112.9,0.557,85.8,3.2,516.9,-426.4,122.1,111.9,101.9,91.7,82.1,0.9333,0
2025-01-03 05:00:00,113.0,0.537,83.8,3.28,543.4,-410.9,121.8,112.0,101.8,91.7,81.6,0.9471,0
2025-01-03 06:00:00,109.3,0.517,86.4,3.42,530.6,-425.3,122.5,112.9,101.4,91.5,82.0,0.9561,0
2025-01-03 07:00:00,112.4,0.548,83.7,3.3,527.9,-438.3,122.3,111.9,101.1,91.8,81.9,0.9432,0
2025-01-03 08:00:00,108.0,0.551,84.8,3.38,524.2,-424.0,122.1,112.2,101.9,91.7,81.8,0.9437,0
2025-01-03 09:00:00,108.2,0.526,84.6,3.33,514.6,-424.3,121.9,111.4,101.8,91.9,81.8,0.9515,0
2025-01-03 10:00:00,105.3,0.544,84.3,3.37,538.5,-414.3,122.2,112.3,101.7,92.0,83.0,0.9475,0
2025-01-03 11:00:00,113.3,0.547,85.7,3.33,521.1,-423.9,122.2,111.7,102.0,91.5,82.4,0.9357,0
2025-01-03 12:00:00,108.3,0.543,83.6,3.42,521.2,-427.5,122.4,112.0,101.4,91.7,83.2,0.9439,0
2025-01-03 13:00:00,109.7,0.536,82.9,3.2,539.1,-415.9,122.3,111.8,101.7,91.9,81.6,0.9532,0
2025-01-03 14:00:00,108.2,0.554,84.2,3.33,510.5,-423.5,121.5,112.5,102.2,92.6,81.9,0.9377,0
2025-01-03 15:00:00,111.4,0.541,83.6,3.4,514.2,-430.5,121.4,111.3,101.8,92.1,81.3,0.9452,0
2025-01-03 16:00:00,109.2,0.53,87.3,3.43,529.4,-415.4,121.8,111.0,101.3,91.8,81.8,0.9524,0
2025-01-03 17:00:00,107.3,0.525,84.5,3.53,532.6,-423.2,122.5,111.9,101.8,92.2,83.0,0.9572,0
2025-01-03 18:00:00,110.8,0.558,83.3,3.34,534.6,-424.8,121.2,112.2,101.5,92.8,81.7,0.9321,0
2025-01-03 19:00:00,107.0,0.552,82.5,3.53,526.8,-423.4,122.2,112.0,102.1,92.4,82.9,0.9435,0
2025-01-03 20:00:00,108.1,0.547,81.6,3.32,555.2,-433.5,122.1,112.6,102.1,92.2,81.3,0.9466,0
2025-01-03 21:00:00,105.5,0.542,82.3,3.53,527.7,-429.2,122.6,112.2,101.2,92.3,81.5,0.9521,0
2025-01-03 22:00:00,106.8,0.542,83.3,3.48,527.7,-424.9,122.1,111.8,102.4,92.8,81.9,0.9476,0
2025-01-03 23:00:00,109.9,0.537,84.5,3.31,522.0,-426.6,121.4,111.0,101.6,92.7,82.1,0.9403,0
2025-01-04 00:00:00,105.6,0.543,84.0,3.44,531.2,-414.8,121.6,112.0,102.9,92.4,82.6,0.9479,0
2025-01-04 01:00:00,106.5,0.527,83.0,3.4,536.1,-423.3,121.5,112.6,102.0,92.6,82.3,0.951,0
2025-01-04 02:00:00,109.3,0.541,82.3,3.48,542.0,-418.1,121.8,111.8,101.4,91.5,81.8,0.9466,0
2025-01-04 03:00:00,108.1,0.545,82.8,3.39,515.0,-424.9,122.0,112.1,101.5,91.3,82.0,0.9398,0
2025-01-04 04:00:00,113.1,0.555,81.8,3.39,527.4,-416.4,121.4,112.2,102.2,92.1,81.9,0.9421,0
2025-01-04 05:00:00,112.7,0.548,83.9,3.56,534.3,-421.7,122.9,111.6,101.9,92.2,81.7,0.9514,0
2025-01-04 06:00:00,107.2,0.557,81.8,3.42,535.6,-424.7,121.4,112.4,102.0,91.8,81.6,0.943,0
2025-01-04 07:00:00,109.9,0.563,81.8,3.51,529.7,-424.8,122.7,112.9,102.9,92.5,82.6,0.9421,0
2025-01-04 08:00:00,110.1,0.56,79.5,3.41,535.0,-432.2,122.5,111.9,101.6,91.0,81.0,0.9415,0
2025-01-04 09:00:00,107.3,0.554,81.3,3.6,521.3,-420.5,122.5,111.5,102.1,91.8,82.9,0.9443,0
2025-01-04 10:00:00,105.4,0.55,82.2,3.37,544.9,-424.7,121.7,112.1,102.8,91.8,81.9,0.9471,0
2025-01-04 11:00:00,108.2,0.54,80.1,3.38,539.0,-428.3,122.2,110.9,102.1,91.2,81.6,0.9409,0
2025-01-04 12:00:00,107.7,0.557,80.3,3.6,515.5,-415.3,121.4,112.2,101.2,92.8,82.4,0.942,0
2025-01-04 13:00:00,107.0,0.567,81.6,3.4,518.0,-434.0,122.5,112.3,102.3,91.4,82.8,0.9313,0
2025-01-04 14:00:00,108.6,0.553,79.2,3.61,518.1,-427.2,121.9,112.8,101.4,91.7,82.5,0.9474,0
2025-01-04 15:00:00,106.1,0.569,81.6,3.54,535.2,-415.4,121.9,112.0,102.8,92.5,82.3,0.9386,0
2025-01-04 16:00:00,105.1,0.535,79.8,3.44,515.3,-420.9,121.4,112.2,101.6,92.3,82.5,0.9476,0
2025-01-04 17:00:00,107.4,0.538,79.8,3.28,524.6,-423.7,120.7,111.6,103.5,91.4,81.1,0.9398,0
2025-01-04 18:00:00,107.8,0.559,78.9,3.46,532.2,-421.1,121.4,111.8,102.7,92.3,81.7,0.9442,0
2025-01-04 19:00:00,104.5,0.553,80.2,3.47,526.8,-421.4,122.6,111.2,101.6,92.2,81.6,0.9448,0
2025-01-04 20:00:00,108.5,0.563,82.1,3.58,529.7,-434.8,121.9,112.0,102.1,93.3,82.7,0.9431,0
2025-01-04 21:00:00,102.9,0.55,80.2,3.63,516.2,-425.2,121.9,111.9,102.4,92.2,81.8,0.9429,0
2025-01-04 22:00:00,105.1,0.541,78.4,3.4,532.5,-409.2,122.2,112.1,102.3,91.8,82.3,0.9447,0
2025-01-04 23:00:00,105.5,0.548,80.2,3.55,520.1,-427.2,122.9,111.7,102.2,91.6,82.3,0.946,0
2025-01-05 00:00:00,104.6,0.534,78.6,3.55,522.7,-424.2,122.6,112.0,102.5,91.5,81.5,0.949,0
2025-01-05 01:00:00,104.5,0.538,80.1,3.59,528.0,-425.7,121.5,111.8,101.9,91.6,81.7,0.9523,0
2025-01-05 02:00:00,109.2,0.559,79.4,3.53,526.3,-421.7,121.0,111.8,101.8,92.6,82.6,0.9348,0
2025-01-05 03:00:00,103.5,0.558,75.5,3.29,525.1,-425.4,122.9,111.8,101.6,91.8,81.4,0.9352,0
2025-01-05 04:00:00,109.9,0.553,77.3,3.47,517.0,-416.5,127.7,119.5,109.7,98.6,86.5,0.8795,1
2025-01-05 05:00:00,105.6,0.532,79.0,3.37,521.1,-418.5,129.4,118.2,108.9,96.0,89.0,0.8824,1
2025-01-05 06:00:00,104.7,0.545,78.1,3.47,523.8,-413.6,124.5,115.3,108.0,97.4,86.5,0.8853,1
2025-01-05 07:00:00,105.2,0.536,76.8,3.59,509.6,-427.9,127.8,115.6,105.2,97.1,88.4,0.9101,1
2025-01-05 08:00:00,109.1,0.56,77.0,3.52,518.3,-421.8,127.1,119.7,108.2,96.6,84.8,0.8561,1
2025-01-05 09:00:00,101.8,0.542,75.6,3.61,526.4,-420.5,128.4,115.3,107.1,95.5,87.2,0.8895,1
2025-01-05 10:00:00,101.3,0.537,77.2,3.53,509.3,-414.7,126.6,117.7,109.6,95.1,87.3,0.8765,1
2025-01-05 11:00:00,101.8,0.548,79.4,3.36,533.2,-424.3,126.1,118.0,108.2,95.4,89.3,0.9054,1
2025-01-05 12:00:00,103.1,0.541,77.8,3.24,533.8,-410.3,121.2,111.3,101.0,92.0,81.4,0.9467,0
2025-01-05 13:00:00,99.4,0.562,79.1,3.51,508.2,-407.7,121.7,111.7,102.6,93.0,81.4,0.9341,0
2025-01-05 14:00:00,102.6,0.54,77.6,3.47,533.8,-424.7,122.1,111.6,101.8,92.3,81.7,0.9523,0
2025-01-05 15:00:00,105.7,0.533,77.7,3.4,518.3,-420.3,122.0,111.6,102.0,92.4,82.2,0.9468,0
2025-01-05 16:00:00,102.3,0.525,78.5,3.33,523.4,-420.3,121.9,111.6,102.6,91.7,82.5,0.9542,0
2025-01-05 17:00:00,101.2,0.546,76.8,3.42,513.7,-394.5,122.1,111.8,102.0,91.4,81.3,0.9394,0
2025-01-05 18:00:00,100.3,0.54,76.1,3.48,527.4,-418.6,121.4,110.8,101.8,91.2,82.7,0.9478,0
2025-01-05 19:00:00,103.1,0.531,77.2,3.57,521.7,-401.3,121.8,112.2,101.8,91.4,81.2,0.9511,0
2025-01-05 20:00:00,99.4,0.557,77.5,3.52,509.0,-424.4,120.0,112.0,101.4,90.6,82.2,0.9423,0
2025-01-05 21:00:00,104.4,0.551,75.5,3.66,504.9,-421.7,121.3,110.9,101.5,91.2,81.2,0.942,0
2025-01-05 22:00:00,104.3,0.544,75.1,3.4,501.4,-418.8,121.9,110.4,101.2,91.2,81.1,0.9405,0
2025-01-05 23:00:00,100.7,0.557,75.9,3.59,517.3,-419.7,121.3,111.1,101.5,91.5,81.2,0.9433,0
2025-01-06 00:00:00,99.9,0.55,76.5,3.5,520.6,-414.6,121.3,111.4,100.4,91.6,81.5,0.9452,0
2025-01-06 01:00:00,101.8,0.535,76.4,3.57,520.8,-417.6,121.0,112.8,101.7,91.7,81.8,0.9537,0
2025-01-06 02:00:00,101.6,0.532,74.1,3.46,512.6,-418.0,121.9,111.7,101.3,91.4,81.7,0.9491,0
2025-01-06 03:00:00,97.6,0.55,77.3,3.61,501.6,-401.7,121.8,110.6,101.4,91.2,81.1,0.9411,0
2025-01-06 04:00:00,97.9,0.545,74.7,3.53,505.8,-400.7,121.8,111.0,101.5,90.4,80.9,0.9424,0
2025-01-06 05:00:00,96.0,0.543,75.0,3.43,523.5,-402.4,120.5,111.4,100.7,91.1,80.9,0.9456,0
2025-01-06 06:00:00,99.2,0.532,74.3,3.5,506.5,-405.3,121.3,111.5,102.3,90.8,81.3,0.949,0
2025-01-06 07:00:00,99.5,0.546,77.9,3.47,512.2,-408.2,121.3,110.8,101.4,91.7,81.4,0.9427,0
2025-01-06 08:00:00,95.2,0.532,75.4,3.55,499.4,-412.4,121.2,111.3,101.3,91.8,80.9,0.9482,0
2025-01-06 09:00:00,96.7,0.538,74.3,3.38,512.9,-415.6,121.0,110.9,100.8,91.7,81.4,0.9401,0
2025-01-06 10:00:00,94.7,0.553,75.9,3.49,504.3,-404.5,121.2,110.8,101.3,91.7,82.5,0.9415,0
2025-01-06 11:00:00,95.3,0.531,75.8,3.53,518.7,-416.3,121.7,111.4,102.0,91.2,81.0,0.9519,0
2025-01-06 12:00:00,98.0,0.521,74.8,3.5,515.4,-414.3,120.3,111.6,101.7,91.0,81.0,0.957,0
2025-01-06 13:00:00,95.1,0.526,75.9,3.63,502.1,-396.6,122.1,111.7,101.7,90.9,81.5,0.9525,0
2025-01-06 14:00:00,95.8,0.546,74.2,3.57,505.1,-390.1,121.4,111.4,101.4,90.4,80.9,0.9387,0
2025-01-06 15:00:00,92.9,0.538,74.5,3.49,500.2,-401.6,121.1,110.9,101.0,91.6,81.5,0.9436,0
2025-01-06 16:00:00,96.3,0.533,73.0,3.51,490.9,-395.4,121.5,111.4,100.3,90.9,80.7,0.9448,0
2025-01-06 17:00:00,95.6,0.529,73.7,3.52,495.9,-405.7,120.3,111.2,100.9,90.4,82.0,0.9503,0
2025-01-06 18:00:00,94.0,0.538,76.8,3.53,505.8,-413.9,120.8,111.2,101.1,90.8,81.3,0.94,0
2025-01-06 19:00:00,94.8,0.524,76.7,3.3,506.4,-397.7,121.1,110.8,101.7,90.7,80.8,0.9475,0
2025-01-06 20:00:00,95.3,0.535,75.1,3.45,504.0,-397.5,121.7,110.8,101.2,91.1,80.7,0.9472,0
2025-01-06 21:00:00,93.1,0.524,76.8,3.33,498.8,-401.0,121.1,111.1,101.9,91.6,80.8,0.9449,0
2025-01-06 22:00:00,91.6,0.522,75.0,3.61,510.5,-402.9,121.2,112.2,101.6,90.8,81.7,0.9554,0
2025-01-06 23:00:00,97.9,0.524,75.0,3.47,501.2,-392.7,120.7,111.1,100.7,89.8,80.3,0.9483,0
2025-01-07 00:00:00,92.8,0.525,75.3,3.46,506.9,-407.8,121.2,110.6,100.0,90.8,80.6,0.9479,0
2025-01-07 01:00:00,93.7,0.528,75.2,3.56,481.5,-405.5,121.7,110.5,101.6,90.8,80.6,0.9457,0
2025-01-07 02:00:00,95.7,0.53,75.2,3.51,459.3,-406.9,121.4,110.6,101.6,90.8,80.9,0.9393,0
2025-01-07 03:00:00,100.5,0.49,76.6,3.36,500.7,-397.6,120.9,112.0,100.2,90.6,80.8,0.9632,0
2025-01-07 04:00:00,90.8,0.518,75.7,3.46,483.0,-406.4,121.2,110.6,101.6,90.9,80.1,0.9468,0
2025-01-07 05:00:00,94.0,0.522,76.3,3.43,494.5,-402.6,121.1,111.3,101.0,90.9,80.6,0.9463,0
2025-01-07 06:00:00,91.5,0.54,76.7,3.29,492.9,-402.3,121.1,110.6,100.9,90.8,80.8,0.9439,0
2025-01-07 07:00:00,91.6,0.513,76.2,3.39,511.2,-398.2,121.3,110.9,101.6,91.0,80.5,0.9572,0
2025-01-07 08:00:00,91.1,0.525,74.9,3.44,498.7,-407.4,121.2,111.1,101.4,90.5,81.0,0.943,0
2025-01-07 09:00:00,90.1,0.537,74.6,3.44,495.7,-394.3,120.6,110.3,101.0,90.4,81.1,0.9408,0
2025-01-07 10:00:00,92.1,0.509,76.2,3.3,501.7,-384.5,121.0,110.4,100.9,91.4,80.6,0.9536,0
2025-01-07 11:00:00,89.1,0.525,76.0,3.56,496.4,-392.9,120.4,111.5,100.9,90.9,80.8,0.9517,0
2025-01-07 12:00:00,93.8,0.512,76.4,3.43,487.5,-381.1,120.2,111.1,100.4,91.0,79.5,0.9473,0
2025-01-07 13:00:00,91.8,0.514,76.4,3.45,502.2,-382.2,120.5,111.0,100.6,91.2,80.4,0.957,0
2025-01-07 14:00:00,92.4,0.511,79.1,3.48,479.7,-386.1,120.7,111.1,100.2,91.0,81.2,0.9545,0
2025-01-07 15:00:00,90.5,0.51,75.4,3.36,493.5,-391.3,119.6,110.7,100.3,90.9,80.3,0.9533,0
2025-01-07 16:00:00,90.6,0.544,74.8,3.48,474.1,-391.2,120.8,111.4,100.2,89.6,80.0,0.9417,0
2025-01-07 17:00:00,91.8,0.525,77.3,3.39,491.0,-384.7,119.1,110.5,100.2,90.6,81.6,0.9479,0
2025-01-07 18:00:00,88.7,0.526,76.7,3.34,490.3,-393.5,121.8,110.7,100.5,90.4,81.4,0.9459,0
2025-01-07 19:00:00,90.2,0.519,77.6,3.48,504.5,-404.9,121.2,109.7,100.3,91.3,80.7,0.9573,0
2025-01-07 20:00:00,89.1,0.498,78.0,3.57,471.5,-385.4,120.3,110.0,100.7,90.9,81.0,0.9609,0
2025-01-07 21:00:00,89.0,0.517,78.8,3.49,480.6,-397.9,120.5,109.9,99.6,90.1,79.3,0.9473,0
2025-01-07 22:00:00,86.4,0.523,76.2,3.5,494.2,-396.0,120.4,110.9,100.2,90.5,79.9,0.952,0
2025-01-07 23:00:00,93.2,0.503,77.3,3.36,488.8,-387.9,120.0,109.0,100.4,90.4,80.1,0.9522,0
2025-01-08 00:00:00,89.1,0.52,78.4,3.24,486.7,-388.2,120.4,110.1,100.2,90.6,80.2,0.9462,0
2025-01-08 01:00:00,92.7,0.516,78.9,3.55,474.7,-398.2,120.2,108.8,100.2,89.8,80.1,0.9516,0
2025-01-08 02:00:00,92.5,0.527,80.5,3.6,477.8,-385.1,120.3,109.9,99.6,90.5,79.1,0.9434,0
2025-01-08 03:00:00,87.7,0.503,79.5,3.55,495.7,-378.3,120.4,110.0,100.5,90.2,80.5,0.9585,0
2025-01-08 04:00:00,88.0,0.496,78.6,3.35,482.1,-394.6,119.5,110.9,100.5,90.3,80.5,0.9566,0
2025-01-08 05:00:00,95.3,0.502,77.9,3.27,485.9,-374.9,120.2,110.3,100.4,89.8,80.9,0.9508,0
2025-01-08 06:00:00,93.6,0.519,78.4,3.27,480.5,-397.2,120.2,109.7,100.6,89.8,79.7,0.9454,0
2025-01-08 07:00:00,90.0,0.486,78.6,3.21,469.3,-367.3,120.2,110.6,100.2,90.7,79.7,0.9571,0
2025-01-08 08:00:00,90.6,0.483,80.0,3.36,489.9,-387.1,120.0,110.1,100.4,89.6,78.8,0.9624,0
2025-01-08 09:00:00,88.8,0.503,79.8,3.53,485.1,-382.3,120.7,110.1,100.2,89.6,79.9,0.9574,0
2025-01-08 10:00:00,90.9,0.497,78.4,3.35,502.7,-398.1,119.8,109.4,100.3,90.0,80.4,0.9627,0
2025-01-08 11:00:00,88.6,0.501,79.4,3.39,469.0,-383.1,120.1,109.5,99.2,89.6,79.7,0.9537,0
2025-01-08 12:00:00,85.9,0.509,80.9,3.49,486.9,-380.4,120.7,109.6,99.6,89.6,81.1,0.9545,0
2025-01-08 13:00:00,87.4,0.493,80.6,3.31,465.1,-382.5,119.9,110.0,100.8,90.0,79.9,0.9501,0
2025-01-08 14:00:00,90.1,0.479,81.0,3.55,479.3,-386.0,120.1,110.0,98.7,89.2,80.0,0.9678,0
2025-01-08 15:00:00,87.8,0.518,80.9,3.54,487.1,-388.7,119.9,110.7,99.9,89.4,79.3,0.9525,0
2025-01-08 16:00:00,89.9,0.486,82.4,3.32,456.2,-371.7,120.6,110.2,100.6,91.0,80.1,0.9584,0
2025-01-08 17:00:00,87.9,0.485,81.1,3.27,474.4,-380.2,119.7,108.5,99.8,90.1,78.9,0.9574,0
2025-01-08 18:00:00,88.6,0.506,80.7,3.39,470.5,-367.8,120.5,109.9,99.6,89.4,80.2,0.9453,0
2025-01-08 19:00:00,91.9,0.49,80.3,3.28,468.7,-384.0,119.7,109.0,99.8,90.0,80.1,0.9494,0
2025-01-08 20:00:00,90.7,0.492,81.7,3.2,479.2,-382.9,119.4,109.3,99.6,90.1,80.5,0.9558,0
2025-01-08 21:00:00,90.3,0.497,79.1,3.44,486.2,-372.6,120.0,109.2,99.7,90.1,79.1,0.956,0
2025-01-08 22:00:00,92.1,0.502,81.6,3.42,473.3,-391.8,119.6,109.4,99.4,89.7,79.8,0.9546,0
2025-01-08 23:00:00,91.4,0.487,81.7,3.31,476.3,-388.3,120.0,109.0,100.2,90.2,80.0,0.9579,0
2025-01-09 00:00:00,93.4,0.505,80.7,3.17,475.1,-369.5,118.2,109.7,100.3,88.6,79.8,0.9468,0
2025-01-09 01:00:00,89.7,0.467,81.3,3.16,473.6,-387.4,119.6,108.9,99.5,89.1,79.2,0.9617,0
2025-01-09 02:00:00,89.8,0.495,83.2,3.29,462.4,-392.3,119.4,109.8,99.0,89.7,78.5,0.9489,0
2025-01-09 03:00:00,88.2,0.478,82.8,3.23,484.1,-362.6,119.1,110.7,99.3,89.8,79.8,0.9605,0
2025-01-09 04:00:00,90.0,0.5,82.8,3.24,475.7,-388.4,119.3,108.9,99.5,89.1,79.5,0.949,0
2025-01-09 05:00:00,92.9,0.487,83.1,3.37,476.4,-375.6,119.3,109.4,99.8,89.7,79.3,0.9577,0
2025-01-09 06:00:00,93.7,0.478,83.1,3.33,464.2,-376.3,119.5,108.3,99.0,89.2,79.9,0.9587,0
2025-01-09 07:00:00,93.2,0.49,84.4,3.39,467.4,-399.1,118.9,109.4,99.2,89.4,79.5,0.9557,0
2025-01-09 08:00:00,87.8,0.492,83.4,3.15,470.0,-378.6,119.6,109.8,99.7,90.0,78.8,0.9541,0
2025-01-09 09:00:00,93.7,0.488,81.9,3.21,456.2,-372.7,120.1,109.7,99.8,89.8,78.4,0.9512,0
2025-01-09 10:00:00,88.0,0.471,85.1,3.31,454.5,-373.3,119.6,109.5,99.2,89.0,78.9,0.9634,0
2025-01-09 11:00:00,93.6,0.475,84.0,3.28,465.1,-368.7,119.8,109.9,98.7,88.9,80.6,0.9642,0
2025-01-09 12:00:00,91.2,0.479,83.2,3.38,476.2,-378.9,119.9,110.6,101.0,89.1,79.7,0.9644,0
2025-01-09 13:00:00,93.5,0.478,82.6,3.26,464.3,-370.0,119.9,110.1,99.7,89.3,79.4,0.9596,0
2025-01-09 14:00:00,89.6,0.485,84.4,3.4,460.5,-381.1,120.3,109.1,99.2,89.0,79.2,0.9582,0
2025-01-09 15:00:00,94.8,0.457,84.0,3.26,462.4,-386.7,119.0,108.6,99.7,89.8,79.2,0.9688,0
2025-01-09 16:00:00,89.7,0.48,85.7,3.31,465.9,-385.7,119.0,109.1,99.3,89.5,79.9,0.9589,0
2025-01-09 17:00:00,91.5,0.473,83.9,3.16,466.8,-387.0,119.6,108.7,99.7,89.4,79.0,0.9616,0
2025-01-09 18:00:00,91.0,0.466,83.5,3.19,491.9,-367.1,119.5,109.4,99.2,88.5,79.5,0.9678,0
2025-01-09 19:00:00,89.7,0.467,85.3,3.27,480.7,-387.2,119.6,108.6,99.3,89.8,79.1,0.9646,0
2025-01-09 20:00:00,93.6,0.471,85.4,3.34,480.3,-372.9,120.1,109.2,99.1,87.8,80.2,0.9677,0
2025-01-09 21:00:00,97.2,0.437,84.8,3.24,481.7,-377.2,119.1,109.6,98.4,89.6,79.5,0.9775,0
2025-01-09 22:00:00,99.1,0.465,85.3,3.16,460.0,-375.8,119.4,109.1,100.1,89.6,79.8,0.9602,0
2025-01-09 23:00:00,94.2,0.462,84.7,3.3,457.8,-364.1,118.6,108.6,98.6,88.9,78.8,0.9625,0
2025-01-10 00:00:00,96.4,0.476,85.0,2.93,458.9,-378.5,120.1,109.7,98.4,89.7,79.6,0.952,0
2025-01-10 01:00:00,94.9,0.462,86.0,3.0,483.4,-370.1,118.9,108.1,99.0,89.1,78.9,0.9656,0
2025-01-10 02:00:00,95.6,0.467,85.5,3.21,464.6,-374.7,118.9,108.9,98.6,89.1,79.1,0.9642,0
2025-01-10 03:00:00,94.2,0.484,84.7,3.14,457.6,-376.3,118.8,108.9,98.9,89.1,79.8,0.9532,0
2025-01-10 04:00:00,95.5,0.478,86.3,3.19,465.8,-356.7,118.7,109.0,99.4,90.6,78.5,0.9588,0
2025-01-10 05:00:00,96.4,0.476,82.6,3.13,467.8,-386.7,118.4,108.9,99.3,89.5,78.9,0.9606,0
2025-01-10 06:00:00,94.4,0.461,87.0,3.17,473.0,-364.9,118.7,109.3,99.4,89.4,79.2,0.9639,0
2025-01-10 07:00:00,95.6,0.471,83.3,3.03,472.9,-370.1,118.1,108.8,98.6,88.3,79.1,0.9542,0
2025-01-10 08:00:00,95.9,0.463,84.4,3.16,462.2,-379.2,118.4,108.6,98.8,88.9,78.6,0.9657,0
2025-01-10 09:00:00,97.9,0.462,85.0,3.19,477.5,-362.5,119.8,108.6,99.0,88.4,79.9,0.9636,0
2025-01-10 10:00:00,94.4,0.468,84.8,3.21,464.4,-390.4,119.2,108.5,97.9,89.2,78.1,0.959,0
2025-01-10 11:00:00,96.6,0.457,86.0,3.28,469.3,-379.9,119.3,109.2,99.1,88.9,79.6,0.9623,0
2025-01-10 12:00:00,100.8,0.478,83.9,3.1,477.9,-385.6,119.3,108.4,98.0,88.1,79.3,0.959,0
2025-01-10 13:00:00,99.6,0.46,85.2,3.1,464.8,-372.8,119.7,109.2,99.8,88.8,79.7,0.957,0
2025-01-10 14:00:00,100.2,0.468,84.3,2.91,465.8,-385.1,117.8,108.7,98.5,88.3,77.9,0.9532,0
2025-01-10 15:00:00,97.8,0.476,85.2,3.0,477.6,-372.9,118.1,108.4,98.6,88.8,78.3,0.9579,0
2025-01-10 16:00:00,98.6,0.471,84.8,3.03,463.3,-378.1,118.3,109.0,98.3,88.2,79.4,0.9584,0
2025-01-10 17:00:00,100.3,0.446,84.9,3.15,468.3,-380.6,118.4,108.3,98.3,88.7,77.7,0.9674,0
2025-01-10 18:00:00,101.6,0.464,84.2,2.98,477.9,-373.9,118.4,108.9,99.7,89.0,77.8,0.9599,0
2025-01-10 19:00:00,94.9,0.467,84.2,3.11,493.2,-379.3,118.3,108.7,99.0,88.5,78.3,0.9615,0
2025-01-10 20:00:00,96.4,0.467,84.9,3.02,479.0,-386.1,118.7,108.3,97.8,88.4,78.7,0.9584,0
2025-01-10 21:00:00,101.9,0.447,85.5,3.0,477.9,-355.2,118.6,108.9,99.3,88.7,79.4,0.9684,0
2025-01-10 22:00:00,99.0,0.451,83.9,3.04,478.8,-381.8,118.1,108.8,99.1,88.8,78.4,0.9653,0
2025-01-10 23:00:00,98.5,0.467,83.5,2.97,463.1,-395.9,117.4,109.0,98.3,87.9,78.2,0.9556,0
2025-01-11 00:00:00,97.6,0.449,84.9,2.95,475.3,-385.2,118.0,109.0,98.7,88.6,78.7,0.961,0
2025-01-11 01:00:00,99.2,0.453,84.2,2.82,474.2,-388.9,118.2,108.7,98.4,89.1,78.7,0.9643,0
2025-01-11 02:00:00,97.8,0.471,84.9,2.96,478.0,-372.4,118.4,107.9,99.5,88.8,78.7,0.9585,0
2025-01-11 03:00:00,105.1,0.455,83.1,2.93,476.3,-376.7,117.8,109.6,98.0,88.4,78.3,0.9651,0
2025-01-11 04:00:00,101.1,0.448,82.1,2.92,479.4,-376.4,118.1,107.6,98.4,88.6,77.3,0.9698,0
2025-01-11 05:00:00,101.3,0.446,83.3,3.01,472.8,-382.9,117.8,108.8,98.1,88.6,77.9,0.9648,0
2025-01-11 06:00:00,102.8,0.458,82.9,3.02,476.9,-382.5,118.3,108.5,97.6,88.7,79.0,0.9626,0
2025-01-11 07:00:00,103.8,0.441,83.5,2.98,464.5,-383.6,117.8,107.7,99.4,87.3,78.4,0.9617,0
2025-01-11 08:00:00,104.1,0.451,82.8,3.05,474.0,-381.6,117.9,108.2,97.7,87.5,78.1,0.9756,0
2025-01-11 09:00:00,104.6,0.457,84.0,3.0,491.5,-374.6,117.7,108.3,98.4,88.8,78.9,0.9654,0
2025-01-11 10:00:00,101.4,0.466,82.9,2.9,481.2,-379.0,118.2,108.9,97.4,87.5,77.7,0.9617,0
2025-01-11 11:00:00,102.3,0.459,83.2,2.88,478.3,-378.1,117.8,107.9,98.1,88.5,78.2,0.9565,0
2025-01-11 12:00:00,104.7,0.445,83.0,2.95,497.9,-378.5,118.7,108.1,98.5,88.1,78.3,0.9736,0
2025-01-11 13:00:00,102.4,0.464,82.9,2.97,465.8,-375.8,118.4,107.1,97.8,87.7,78.0,0.9637,0
2025-01-11 14:00:00,103.7,0.449,82.6,3.05,468.8,-380.9,118.2,109.1,98.5,88.4,78.3,0.966,0
2025-01-11 15:00:00,104.7,0.439,83.0,3.02,497.5,-380.8,117.8,107.7,98.1,88.3,78.1,0.9712,0
2025-01-11 16:00:00,105.7,0.45,81.5,2.84,481.4,-374.6,118.3,108.3,98.7,89.2,77.4,0.9634,0
2025-01-11 17:00:00,100.8,0.466,83.5,2.88,479.0,-389.8,118.6,108.2,98.9,87.9,78.3,0.9511,0
2025-01-11 18:00:00,106.1,0.453,81.7,2.95,469.9,-391.8,118.2,108.1,97.8,88.8,77.5,0.9628,0
2025-01-11 19:00:00,104.4,0.451,80.5,2.98,486.9,-394.9,118.9,108.5,98.1,88.2,78.1,0.9695,0
2025-01-11 20:00:00,106.5,0.467,81.8,2.96,488.4,-384.4,118.3,109.0,98.2,87.8,78.8,0.9604,0
2025-01-11 21:00:00,106.9,0.436,80.6,2.86,472.6,-401.1,118.5,108.2,98.4,88.5,77.9,0.9672,0
2025-01-11 22:00:00,108.7,0.438,82.0,2.73,482.7,-383.0,118.2,108.4,98.1,88.4,77.5,0.9683,0
2025-01-11 23:00:00,108.4,0.434,83.4,2.75,481.3,-388.1,118.5,108.3,98.3,88.2,78.1,0.97,0
2025-01-12 00:00:00,108.6,0.454,80.2,2.87,487.8,-378.6,117.6,108.5,97.9,88.2,77.6,0.9588,0
2025-01-12 01:00:00,109.1,0.452,81.1,2.87,474.6,-393.5,117.8,107.8,98.1,87.8,78.4,0.9627,0
2025-01-12 02:00:00,107.0,0.466,78.9,2.72,498.9,-390.3,118.1,108.5,98.6,87.5,77.9,0.9653,0
2025-01-12 03:00:00,106.6,0.452,80.9,2.83,496.1,-380.1,118.2,108.6,98.4,88.4,78.9,0.9609,0
2025-01-12 04:00:00,108.5,0.446,79.4,2.88,483.9,-378.6,118.2,108.5,98.3,87.9,78.6,0.9663,0
2025-01-12 05:00:00,108.4,0.45,79.5,2.7,486.0,-395.6,118.5,107.6,98.3,87.9,77.9,0.9674,0
2025-01-12 06:00:00,106.5,0.451,78.8,2.92,487.4,-389.2,117.2,107.9,97.9,88.1,78.3,0.9691,0
2025-01-12 07:00:00,108.1,0.433,80.5,2.76,481.6,-388.8,117.5,108.1,98.2,88.2,77.8,0.9673,0
2025-01-12 08:00:00,107.4,0.477,80.6,2.92,485.5,-388.7,118.1,107.3,97.5,87.3,78.0,0.9558,0
2025-01-12 09:00:00,106.0,0.455,79.4,2.74,487.9,-394.3,117.6,108.8,98.6,88.6,77.8,0.9606,0
2025-01-12 10:00:00,110.4,0.452,78.4,2.68,507.3,-382.4,119.6,107.9,96.5,88.0,78.3,0.9617,0
2025-01-12 11:00:00,108.1,0.456,80.7,2.73,501.3,-408.3,118.3,108.2,98.0,87.9,78.8,0.9621,0
2025-01-12 12:00:00,112.2,0.457,78.1,2.76,501.8,-397.1,117.9,107.6,98.5,88.1,78.3,0.9617,0
2025-01-12 13:00:00,105.0,0.449,76.6,2.73,496.8,-390.7,117.6,107.2,97.2,88.0,78.3,0.9647,0
2025-01-12 14:00:00,107.3,0.444,79.0,2.74,482.6,-391.1,117.7,107.7,98.2,88.4,78.4,0.9619,0
2025-01-12 15:00:00,108.6,0.457,77.3,2.79,494.0,-384.5,117.9,108.0,97.6,88.2,78.2,0.9582,0
2025-01-12 16:00:00,111.0,0.455,79.2,2.73,504.7,-386.3,118.0,108.3,97.8,88.4,77.4,0.9634,0
2025-01-12 17:00:00,109.6,0.443,77.7,2.74,483.1,-398.7,117.7,108.0,98.4,88.6,78.8,0.9699,0
2025-01-12 18:00:00,109.6,0.465,78.5,2.57,502.7,-386.6,117.8,108.1,98.1,88.4,78.9,0.9559,0
2025-01-12 19:00:00,106.8,0.454,79.1,2.77,520.2,-403.2,118.7,107.8,97.0,87.9,77.9,0.9661,0
2025-01-12 20:00:00,106.9,0.459,76.4,2.72,508.3,-390.6,118.6,108.1,97.4,87.3,77.7,0.9644,0
2025-01-12 21:00:00,109.9,0.466,76.9,2.88,512.4,-384.1,118.0,108.7,98.4,88.7,78.2,0.9629,0
2025-01-12 22:00:00,106.6,0.452,77.2,2.62,501.1,-389.4,117.3,108.3,98.2,87.8,78.2,0.9673,0
2025-01-12 23:00:00,108.4,0.455,78.7,2.53,509.3,-398.8,118.3,108.4,98.9,87.8,77.9,0.9599,0
2025-01-13 00:00:00,110.5,0.461,76.3,2.77,493.1,-402.9,118.7,108.1,98.8,87.1,77.3,0.962,0
2025-01-13 01:00:00,107.7,0.446,76.3,2.73,508.9,-413.0,118.6,107.2,97.8,88.1,78.1,0.9656,0
2025-01-13 02:00:00,112.9,0.454,77.2,2.59,508.1,-398.8,118.4,107.5,99.2,88.1,78.3,0.9632,0
2025-01-13 03:00:00,112.2,0.455,76.0,2.54,505.1,-410.8,118.7,108.2,98.0,87.2,78.3,0.9605,0
2025-01-13 04:00:00,106.7,0.444,76.6,2.84,516.0,-408.7,118.0,108.0,97.5,88.2,78.2,0.9716,0
2025-01-13 05:00:00,108.0,0.477,74.8,2.82,498.1,-412.5,118.2,108.1,97.6,87.7,77.8,0.9537,0
2025-01-13 06:00:00,105.3,0.44,78.5,2.42,502.3,-407.2,117.8,108.9,97.0,89.4,78.6,0.9608,0
2025-01-13 07:00:00,108.4,0.442,74.8,2.62,505.8,-404.2,118.1,108.3,98.7,87.6,78.0,0.9675,0
2025-01-13 08:00:00,111.5,0.468,75.7,2.83,495.2,-402.4,118.7,108.6,98.8,87.8,77.8,0.9603,0
2025-01-13 09:00:00,109.1,0.463,75.9,2.61,508.4,-409.9,117.7,108.1,97.5,87.6,77.9,0.9581,0
2025-01-13 10:00:00,110.9,0.446,77.7,2.6,489.6,-397.1,117.7,107.7,98.0,88.8,77.3,0.9629,0
2025-01-13 11:00:00,107.0,0.463,74.4,2.62,517.9,-407.8,118.0,107.9,98.0,87.8,77.9,0.9603,0
2025-01-13 12:00:00,111.6,0.472,77.6,2.53,508.5,-413.0,121.4,114.5,105.2,91.6,83.7,0.8814,1
2025-01-13 13:00:00,108.9,0.457,76.3,2.47,503.4,-405.4,123.2,114.5,103.1,91.8,84.9,0.9038,1
2025-01-13 14:00:00,110.0,0.484,75.9,2.74,500.9,-392.0,122.0,111.9,104.8,92.0,85.3,0.8828,1
2025-01-13 15:00:00,109.8,0.441,74.4,2.45,507.6,-405.6,125.5,115.0,104.7,93.7,81.9,0.9322,1
2025-01-13 16:00:00,107.4,0.466,75.9,2.65,517.4,-411.7,123.0,115.9,101.7,97.0,81.7,0.9025,1
2025-01-13 17:00:00,107.6,0.471,74.6,2.71,516.6,-421.5,118.7,107.1,98.2,88.4,78.5,0.9606,0
2025-01-13 18:00:00,111.8,0.469,76.5,2.47,504.7,-411.5,117.8,108.5,98.9,88.5,79.4,0.9541,0
2025-01-13 19:00:00,110.6,0.458,74.2,2.52,503.9,-408.4,117.2,107.5,98.0,88.6,78.2,0.957,0
2025-01-13 20:00:00,111.9,0.458,75.0,2.73,519.5,-413.9,118.3,108.2,98.3,89.0,77.7,0.9686,0
2025-01-13 21:00:00,110.3,0.466,74.5,2.66,506.3,-424.6,118.1,108.0,98.5,88.8,78.6,0.957,0
2025-01-13 22:00:00,109.9,0.47,74.1,2.54,514.7,-418.6,117.6,108.5,98.5,88.4,79.1,0.9584,0
2025-01-13 23:00:00,106.1,0.469,75.8,2.72,515.9,-400.6,117.4,108.4,98.0,88.7,78.1,0.9586,0
2025-01-14 00:00:00,108.9,0.473,75.6,2.71,518.4,-401.2,118.3,109.0,98.3,87.9,78.7,0.9551,0
2025-01-14 01:00:00,109.3,0.454,76.2,2.62,524.4,-420.3,118.8,108.1,98.6,88.7,79.0,0.9661,0
2025-01-14 02:00:00,113.2,0.462,73.2,2.5,503.7,-408.3,118.5,108.6,97.7,87.7,78.7,0.9524,0
2025-01-14 03:00:00,110.6,0.456,76.1,2.54,497.8,-423.5,118.4,108.5,99.0,88.2,78.5,0.9599,0
2025-01-14 04:00:00,112.2,0.462,77.5,2.61,511.8,-403.3,118.7,107.7,99.2,87.0,78.1,0.9559,0
2025-01-14 05:00:00,110.2,0.476,74.6,2.56,536.0,-413.0,118.4,107.9,98.0,88.6,78.3,0.9556,0
2025-01-14 06:00:00,107.4,0.468,76.9,2.67,538.7,-407.8,117.8,108.4,98.6,88.2,78.7,0.9583,0
2025-01-14 07:00:00,109.0,0.494,74.8,2.42,537.3,-429.6,117.7,109.0,98.8,89.0,78.9,0.9556,0
2025-01-14 08:00:00,109.1,0.47,73.7,2.42,517.6,-410.8,118.3,108.6,98.1,88.6,78.6,0.9483,0
2025-01-14 09:00:00,106.6,0.469,74.8,2.58,502.2,-416.7,118.4,107.9,98.7,89.1,78.3,0.9542,0
2025-01-14 10:00:00,107.6,0.471,76.2,2.51,497.1,-410.3,119.0,108.5,98.7,88.1,78.9,0.9549,0
2025-01-14 11:00:00,107.8,0.464,74.4,2.49,514.8,-410.1,118.9,109.5,97.8,89.0,79.0,0.9599,0
2025-01-14 12:00:00,111.2,0.47,74.7,2.38,519.4,-417.3,118.9,108.6,98.8,89.6,78.8,0.9552,0
2025-01-14 13:00:00,103.7,0.483,75.9,2.55,534.9,-423.0,118.5,108.5,98.1,89.0,78.2,0.9527,0
2025-01-14 14:00:00,110.1,0.474,75.4,2.54,531.0,-412.4,118.0,108.9,99.1,89.1,78.6,0.9607,0
2025-01-14 15:00:00,105.7,0.465,76.0,2.61,525.0,-419.4,118.9,109.1,98.4,88.8,79.2,0.963,0
2025-01-14 16:00:00,104.6,0.465,75.8,2.55,514.3,-426.3,119.0,108.5,98.7,88.5,78.1,0.9582,0
2025-01-14 17:00:00,109.5,0.47,76.1,2.53,514.0,-427.0,117.6,109.0,99.5,89.2,77.7,0.9555,0
2025-01-14 18:00:00,108.4,0.476,75.3,2.65,526.5,-431.8,118.4,108.6,99.0,88.0,79.5,0.9562,0
2025-01-14 19:00:00,109.3,0.488,76.0,2.4,531.3,-424.4,118.5,109.2,98.3,88.6,79.1,0.9453,0
2025-01-14 20:00:00,108.2,0.463,75.0,2.59,528.7,-411.8,118.9,108.9,98.3,87.9,79.1,0.9648,0
2025-01-14 21:00:00,110.5,0.474,77.3,2.36,514.8,-419.5,118.6,109.2,98.7,88.6,78.4,0.9539,0
2025-01-14 22:00:00,107.3,0.48,75.5,2.44,532.0,-425.5,118.9,108.5,99.1,89.2,79.3,0.9496,0
2025-01-14 23:00:00,105.7,0.461,77.4,2.4,530.1,-415.1,118.9,108.6,99.2,89.3,79.2,0.9583,0
2025-01-15 00:00:00,106.5,0.472,76.1,2.6,515.4,-428.4,118.9,109.5,98.6,89.0,78.2,0.9555,0
2025-01-15 01:00:00,108.0,0.474,76.7,2.52,518.6,-421.3,118.7,109.0,98.5,89.2,79.8,0.9537,0
2025-01-15 02:00:00,103.8,0.474,76.1,2.52,533.6,-423.7,118.8,109.2,99.2,88.1,79.1,0.9567,0
2025-01-15 03:00:00,103.8,0.484,75.7,2.41,524.7,-416.3,118.5,108.9,99.0,88.9,78.9,0.9513,0
2025-01-15 04:00:00,104.3,0.482,75.1,2.49,543.2,-435.4,119.3,109.5,100.2,88.7,78.9,0.952,0
2025-01-15 05:00:00,100.5,0.479,75.9,2.44,532.6,-429.8,119.4,108.9,99.2,88.8,78.2,0.9502,0
2025-01-15 06:00:00,104.7,0.489,76.8,2.55,523.0,-436.3,118.9,109.2,100.1,89.5,79.5,0.9529,0
2025-01-15 07:00:00,100.4,0.503,77.5,2.41,528.0,-425.5,120.1,109.7,98.7,88.9,79.4,0.9403,0
2025-01-15 08:00:00,104.1,0.503,78.4,2.64,528.9,-413.9,119.2,110.0,98.6,89.1,79.3,0.9427,0
2025-01-15 09:00:00,105.4,0.468,77.1,2.34,521.2,-427.8,120.1,109.1,98.8,88.3,80.0,0.9516,0
2025-01-15 10:00:00,102.5,0.494,76.8,2.43,519.6,-428.0,119.1,110.4,100.0,89.2,78.7,0.9432,0
2025-01-15 11:00:00,106.6,0.487,76.4,2.67,535.9,-417.1,118.4,109.5,100.3,88.8,79.1,0.9592,0
2025-01-15 12:00:00,100.0,0.492,78.5,2.46,537.5,-415.7,119.7,109.0,99.1,89.6,79.1,0.9516,0
2025-01-15 13:00:00,105.1,0.487,79.6,2.37,535.3,-425.1,119.7,109.8,99.4,89.1,79.5,0.952,0
2025-01-15 14:00:00,103.8,0.493,79.6,2.53,544.5,-419.0,119.7,109.5,99.1,89.7,79.7,0.9532,0
2025-01-15 15:00:00,98.8,0.494,79.2,2.46,524.1,-433.2,119.3,109.9,98.8,89.6,79.9,0.9483,0
2025-01-15 16:00:00,107.4,0.488,79.3,2.42,546.3,-413.6,119.7,109.7,100.1,90.5,79.5,0.949,0
2025-01-15 17:00:00,101.6,0.485,80.6,2.39,520.7,-407.6,119.5,109.8,99.9,90.1,79.4,0.9465,0
2025-01-15 18:00:00,99.7,0.491,79.4,2.78,519.7,-420.7,119.6,109.3,99.8,88.9,80.6,0.9496,0
2025-01-15 19:00:00,98.4,0.498,79.9,2.48,512.3,-441.6,120.3,110.3,99.1,89.2,81.0,0.9416,0
2025-01-15 20:00:00,100.5,0.503,79.1,2.31,525.5,-429.4,119.9,109.3,100.7,89.9,79.9,0.9413,0
2025-01-15 21:00:00,100.4,0.506,78.2,2.65,524.9,-420.1,120.1,109.3,99.6,89.4,79.4,0.945,0
2025-01-15 22:00:00,100.6,0.494,79.1,2.56,535.2,-428.4,119.8,110.1,100.2,88.4,80.6,0.9535,0
2025-01-15 23:00:00,99.5,0.502,79.9,2.42,532.4,-414.8,119.8,110.8,99.3,90.7,79.3,0.9395,0
2025-01-16 00:00:00,101.1,0.51,80.1,2.41,518.1,-420.3,119.4,109.8,99.9,90.4,79.9,0.9386,0
2025-01-16 01:00:00,98.8,0.513,82.2,2.57,526.1,-430.6,120.0,110.5,100.3,90.4,79.8,0.9368,0
2025-01-16 02:00:00,95.5,0.502,80.5,2.48,526.2,-424.7,118.5,110.6,100.3,89.8,79.5,0.9435,0
2025-01-16 03:00:00,98.8,0.501,81.8,2.31,512.2,-432.1,119.9,110.6,100.3,90.4,80.1,0.9401,0
2025-01-16 04:00:00,94.1,0.506,80.3,2.68,520.0,-426.3,120.1,110.0,100.4,89.8,79.7,0.944,0
2025-01-16 05:00:00,99.3,0.493,80.6,2.46,522.1,-429.3,120.5,109.7,99.7,90.3,80.2,0.9472,0
2025-01-16 06:00:00,96.3,0.504,79.8,2.65,544.0,-415.4,120.1,109.1,100.3,89.8,80.2,0.946,0
2025-01-16 07:00:00,98.4,0.514,80.6,2.63,531.5,-407.7,120.5,110.2,100.3,91.0,80.0,0.9373,0
2025-01-16 08:00:00,100.4,0.514,82.0,2.4,536.1,-436.0,119.3,111.0,100.5,89.6,80.2,0.9402,0
2025-01-16 09:00:00,95.6,0.506,81.6,2.61,514.4,-439.8,120.4,109.9,100.4,91.0,80.3,0.9475,0
2025-01-16 10:00:00,99.4,0.511,82.7,2.44,541.2,-426.3,119.7,110.9,99.9,90.5,80.9,0.9381,0
2025-01-16 11:00:00,96.2,0.502,82.1,2.32,542.1,-436.4,119.9,110.0,99.8,90.3,80.4,0.9464,0
2025-01-16 12:00:00,100.3,0.518,81.8,2.46,508.9,-423.7,120.4,110.6,99.4,90.6,80.9,0.9338,0
2025-01-16 13:00:00,95.8,0.511,84.4,2.55,521.7,-417.9,121.3,111.0,101.1,91.1,81.0,0.9362,0
2025-01-16 14:00:00,94.6,0.51,82.3,2.46,533.5,-411.8,120.8,110.3,101.0,91.3,80.9,0.9375,0
2025-01-16 15:00:00,97.4,0.51,83.7,2.48,534.7,-422.0,120.7,110.8,101.1,90.9,81.4,0.9415,0
2025-01-16 16:00:00,94.9,0.514,82.3,2.63,521.3,-424.9,120.7,110.5,100.8,90.2,80.1,0.9394,0
2025-01-16 17:00:00,93.9,0.511,83.6,2.52,524.8,-439.0,120.4,111.1,99.7,90.8,80.5,0.9364,0
2025-01-16 18:00:00,94.4,0.522,83.9,2.43,521.6,-422.8,120.6,111.0,100.3,91.7,81.7,0.9281,0
2025-01-16 19:00:00,95.0,0.513,83.4,2.59,528.4,-422.2,121.1,110.9,100.9,91.5,80.7,0.9388,0
2025-01-16 20:00:00,97.6,0.533,80.9,2.54,539.0,-417.4,120.1,111.5,100.8,91.2,79.3,0.9345,0
2025-01-16 21:00:00,90.8,0.533,83.4,2.27,519.0,-428.0,121.2,111.2,100.8,91.3,80.8,0.9253,0
2025-01-16 22:00:00,94.5,0.51,84.8,2.56,536.5,-425.5,120.8,110.7,101.2,91.4,81.1,0.9418,0
2025-01-16 23:00:00,95.5,0.521,84.2,2.56,518.3,-433.6,121.4,111.0,101.0,91.6,79.7,0.9366,0
2025-01-17 00:00:00,94.4,0.514,84.2,2.53,517.3,-439.8,121.5,111.0,101.1,90.8,81.7,0.9409,0
2025-01-17 01:00:00,96.4,0.518,82.2,2.62,533.6,-430.1,120.1,111.0,100.7,90.3,80.6,0.9418,0
2025-01-17 02:00:00,93.4,0.542,83.3,2.46,534.3,-433.5,120.8,112.3,101.5,91.1,81.2,0.9277,0
2025-01-17 03:00:00,93.0,0.52,84.5,2.57,533.3,-417.9,120.7,111.3,100.9,90.7,81.0,0.9416,0
2025-01-17 04:00:00,94.4,0.527,84.6,2.38,511.2,-424.5,120.3,110.2,100.5,90.7,80.5,0.9255,0
2025-01-17 05:00:00,93.2,0.53,85.5,2.58,519.3,-424.3,120.7,111.0,100.9,90.9,80.7,0.9321,0
2025-01-17 06:00:00,92.0,0.515,84.2,2.73,531.8,-427.5,122.4,110.3,101.1,92.5,80.8,0.9432,0
2025-01-17 07:00:00,93.7,0.518,84.9,2.44,523.6,-445.2,121.6,111.1,101.8,91.4,81.8,0.932,0
2025-01-17 08:00:00,91.2,0.515,84.6,2.47,512.0,-406.9,122.3,110.3,101.3,91.5,81.2,0.9342,0
2025-01-17 09:00:00,91.1,0.519,83.6,2.48,526.9,-426.6,121.7,110.9,101.2,90.7,81.0,0.9303,0
2025-01-17 10:00:00,91.1,0.5,82.4,2.56,514.7,-421.5,120.9,110.5,100.6,90.3,80.8,0.9495,0
2025-01-17 11:00:00,94.7,0.535,85.2,2.45,539.4,-429.5,121.2,111.6,101.8,91.0,82.0,0.9289,0
2025-01-17 12:00:00,85.4,0.55,85.0,2.6,536.4,-409.7,121.7,111.4,101.1,92.2,82.2,0.9327,0
2025-01-17 13:00:00,92.5,0.532,84.2,2.64,526.5,-415.9,121.6,111.6,101.4,91.6,82.0,0.9346,0
2025-01-17 14:00:00,91.6,0.517,83.3,2.62,533.6,-423.3,121.1,111.4,102.1,91.7,81.7,0.9428,0
2025-01-17 15:00:00,88.0,0.525,85.5,2.39,520.2,-419.4,120.8,110.9,101.8,91.9,81.7,0.9295,0
2025-01-17 16:00:00,91.9,0.528,84.7,2.67,526.7,-402.4,123.2,111.8,100.7,91.2,80.9,0.9373,0
2025-01-17 17:00:00,92.1,0.523,85.5,2.67,533.3,-416.0,121.5,112.6,100.7,92.3,81.5,0.9416,0
2025-01-17 18:00:00,92.2,0.542,86.8,2.66,520.4,-416.4,121.5,111.9,101.7,91.4,81.4,0.9316,0
2025-01-17 19:00:00,85.6,0.543,82.9,2.62,514.9,-422.1,121.6,111.3,100.9,92.2,80.6,0.9301,0
2025-01-17 20:00:00,93.5,0.524,84.3,2.6,499.9,-429.2,121.5,110.9,101.9,91.8,82.1,0.9316,0
2025-01-17 21:00:00,89.2,0.543,84.8,2.69,515.5,-414.9,121.7,111.2,101.7,90.8,81.3,0.9278,0
2025-01-17 22:00:00,92.0,0.552,86.4,2.78,524.0,-410.6,122.4,112.0,101.9,91.4,82.4,0.9242,0
2025-01-17 23:00:00,92.0,0.556,83.3,2.5,524.7,-403.9,121.6,112.2,101.3,90.8,82.1,0.9233,0
2025-01-18 00:00:00,88.7,0.566,86.9,2.71,519.7,-430.2,121.3,112.0,102.7,92.4,82.1,0.9242,0
2025-01-18 01:00:00,91.7,0.529,85.1,2.59,508.7,-420.8,121.7,112.2,103.2,91.8,82.1,0.9365,0
2025-01-18 02:00:00,89.5,0.567,84.8,2.59,493.8,-415.9,121.6,112.1,101.6,90.7,81.5,0.915,0
2025-01-18 03:00:00,86.1,0.536,84.7,2.46,508.0,-410.8,122.5,112.1,102.0,92.0,82.7,0.9239,0
2025-01-18 04:00:00,92.5,0.534,84.4,2.59,509.3,-411.4,122.4,111.5,101.9,91.5,81.8,0.9247,0
2025-01-18 05:00:00,88.6,0.544,85.8,2.52,508.6,-410.8,122.0,112.0,101.8,91.2,82.1,0.9275,0
2025-01-18 06:00:00,88.4,0.535,83.7,2.58,517.3,-406.0,121.2,111.4,101.4,92.7,81.5,0.925,0
2025-01-18 07:00:00,89.3,0.545,85.0,2.52,530.4,-416.0,121.3,111.9,101.4,92.0,81.4,0.9263,0
2025-01-18 08:00:00,90.6,0.529,84.2,2.59,511.1,-400.8,121.9,112.0,101.3,91.7,82.1,0.9315,0
2025-01-18 09:00:00,89.9,0.54,83.8,2.59,507.1,-404.3,122.0,112.7,102.1,91.7,82.0,0.9269,0
2025-01-18 10:00:00,91.1,0.556,87.0,2.65,506.1,-409.8,121.9,111.4,101.8,91.3,81.7,0.9219,0
2025-01-18 11:00:00,87.3,0.543,84.8,2.48,509.3,-393.9,121.7,112.2,100.7,91.3,81.2,0.9246,0
2025-01-18 12:00:00,88.5,0.545,84.9,2.5,499.1,-393.7,121.7,112.7,102.2,92.6,81.4,0.9147,0
2025-01-18 13:00:00,89.8,0.549,85.3,2.69,508.0,-398.2,122.0,112.4,102.0,91.8,82.6,0.9257,0
2025-01-18 14:00:00,93.8,0.556,82.7,2.58,510.6,-429.2,120.7,112.3,102.6,91.9,81.6,0.9142,0
2025-01-18 15:00:00,89.8,0.528,85.7,2.77,507.6,-391.9,121.5,112.4,102.3,91.1,81.9,0.9376,0
2025-01-18 16:00:00,92.2,0.551,81.4,2.69,509.4,-397.7,121.6,112.5,101.1,91.2,82.6,0.9233,0
2025-01-18 17:00:00,90.2,0.543,83.0,2.73,508.5,-387.4,122.6,111.4,100.9,92.3,81.4,0.9225,0
2025-01-18 18:00:00,89.2,0.548,83.2,2.82,485.8,-393.0,121.6,111.3,101.6,92.2,81.6,0.9226,0
2025-01-18 19:00:00,89.7,0.557,84.1,2.65,509.2,-389.8,122.1,112.1,101.7,92.9,81.7,0.9201,0
2025-01-18 20:00:00,89.9,0.535,83.6,2.63,495.5,-394.8,122.2,111.0,102.5,92.7,82.9,0.9316,0
2025-01-18 21:00:00,91.5,0.537,83.1,2.78,490.6,-390.5,122.7,112.6,102.0,91.9,83.0,0.9299,0
2025-01-18 22:00:00,93.1,0.528,83.1,2.75,489.9,-384.8,122.7,112.7,102.6,92.3,82.4,0.9332,0
2025-01-18 23:00:00,91.2,0.542,82.0,2.69,504.6,-398.5,122.0,111.8,101.3,91.8,82.4,0.9312,0
2025-01-19 00:00:00,92.9,0.561,81.4,2.85,497.4,-412.3,121.7,111.8,102.5,93.0,81.7,0.9218,0
2025-01-19 01:00:00,88.7,0.547,83.4,2.69,482.1,-401.6,121.8,112.1,102.5,92.7,83.1,0.9244,0
2025-01-19 02:00:00,89.9,0.535,83.3,2.72,503.1,-395.5,122.0,112.1,101.1,92.2,82.2,0.9331,0
2025-01-19 03:00:00,89.4,0.544,84.0,2.73,483.2,-397.4,121.9,112.2,102.8,92.2,82.6,0.9205,0
2025-01-19 04:00:00,91.6,0.534,81.5,2.64,498.4,-407.5,122.3,112.3,102.1,92.7,82.0,0.9334,0
2025-01-19 05:00:00,90.3,0.538,82.8,2.74,498.7,-410.0,122.3,112.0,102.3,92.4,82.0,0.9254,0
2025-01-19 06:00:00,92.6,0.553,81.7,2.88,504.5,-402.3,122.3,112.5,101.6,92.8,82.9,0.93,0
2025-01-19 07:00:00,89.4,0.537,83.0,2.79,512.9,-389.4,122.7,112.3,102.8,91.0,82.4,0.9285,0
2025-01-19 08:00:00,91.5,0.56,82.6,2.76,480.7,-382.7,123.0,111.8,101.5,92.3,82.8,0.9195,0
2025-01-19 09:00:00,92.9,0.549,81.7,2.74,493.2,-387.5,122.1,112.7,102.5,91.8,82.2,0.9298,0
2025-01-19 10:00:00,87.6,0.55,80.9,2.8,490.4,-385.8,122.6,111.4,102.4,92.9,81.6,0.9235,0
2025-01-19 11:00:00,96.1,0.547,82.1,2.85,496.8,-394.4,121.9,112.0,101.6,92.9,81.8,0.9269,0
2025-01-19 12:00:00,91.4,0.558,81.6,2.84,494.0,-407.1,122.7,112.6,103.1,92.1,82.1,0.9246,0
2025-01-19 13:00:00,88.1,0.558,80.1,2.75,487.7,-396.3,122.5,111.6,102.1,92.8,81.7,0.9189,0
2025-01-19 14:00:00,92.6,0.553,79.3,2.82,486.2,-394.2,122.5,112.1,102.3,92.9,81.4,0.9283,0
2025-01-19 15:00:00,92.6,0.556,80.1,2.84,478.8,-395.6,122.1,112.3,101.2,92.0,82.6,0.9216,0
2025-01-19 16:00:00,92.5,0.548,81.8,2.7,499.2,-390.7,121.8,111.7,103.1,93.3,81.8,0.9238,0
2025-01-19 17:00:00,94.8,0.555,81.2,2.82,493.3,-387.1,121.4,112.0,101.4,92.0,82.1,0.9216,0
2025-01-19 18:00:00,94.5,0.547,78.8,2.6,497.3,-383.3,121.9,111.9,102.5,91.8,82.1,0.92,0
2025-01-19 19:00:00,93.8,0.55,78.5,2.87,484.4,-391.8,122.7,111.7,101.4,92.4,81.6,0.9229,0
2025-01-19 20:00:00,94.3,0.547,80.8,2.89,480.4,-404.4,121.9,113.2,101.7,91.9,82.8,0.9246,0
2025-01-19 21:00:00,93.4,0.545,78.2,2.91,475.6,-392.5,122.3,111.5,102.3,92.0,81.3,0.9244,0
2025-01-19 22:00:00,97.4,0.543,79.7,2.8,489.4,-387.8,122.4,112.5,102.5,92.7,82.1,0.925,0
2025-01-19 23:00:00,91.1,0.554,78.4,2.87,474.8,-377.9,121.8,111.7,101.3,91.9,82.0,0.9278,0
2025-01-20 00:00:00,94.5,0.563,80.5,2.99,503.1,-391.7,122.7,111.5,102.6,91.2,82.0,0.9222,0
2025-01-20 01:00:00,94.6,0.561,77.9,3.0,471.0,-382.6,120.4,111.9,102.4,92.1,81.2,0.921,0
2025-01-20 02:00:00,96.3,0.537,79.7,2.86,486.3,-384.0,121.3,112.3,101.5,91.6,82.4,0.9319,0
2025-01-20 03:00:00,93.2,0.562,78.5,2.88,498.7,-385.5,121.4,112.4,102.7,92.3,82.3,0.9244,0
2025-01-20 04:00:00,91.7,0.546,78.4,2.99,488.4,-377.9,121.5,112.7,101.2,92.2,81.5,0.9292,0
2025-01-20 05:00:00,95.7,0.555,76.1,2.73,483.7,-390.2,121.9,113.2,101.4,92.5,82.1,0.9192,0
2025-01-20 06:00:00,96.2,0.54,75.7,2.86,471.7,-389.1,121.9,111.9,102.0,92.2,81.9,0.9279,0
2025-01-20 07:00:00,98.8,0.55,77.5,3.03,467.1,-384.2,122.0,111.5,101.4,92.4,81.2,0.9259,0
2025-01-20 08:00:00,93.5,0.552,77.8,3.0,488.1,-388.8,122.1,112.1,102.0,91.5,81.4,0.9266,0
2025-01-20 09:00:00,98.6,0.533,76.3,2.94,495.0,-379.2,121.3,111.6,101.9,92.1,82.3,0.93,0
2025-01-20 10:00:00,101.3,0.554,76.2,2.76,475.0,-388.6,121.1,112.2,101.6,92.7,81.9,0.9181,0
2025-01-20 11:00:00,96.1,0.561,77.7,2.91,467.6,-380.6,122.0,111.1,102.2,91.4,81.5,0.915,0
2025-01-20 12:00:00,94.5,0.546,77.5,2.87,453.9,-382.9,121.5,113.0,101.7,92.7,81.3,0.9194,0
2025-01-20 13:00:00,96.5,0.561,76.7,2.97,468.2,-380.0,120.9,112.1,101.8,91.4,81.5,0.9198,0
2025-01-20 14:00:00,97.6,0.545,77.5,2.86,476.5,-385.0,122.2,110.9,102.3,91.3,81.5,0.9264,0
2025-01-20 15:00:00,99.0,0.555,75.4,2.84,493.2,-383.7,122.3,111.3,102.0,91.8,81.2,0.9291,0
2025-01-20 16:00:00,96.9,0.524,76.1,2.75,483.5,-379.9,122.4,112.1,102.0,92.0,80.8,0.931,0
2025-01-20 17:00:00,101.5,0.57,78.0,3.08,479.4,-378.7,121.8,112.3,101.2,92.2,82.3,0.9225,0
2025-01-20 18:00:00,96.4,0.56,76.3,2.93,471.9,-380.0,121.9,111.0,101.9,91.2,82.1,0.9206,0
2025-01-20 19:00:00,95.4,0.542,76.2,2.99,469.7,-366.0,122.3,112.0,101.2,91.8,81.0,0.9317,0
2025-01-20 20:00:00,101.3,0.525,78.3,2.98,489.2,-387.2,121.4,110.7,101.1,91.4,81.8,0.9395,0
2025-01-20 21:00:00,94.8,0.547,74.5,2.88,476.8,-379.5,122.1,111.5,101.5,90.8,81.0,0.9218,0
2025-01-20 22:00:00,99.2,0.529,76.6,2.87,453.4,-391.3,121.7,112.1,101.1,91.1,81.5,0.9226,0
2025-01-20 23:00:00,106.1,0.548,77.4,2.9,467.4,-375.5,122.1,111.3,102.0,91.2,81.4,0.9243,0
2025-01-21 00:00:00,100.2,0.547,75.3,2.93,465.2,-387.1,121.6,110.7,101.9,91.7,81.3,0.9224,0
2025-01-21 01:00:00,98.2,0.533,76.4,3.05,468.0,-380.1,122.2,111.6,100.6,92.1,82.5,0.9294,0
2025-01-21 02:00:00,100.6,0.553,74.5,2.94,478.8,-380.6,121.5,111.1,101.0,90.7,81.2,0.9201,0
2025-01-21 03:00:00,100.9,0.55,74.7,3.2,471.8,-375.2,120.7,111.7,100.7,91.6,81.0,0.9299,0
2025-01-21 04:00:00,101.5,0.551,75.7,3.13,471.9,-381.6,122.2,111.0,101.2,90.8,81.0,0.9321,0
2025-01-21 05:00:00,102.8,0.541,76.1,3.12,485.5,-381.7,121.0,111.0,101.7,91.7,81.9,0.9324,0
2025-01-21 06:00:00,99.7,0.526,76.3,3.03,465.2,-365.3,122.0,110.4,101.3,91.1,80.6,0.9362,0
2025-01-21 07:00:00,105.4,0.549,76.7,3.2,490.5,-374.3,121.4,111.5,101.1,90.9,81.0,0.9324,0
2025-01-21 08:00:00,102.7,0.536,75.1,3.03,464.9,-380.9,121.9,111.2,102.0,91.7,82.0,0.9265,0
2025-01-21 09:00:00,104.0,0.525,76.3,3.06,472.3,-378.2,121.9,110.8,100.2,91.1,81.5,0.939,0
2025-01-21 10:00:00,101.5,0.551,74.7,3.09,468.4,-362.9,121.5,111.3,101.9,91.1,81.3,0.9226,0
2025-01-21 11:00:00,105.6,0.558,75.9,3.15,472.3,-377.8,121.5,111.8,101.0,90.2,82.4,0.925,0
2025-01-21 12:00:00,102.7,0.536,75.2,3.15,475.4,-381.3,121.4,111.1,101.2,91.7,81.4,0.9333,0
2025-01-21 13:00:00,104.1,0.558,75.5,3.04,475.1,-381.1,120.2,111.4,101.0,91.6,80.9,0.9263,0
2025-01-21 14:00:00,101.9,0.536,75.4,3.04,463.1,-379.9,121.3,111.3,102.0,91.2,81.1,0.9269,0
2025-01-21 15:00:00,102.0,0.531,73.4,3.17,459.3,-380.2,120.5,110.5,100.5,90.3,80.5,0.9353,0
2025-01-21 16:00:00,105.6,0.528,73.9,3.18,495.4,-385.6,121.2,112.1,101.1,91.7,81.7,0.9391,0
2025-01-21 17:00:00,103.6,0.55,75.1,3.08,465.4,-384.2,120.5,110.9,101.4,90.8,81.4,0.9242,0
2025-01-21 18:00:00,103.0,0.525,73.4,2.96,477.2,-381.8,120.4,111.3,100.2,90.8,81.6,0.9245,0
2025-01-21 19:00:00,103.6,0.54,75.9,3.11,454.1,-370.4,121.9,111.5,100.6,92.2,81.7,0.9349,0
2025-01-21 20:00:00,106.6,0.526,76.0,3.2,467.3,-378.1,126.0,118.6,108.2,93.7,86.5,0.8824,1
2025-01-21 21:00:00,104.1,0.526,75.5,3.32,468.8,-376.7,128.0,116.9,106.5,96.3,83.6,0.8733,1
2025-01-21 22:00:00,105.4,0.541,74.1,3.03,474.7,-364.8,128.0,116.1,104.2,97.2,88.7,0.8468,1
2025-01-21 23:00:00,105.8,0.526,76.6,3.11,442.8,-364.6,127.8,116.2,105.3,97.4,87.8,0.8829,1
2025-01-22 00:00:00,102.2,0.525,77.3,3.12,471.7,-377.3,126.9,114.8,106.8,96.5,85.4,0.8651,1
2025-01-22 01:00:00,103.3,0.54,75.5,3.3,458.5,-380.1,125.0,114.3,107.2,94.7,87.5,0.8785,1
2025-01-22 02:00:00,107.1,0.543,75.9,3.17,473.3,-382.0,128.4,115.7,105.6,94.9,88.4,0.8666,1
2025-01-22 03:00:00,105.2,0.533,75.7,3.09,459.7,-369.5,124.7,114.3,106.0,98.1,84.4,0.8772,1
2025-01-22 04:00:00,108.9,0.519,76.1,3.24,461.6,-376.8,125.1,115.6,106.6,98.9,86.3,0.9046,1
2025-01-22 05:00:00,109.0,0.52,75.5,3.15,467.5,-378.3,124.7,119.0,107.0,96.5,86.5,0.9058,1
2025-01-22 06:00:00,108.6,0.525,75.7,3.07,459.8,-381.8,126.8,116.9,107.7,97.6,85.5,0.9102,1
2025-01-22 07:00:00,111.0,0.527,76.7,3.11,465.7,-381.5,127.4,116.8,107.5,97.2,86.9,0.8891,1
2025-01-22 08:00:00,107.4,0.513,78.3,3.38,458.6,-372.9,126.8,117.1,105.3,95.2,86.0,0.8786,1
2025-01-22 09:00:00,109.0,0.529,74.6,3.25,452.3,-386.1,125.9,118.1,109.0,96.3,84.4,0.8982,1
2025-01-22 10:00:00,106.7,0.522,76.0,3.23,481.0,-367.7,124.8,113.8,103.9,97.1,84.2,0.8811,1
2025-01-22 11:00:00,113.0,0.503,75.1,3.2,458.0,-380.1,120.2,110.9,100.4,89.6,80.3,0.9495,0
2025-01-22 12:00:00,112.2,0.51,78.0,3.26,469.4,-377.2,120.6,110.8,100.6,90.7,80.1,0.9447,0
2025-01-22 13:00:00,108.4,0.514,75.9,3.26,478.9,-386.8,120.8,110.5,101.1,90.1,80.8,0.9403,0
2025-01-22 14:00:00,109.3,0.517,75.2,3.27,465.4,-376.4,120.3,111.1,100.4,90.1,80.6,0.9415,0
2025-01-22 15:00:00,111.3,0.536,77.4,3.26,463.5,-379.1,120.8,110.8,101.7,89.9,80.5,0.9317,0
2025-01-22 16:00:00,108.5,0.519,78.6,3.34,474.2,-377.0,120.9,110.2,100.7,90.4,81.5,0.9441,0
2025-01-22 17:00:00,107.6,0.507,77.7,3.26,483.4,-365.1,121.1,110.2,101.0,90.2,80.0,0.9488,0
2025-01-22 18:00:00,110.7,0.517,77.4,3.17,460.8,-375.6,120.2,110.8,100.9,89.3,81.3,0.9436,0
2025-01-22 19:00:00,109.3,0.51,77.7,3.21,471.2,-383.6,120.0,111.0,100.4,90.8,80.5,0.9473,0
2025-01-22 20:00:00,109.6,0.516,78.9,3.08,455.7,-383.2,120.3,110.7,100.2,91.6,79.6,0.9384,0
2025-01-22 21:00:00,107.6,0.518,76.7,3.48,469.4,-373.0,119.8,111.3,100.5,90.6,80.2,0.9473,0
2025-01-22 22:00:00,106.0,0.524,77.7,3.37,474.0,-367.6,120.6,111.2,100.6,90.2,80.8,0.9405,0
2025-01-22 23:00:00,110.0,0.51,77.5,3.21,465.4,-376.0,119.7,110.5,100.0,90.3,80.1,0.9377,0
2025-01-23 00:00:00,111.4,0.526,76.9,3.27,469.7,-373.0,121.4,109.8,100.3,90.0,79.5,0.9402,0
2025-01-23 01:00:00,109.2,0.518,77.9,3.24,460.5,-374.0,120.9,109.6,100.9,90.3,80.2,0.9434,0
2025-01-23 02:00:00,112.6,0.501,79.5,3.46,475.7,-367.8,120.3,110.1,101.3,90.3,79.9,0.9545,0
2025-01-23 03:00:00,108.4,0.529,79.1,3.17,485.9,-395.0,120.7,110.6,100.7,89.8,80.5,0.9378,0
2025-01-23 04:00:00,107.7,0.51,79.4,3.33,464.7,-374.4,119.4,111.1,101.2,91.1,80.6,0.9483,0
2025-01-23 05:00:00,109.7,0.497,79.1,3.31,469.9,-372.2,121.4,110.4,99.9,89.4,79.6,0.9521,0
2025-01-23 06:00:00,109.7,0.521,79.6,3.41,481.5,-391.1,119.9,110.7,100.5,90.5,79.8,0.9518,0
2025-01-23 07:00:00,111.5,0.524,78.5,3.32,489.0,-387.8,120.0,109.9,100.7,90.0,80.4,0.9485,0
2025-01-23 08:00:00,108.4,0.503,79.1,3.16,462.4,-387.9,119.1,110.4,99.6,91.0,79.6,0.9489,0
2025-01-23 09:00:00,112.7,0.497,79.8,3.32,476.1,-387.3,120.3,110.5,99.8,90.2,79.5,0.9559,0
2025-01-23 10:00:00,113.9,0.499,80.1,3.25,481.0,-385.7,119.5,109.1,100.9,89.9,79.5,0.9482,0
2025-01-23 11:00:00,109.9,0.507,80.3,3.36,477.7,-380.3,120.1,109.8,99.5,89.9,80.2,0.9525,0
2025-01-23 12:00:00,112.5,0.512,80.0,3.5,454.4,-375.7,119.7,110.4,99.3,90.0,80.1,0.9487,0
2025-01-23 13:00:00,107.9,0.504,79.9,3.19,484.6,-374.4,119.4,110.1,100.7,89.4,79.6,0.9513,0
2025-01-23 14:00:00,112.1,0.499,83.6,3.29,495.3,-390.1,119.7,109.5,100.7,89.7,80.1,0.957,0
2025-01-23 15:00:00,112.0,0.512,81.6,3.32,481.8,-390.6,120.1,108.7,100.2,89.1,80.7,0.9499,0
2025-01-23 16:00:00,111.6,0.493,81.2,3.34,470.8,-373.7,119.3,109.7,99.9,89.4,79.4,0.9629,0
2025-01-23 17:00:00,109.9,0.505,80.8,3.45,476.5,-379.5,119.5,109.8,99.6,89.9,78.9,0.9528,0
2025-01-23 18:00:00,103.9,0.491,80.7,3.37,499.8,-384.4,120.1,109.4,99.9,90.0,80.0,0.9636,0
2025-01-23 19:00:00,108.5,0.498,81.2,3.43,491.8,-381.8,121.1,109.9,100.6,88.8,79.7,0.9568,0
2025-01-23 20:00:00,108.5,0.491,81.8,3.33,489.6,-386.2,120.0,110.0,99.9,89.7,79.4,0.9607,0
2025-01-23 21:00:00,107.7,0.491,79.8,3.42,487.3,-382.3,119.2,110.0,100.7,89.9,80.0,0.9627,0
2025-01-23 22:00:00,109.8,0.487,80.3,3.48,477.7,-389.6,119.5,108.5,99.2,89.6,80.1,0.9622,0
2025-01-23 23:00:00,108.7,0.503,81.4,3.33,482.9,-385.2,119.7,109.0,99.7,89.3,78.6,0.9575,0
2025-01-24 00:00:00,107.8,0.482,82.4,3.49,484.7,-399.9,119.5,109.5,99.5,89.5,79.3,0.9619,0
2025-01-24 01:00:00,107.2,0.481,82.1,3.42,491.5,-393.8,120.1,109.9,99.1,89.4,80.8,0.9632,0
2025-01-24 02:00:00,107.8,0.508,83.9,3.52,501.7,-394.2,119.8,109.9,99.6,89.4,80.0,0.9579,0
2025-01-24 03:00:00,111.4,0.496,81.1,3.4,498.4,-392.3,120.0,109.7,99.7,89.6,79.9,0.9619,0
2025-01-24 04:00:00,107.7,0.462,82.0,3.46,473.6,-397.2,119.4,109.3,99.8,90.7,80.1,0.9707,0
2025-01-24 05:00:00,107.9,0.479,84.4,3.42,490.6,-394.6,120.3,109.4,100.7,89.2,79.6,0.9691,0
2025-01-24 06:00:00,107.9,0.466,83.2,3.42,496.4,-402.9,119.4,109.2,99.7,89.4,79.9,0.9695,0
2025-01-24 07:00:00,109.4,0.474,84.1,3.46,495.8,-386.9,119.0,109.9,100.1,89.5,79.9,0.9656,0
2025-01-24 08:00:00,109.5,0.451,85.4,3.49,483.9,-392.5,120.6,109.1,99.6,89.2,79.8,0.9777,0
2025-01-24 09:00:00,102.3,0.48,82.8,3.31,520.0,-406.0,118.5,109.8,100.2,89.9,79.2,0.9673,0
2025-01-24 10:00:00,110.3,0.469,83.5,3.59,478.7,-399.6,119.0,109.5,100.6,88.2,79.5,0.9721,0
2025-01-24 11:00:00,111.0,0.48,83.4,3.26,481.3,-390.7,119.1,109.3,99.6,89.1,79.1,0.9598,0
2025-01-24 12:00:00,105.9,0.463,81.9,3.38,495.1,-398.3,120.5,108.9,98.8,89.7,79.3,0.9706,0
2025-01-24 13:00:00,105.9,0.479,83.6,3.44,514.5,-400.1,120.2,108.6,99.0,89.2,78.7,0.9694,0
2025-01-24 14:00:00,106.7,0.473,84.9,3.49,485.6,-395.6,120.1,109.0,99.5,88.9,78.9,0.9683,0
2025-01-24 15:00:00,106.0,0.492,84.7,3.61,492.0,-392.8,119.1,109.1,99.5,89.5,79.2,0.9633,0
2025-01-24 16:00:00,107.7,0.49,84.8,3.27,506.1,-407.6,120.5,108.1,99.6,89.7,78.8,0.9598,0
2025-01-24 17:00:00,103.2,0.483,83.9,3.41,495.8,-392.2,119.4,109.1,99.4,89.3,79.0,0.9631,0
2025-01-24 18:00:00,104.7,0.471,83.7,3.25,493.3,-403.6,119.7,109.6,99.2,88.8,79.1,0.968,0
2025-01-24 19:00:00,109.8,0.494,85.7,3.47,502.9,-397.9,119.3,109.5,98.9,89.5,79.4,0.9631,0
2025-01-24 20:00:00,104.7,0.457,84.1,3.5,500.6,-398.5,119.1,108.9,99.3,88.9,79.6,0.9838,0
2025-01-24 21:00:00,108.8,0.458,84.9,3.63,508.9,-403.0,119.0,109.2,100.1,89.5,78.9,0.9813,0
2025-01-24 22:00:00,106.8,0.471,84.8,3.49,512.1,-407.5,119.0,108.8,99.6,89.8,79.8,0.9718,0
2025-01-24 23:00:00,102.3,0.493,86.2,3.58,502.9,-402.2,119.4,109.2,99.4,87.8,79.6,0.9728,0
2025-01-25 00:00:00,107.0,0.468,85.8,3.54,503.4,-387.4,119.3,109.9,99.6,89.1,79.3,0.9753,0
2025-01-25 01:00:00,105.3,0.468,83.5,3.44,503.3,-411.9,118.9,109.4,98.8,88.1,79.0,0.9752,0
2025-01-25 02:00:00,104.4,0.454,83.7,3.34,506.7,-388.0,119.7,109.2,98.7,90.2,79.1,0.978,0
2025-01-25 03:00:00,105.5,0.477,85.5,3.51,503.0,-404.2,117.5,108.7,98.6,88.8,79.6,0.9716,0
2025-01-25 04:00:00,105.8,0.477,84.9,3.34,503.1,-402.3,119.2,109.3,98.9,89.3,79.5,0.9681,0
2025-01-25 05:00:00,106.0,0.475,84.5,3.62,515.8,-411.9,119.3,108.0,98.7,88.9,79.6,0.9718,0
2025-01-25 06:00:00,106.7,0.46,86.0,3.47,519.6,-409.9,119.5,108.8,99.5,88.5,79.0,0.9799,0
2025-01-25 07:00:00,104.9,0.458,85.2,3.61,490.0,-408.3,118.8,109.2,98.6,88.4,79.2,0.9732,0
2025-01-25 08:00:00,101.1,0.452,85.1,3.44,505.8,-413.1,118.9,109.2,98.4,89.6,79.5,0.9786,0
2025-01-25 09:00:00,102.7,0.465,85.8,3.52,499.5,-407.0,119.3,109.2,99.8,89.3,78.5,0.9721,0
2025-01-25 10:00:00,109.3,0.453,84.6,3.51,503.9,-409.1,119.5,108.9,98.5,89.7,78.6,0.9809,0
2025-01-25 11:00:00,104.6,0.451,86.5,3.49,511.7,-391.6,118.7,108.7,98.9,88.9,78.9,0.9823,0
2025-01-25 12:00:00,107.6,0.458,84.2,3.45,515.0,-416.2,118.8,109.0,98.9,88.8,79.2,0.9797,0
2025-01-25 13:00:00,105.4,0.457,85.6,3.53,507.8,-406.6,119.6,108.3,98.2,88.6,79.2,0.9801,0
2025-01-25 14:00:00,102.9,0.456,86.3,3.4,490.4,-406.0,117.7,108.3,99.4,88.6,78.7,0.9723,0
2025-01-25 15:00:00,102.7,0.465,83.5,3.38,500.5,-417.0,118.3,108.6,98.9,88.1,77.8,0.9707,0
2025-01-25 16:00:00,101.8,0.461,84.5,3.62,519.7,-403.5,119.4,108.7,99.4,88.7,78.8,0.9841,0
2025-01-25 17:00:00,98.1,0.457,85.9,3.57,484.0,-412.7,119.2,107.8,98.3,88.3,78.2,0.9793,0
2025-01-25 18:00:00,101.4,0.461,85.9,3.51,523.9,-429.9,118.9,108.9,98.7,88.9,77.9,0.9763,0
2025-01-25 19:00:00,103.5,0.449,84.5,3.67,517.8,-405.2,118.3,109.0,98.6,88.7,77.9,0.9822,0
2025-01-25 20:00:00,99.6,0.459,83.8,3.47,526.3,-419.9,118.1,108.5,98.7,88.7,78.7,0.978,0
2025-01-25 21:00:00,101.4,0.459,85.5,3.63,511.8,-419.8,118.3,109.8,97.9,89.4,79.3,0.9841,0
2025-01-25 22:00:00,102.0,0.442,85.6,3.52,493.7,-406.4,119.3,108.2,98.6,88.6,78.6,0.9861,0
2025-01-25 23:00:00,98.2,0.467,83.2,3.4,519.2,-415.2,118.1,108.2,97.7,88.8,78.5,0.9717,0
2025-01-26 00:00:00,98.9,0.448,83.1,3.68,528.2,-405.5,118.5,108.2,98.6,89.4,79.0,0.9903,0
2025-01-26 01:00:00,97.5,0.457,84.4,3.6,525.3,-403.7,118.1,108.4,97.4,89.1,77.7,0.989,0
2025-01-26 02:00:00,97.6,0.467,84.7,3.49,510.0,-419.0,118.9,108.3,97.5,89.0,78.7,0.9758,0
2025-01-26 03:00:00,96.4,0.464,83.7,3.57,518.0,-407.9,118.1,107.7,98.8,88.2,78.4,0.983,0
2025-01-26 04:00:00,96.9,0.455,84.5,3.46,512.3,-420.8,118.4,108.1,98.1,88.5,78.7,0.9822,0
2025-01-26 05:00:00,101.3,0.451,83.0,3.58,510.0,-397.3,117.5,108.3,97.8,87.7,78.1,0.9803,0
2025-01-26 06:00:00,96.4,0.464,81.5,3.26,528.3,-421.1,117.4,108.9,98.9,88.5,77.8,0.9739,0
2025-01-26 07:00:00,98.2,0.46,83.1,3.4,507.2,-407.8,118.3,109.4,98.5,88.4,78.4,0.975,0
2025-01-26 08:00:00,96.7,0.447,83.4,3.59,510.8,-409.7,117.6,109.0,98.7,88.3,79.1,0.9851,0
2025-01-26 09:00:00,99.8,0.445,83.0,3.47,509.2,-414.3,119.3,107.9,98.2,88.8,78.7,0.9856,0
2025-01-26 10:00:00,99.8,0.432,81.9,3.52,505.8,-422.6,117.2,107.9,99.5,87.6,78.0,0.9897,0
2025-01-26 11:00:00,98.7,0.454,81.1,3.36,522.6,-418.8,117.8,108.1,97.9,89.0,77.5,0.9705,0
2025-01-26 12:00:00,97.3,0.451,82.3,3.68,533.2,-435.2,118.2,109.1,99.1,88.7,77.4,0.9846,0
2025-01-26 13:00:00,96.0,0.463,83.6,3.61,520.2,-416.6,118.1,108.2,98.2,88.2,78.9,0.9737,0
2025-01-26 14:00:00,93.8,0.455,83.8,3.47,507.4,-415.9,117.7,107.6,97.4,88.2,77.8,0.979,0
2025-01-26 15:00:00,99.9,0.465,83.6,3.45,531.3,-418.0,117.8,108.0,98.5,88.5,78.1,0.979,0
2025-01-26 16:00:00,94.2,0.444,81.4,3.59,540.2,-443.2,117.6,108.5,98.3,88.9,78.8,0.9916,0
2025-01-26 17:00:00,96.8,0.463,80.9,3.68,517.3,-429.9,117.9,108.4,97.6,88.1,77.3,0.9787,0
2025-01-26 18:00:00,97.4,0.446,82.4,3.58,519.4,-426.1,119.1,108.1,97.7,88.2,78.9,0.9886,0
2025-01-26 19:00:00,93.9,0.459,82.4,3.7,529.7,-418.1,118.2,108.5,98.1,88.2,78.0,0.9877,0
2025-01-26 20:00:00,96.9,0.436,82.0,3.39,541.1,-418.4,118.7,107.0,98.3,89.0,77.5,0.9865,0
2025-01-26 21:00:00,96.1,0.453,79.4,3.4,520.1,-422.4,118.2,108.0,96.8,87.8,77.9,0.9758,0
2025-01-26 22:00:00,97.8,0.431,80.4,3.36,512.3,-416.3,118.6,108.5,98.6,88.0,77.7,0.987,0
2025-01-26 23:00:00,93.2,0.448,81.0,3.52,532.3,-429.8,116.7,107.6,97.8,88.8,78.3,0.9921,0
2025-01-27 00:00:00,91.4,0.455,81.4,3.49,534.3,-417.0,117.9,107.7,97.4,88.2,77.8,0.9888,0
2025-01-27 01:00:00,92.7,0.445,81.5,3.46,526.6,-418.3,118.7,107.1,98.6,88.6,77.1,0.9873,0
2025-01-27 02:00:00,93.9,0.44,80.7,3.55,521.3,-419.4,117.8,108.8,98.0,87.6,77.9,0.9865,0
2025-01-27 03:00:00,93.5,0.458,80.7,3.59,537.1,-424.1,118.9,107.7,98.6,87.9,77.4,0.9873,0
2025-01-27 04:00:00,92.4,0.449,80.3,3.31,532.7,-408.2,118.8,108.1,98.2,88.8,78.1,0.9807,0
2025-01-27 05:00:00,89.1,0.445,80.7,3.4,520.0,-419.1,117.8,108.3,98.0,87.7,77.4,0.981,0
2025-01-27 06:00:00,93.7,0.45,80.2,3.54,528.4,-431.0,117.8,108.8,97.9,87.9,77.8,0.979,0
2025-01-27 07:00:00,96.5,0.476,79.7,3.41,514.6,-421.5,117.5,107.9,98.2,88.1,78.1,0.9704,0
2025-01-27 08:00:00,93.3,0.462,79.2,3.37,535.2,-417.6,117.6,107.7,97.8,87.5,77.9,0.9768,0
2025-01-27 09:00:00,93.5,0.462,79.4,3.55,526.0,-428.5,117.4,108.1,97.5,87.8,78.1,0.981,0
2025-01-27 10:00:00,93.2,0.455,79.6,3.32,524.4,-415.3,118.2,108.6,98.3,88.0,78.3,0.9718,0
2025-01-27 11:00:00,92.7,0.452,79.2,3.42,528.6,-421.1,117.2,107.9,97.9,88.0,77.4,0.9828,0
2025-01-27 12:00:00,93.6,0.426,79.2,3.48,529.5,-443.0,118.3,107.5,98.0,88.6,77.9,0.9866,0
2025-01-27 13:00:00,92.4,0.444,80.0,3.38,538.2,-422.0,118.3,107.2,98.6,88.8,76.4,0.9898,0
2025-01-27 14:00:00,90.9,0.446,78.7,3.51,535.3,-427.8,117.1,107.4,97.9,87.5,78.1,0.9894,0
2025-01-27 15:00:00,89.8,0.432,77.7,3.38,528.0,-420.3,118.7,108.3,97.9,88.0,77.8,0.9886,0
2025-01-27 16:00:00,90.7,0.439,79.0,3.57,537.3,-417.1,118.2,107.8,97.7,88.3,77.5,0.9936,0
2025-01-27 17:00:00,91.7,0.431,76.6,3.41,533.7,-423.2,118.2,107.6,98.1,88.6,78.0,0.9885,0
2025-01-27 18:00:00,90.4,0.451,76.7,3.49,525.5,-411.5,117.5,107.5,98.1,88.2,78.5,0.9839,0
2025-01-27 19:00:00,91.5,0.46,78.0,3.49,528.6,-426.3,118.3,108.0,98.4,88.1,77.7,0.9832,0
2025-01-27 20:00:00,91.6,0.463,78.0,3.35,528.4,-419.9,118.5,107.8,97.7,88.3,77.5,0.9674,0
2025-01-27 21:00:00,92.3,0.456,76.1,3.21,535.0,-418.5,117.8,107.7,97.7,88.2,78.0,0.9762,0
2025-01-27 22:00:00,93.1,0.443,76.8,3.44,526.3,-425.8,118.9,108.6,98.3,87.5,77.3,0.9862,0
2025-01-27 23:00:00,90.7,0.433,76.5,3.41,526.1,-418.8,117.9,108.7,98.0,88.0,77.6,0.9888,0
2025-01-28 00:00:00,87.8,0.435,76.4,3.46,549.7,-429.8,118.5,107.1,97.5,88.7,78.5,0.9977,0
2025-01-28 01:00:00,89.7,0.44,77.7,3.37,539.4,-428.4,118.2,108.2,98.7,87.9,78.0,0.9846,0
2025-01-28 02:00:00,90.4,0.444,77.4,3.35,522.3,-435.4,124.7,111.0,100.3,92.4,82.5,0.949,1
2025-01-28 03:00:00,86.6,0.452,76.5,3.59,535.6,-423.0,122.5,113.6,105.5,94.4,82.3,0.9307,1
2025-01-28 04:00:00,92.9,0.444,75.9,3.24,531.0,-422.3,122.8,112.7,104.9,90.4,83.0,0.921,1
2025-01-28 05:00:00,90.4,0.458,74.9,3.45,533.7,-415.4,123.6,111.4,102.9,91.2,83.8,0.9407,1
2025-01-28 06:00:00,90.9,0.452,77.6,3.32,531.0,-418.4,125.5,113.5,103.0,95.1,82.9,0.917,1
2025-01-28 07:00:00,92.8,0.455,76.7,3.34,541.5,-426.9,124.0,111.4,103.0,94.1,84.7,0.9171,1
2025-01-28 08:00:00,88.8,0.467,75.3,3.34,532.9,-434.0,122.8,113.1,103.4,92.9,85.2,0.9346,1
2025-01-28 09:00:00,91.2,0.444,76.6,3.28,528.7,-421.0,122.9,111.3,103.1,93.0,83.9,0.9238,1
2025-01-28 10:00:00,89.8,0.46,75.7,3.42,539.6,-415.4,117.9,107.7,98.1,88.4,78.2,0.9887,0
2025-01-28 11:00:00,89.6,0.457,75.4,3.49,531.3,-418.1,117.4,107.3,98.4,89.0,78.3,0.9838,0
2025-01-28 12:00:00,88.5,0.454,76.0,3.4,530.0,-415.3,118.8,107.7,97.6,88.8,77.0,0.98,0
2025-01-28 13:00:00,93.3,0.466,74.8,3.35,531.8,-425.6,117.7,109.0,97.6,87.4,79.1,0.9741,0
2025-01-28 14:00:00,89.3,0.467,75.1,3.24,527.5,-427.4,118.3,107.7,98.4,88.5,77.8,0.9715,0
2025-01-28 15:00:00,91.5,0.449,75.5,3.39,528.3,-429.4,118.8,107.5,97.3,87.8,77.6,0.9783,0
2025-01-28 16:00:00,86.3,0.457,74.8,3.55,522.1,-423.8,117.9,108.3,97.8,87.8,78.0,0.9818,0
2025-01-28 17:00:00,92.5,0.462,75.9,3.29,520.2,-423.7,118.4,108.1,99.7,87.9,78.9,0.9765,0
2025-01-28 18:00:00,92.3,0.457,77.1,3.28,517.5,-421.2,117.7,108.2,97.8,88.6,79.4,0.9738,0
2025-01-28 19:00:00,90.4,0.466,74.4,3.26,513.3,-423.7,119.4,108.8,98.7,88.6,78.2,0.9684,0
2025-01-28 20:00:00,89.8,0.464,73.4,3.26,518.1,-423.5,118.6,108.4,97.8,88.1,78.6,0.9772,0
2025-01-28 21:00:00,91.1,0.48,73.1,3.03,524.9,-428.4,118.0,107.9,98.4,88.1,78.1,0.9585,0
2025-01-28 22:00:00,95.0,0.447,74.9,3.34,527.4,-414.4,117.8,108.0,98.6,88.5,77.7,0.9764,0
2025-01-28 23:00:00,87.0,0.462,74.4,3.21,523.3,-421.1,118.2,108.0,98.8,88.5,79.0,0.97,0
2025-01-29 00:00:00,92.1,0.454,75.2,3.13,502.1,-422.8,118.1,108.7,98.2,88.9,78.0,0.9666,0
2025-01-29 01:00:00,88.8,0.47,75.1,3.36,541.1,-427.1,119.3,108.2,99.3,87.7,79.1,0.9772,0
2025-01-29 02:00:00,90.7,0.448,73.4,3.17,535.8,-431.5,117.6,107.4,98.0,88.3,78.9,0.9789,0
2025-01-29 03:00:00,90.4,0.469,73.2,3.24,529.1,-410.0,118.3,108.2,98.4,87.7,78.6,0.9715,0
2025-01-29 04:00:00,90.1,0.46,75.3,3.41,543.3,-415.7,118.4,107.6,98.5,88.4,79.3,0.9851,0
2025-01-29 05:00:00,91.1,0.459,75.2,3.12,514.1,-432.8,118.4,109.5,97.9,88.3,79.5,0.969,0
2025-01-29 06:00:00,88.9,0.453,74.6,3.1,542.3,-413.4,118.4,107.9,98.3,88.4,78.3,0.9804,0
2025-01-29 07:00:00,93.4,0.463,73.4,3.28,513.4,-411.8,118.3,108.3,98.5,88.0,78.0,0.977,0
2025-01-29 08:00:00,87.9,0.479,75.6,3.36,525.0,-417.8,119.0,108.6,98.3,87.8,77.6,0.9682,0
2025-01-29 09:00:00,92.7,0.469,76.4,3.08,509.4,-405.7,118.9,108.4,99.8,87.5,79.7,0.9678,0
2025-01-29 10:00:00,91.1,0.476,75.5,3.27,521.8,-416.3,118.8,108.4,98.1,88.5,78.3,0.9679,0
2025-01-29 11:00:00,89.6,0.487,74.4,3.29,525.1,-429.0,117.0,108.8,99.1,88.3,79.1,0.9678,0
2025-01-29 12:00:00,92.5,0.474,75.3,3.02,519.2,-414.4,118.8,109.4,99.0,88.3,78.2,0.9592,0
2025-01-29 13:00:00,89.1,0.466,74.0,3.3,527.4,-414.9,117.8,109.0,98.6,89.2,79.3,0.969,0
2025-01-29 14:00:00,92.5,0.477,76.5,3.3,520.8,-421.3,119.1,109.5,98.3,88.3,78.4,0.9673,0
2025-01-29 15:00:00,89.7,0.468,75.6,3.17,514.1,-411.5,119.5,108.2,98.3,89.4,78.1,0.9659,0
2025-01-29 16:00:00,93.7,0.469,73.8,3.32,513.1,-429.0,118.2,108.8,98.4,89.5,78.6,0.9694,0
2025-01-29 17:00:00,91.1,0.46,75.4,3.31,526.4,-407.3,118.6,108.8,97.9,87.8,78.5,0.9759,0
2025-01-29 18:00:00,92.2,0.485,76.2,3.2,511.2,-421.8,118.5,109.0,98.3,88.9,79.1,0.964,0
2025-01-29 19:00:00,93.9,0.473,75.5,3.13,526.4,-422.2,119.5,109.5,98.1,88.6,78.8,0.9668,0
2025-01-29 20:00:00,92.0,0.479,75.7,3.08,528.9,-414.8,118.9,108.8,99.5,87.4,79.2,0.9622,0
2025-01-29 21:00:00,93.6,0.468,74.8,3.16,499.5,-410.0,119.7,108.7,99.2,88.1,78.7,0.965,0
2025-01-29 22:00:00,90.9,0.483,76.7,3.22,526.9,-411.7,119.2,109.3,99.4,89.4,78.7,0.9633,0
2025-01-29 23:00:00,95.4,0.472,75.6,3.12,535.6,-418.5,119.1,108.1,99.3,90.0,78.7,0.9668,0
2025-01-30 00:00:00,97.9,0.479,74.2,2.93,517.0,-416.1,119.0,108.8,99.0,89.4,80.0,0.955,0
2025-01-30 01:00:00,100.1,0.49,76.2,3.27,519.9,-420.6,119.5,109.0,99.8,89.2,79.2,0.9629,0
2025-01-30 02:00:00,95.0,0.49,77.6,3.15,523.7,-412.9,118.3,108.7,98.9,89.2,78.2,0.9593,0
2025-01-30 03:00:00,96.6,0.483,76.4,3.09,509.9,-402.0,119.2,109.7,99.2,90.0,78.9,0.9633,0
2025-01-30 04:00:00,91.7,0.466,78.7,3.21,513.9,-410.1,119.2,108.7,99.7,90.4,79.3,0.9657,0
2025-01-30 05:00:00,98.5,0.514,77.5,3.27,498.4,-402.7,119.6,109.2,98.6,89.0,80.2,0.9477,0
2025-01-30 06:00:00,97.2,0.503,77.5,2.83,512.3,-397.4,119.2,109.4,100.8,88.3,79.8,0.953,0
2025-01-30 07:00:00,95.0,0.493,77.2,3.15,515.3,-413.3,118.8,110.0,99.3,88.3,78.8,0.9553,0
2025-01-30 08:00:00,98.6,0.48,77.4,2.96,514.8,-409.5,119.4,109.3,99.4,90.0,80.6,0.9591,0
2025-01-30 09:00:00,95.9,0.487,77.4,3.14,519.7,-390.2,118.8,109.9,100.0,89.4,79.4,0.9578,0
2025-01-30 10:00:00,95.7,0.483,77.5,3.1,500.7,-395.5,118.5,109.8,99.9,89.5,80.0,0.9547,0
2025-01-30 11:00:00,97.9,0.502,78.5,3.14,502.4,-419.9,119.9,109.6,99.5,88.6,78.9,0.957,0
2025-01-30 12:00:00,95.0,0.493,77.2,3.02,526.1,-402.9,119.8,108.9,99.5,89.1,78.3,0.9581,0
2025-01-30 13:00:00,99.5,0.483,77.2,2.88,505.0,-405.4,119.7,108.8,98.8,89.4,78.8,0.9554,0
2025-01-30 14:00:00,95.6,0.487,77.3,3.01,507.9,-398.3,120.2,109.6,99.3,89.7,77.9,0.9515,0
2025-01-30 15:00:00,95.8,0.504,80.7,3.09,504.5,-410.3,119.4,109.5,100.0,89.6,80.8,0.952,0
2025-01-30 16:00:00,96.4,0.51,79.3,3.15,496.4,-410.5,119.0,110.2,99.9,89.2,79.8,0.9519,0
2025-01-30 17:00:00,100.0,0.51,79.3,2.92,520.2,-408.7,119.7,110.1,100.4,89.4,79.3,0.9512,0
2025-01-30 18:00:00,97.5,0.503,78.1,3.14,498.0,-407.3,119.6,109.6,99.7,90.3,80.0,0.9531,0
2025-01-30 19:00:00,96.3,0.494,79.9,2.96,491.3,-395.7,119.4,109.3,99.2,90.0,80.0,0.9468,0
2025-01-30 20:00:00,98.0,0.465,79.4,3.06,497.5,-411.1,119.8,110.1,100.4,90.2,80.2,0.9656,0
2025-01-30 21:00:00,99.4,0.501,79.9,2.96,481.3,-406.1,119.6,109.4,100.6,89.5,80.5,0.9476,0
2025-01-30 22:00:00,97.4,0.499,78.8,3.02,494.1,-414.9,119.0,109.5,100.4,88.4,79.8,0.9445,0
2025-01-30 23:00:00,97.7,0.501,80.2,3.09,490.3,-391.9,119.8,109.5,99.9,89.7,79.6,0.9462,0
