sample_id,site,temperatuur_C,druk_bar,debiet_kgh,luchtvochtigheid_pct,roersnelheid_RPM,API_zuiverheid_pct,excipient_vocht_pct,equipment_leeftijd_jaar,kwaliteitsscore,dissolutie_pct,goedgekeurd
Site_NL-0000,Site_NL,150.0,4.79,98.5,47.1,255.0,99.41,2.65,2,88.4,86.8,1
Site_NL-0001,Site_NL,147.6,5.26,102.2,44.9,299.0,99.27,2.78,2,89.3,90.5,1
Site_NL-0002,Site_NL,149.2,4.85,101.8,48.7,268.0,99.23,2.46,2,86.3,87.3,1
Site_NL-0003,Site_NL,150.0,5.1,99.5,49.4,265.0,99.13,2.5,2,89.2,86.4,1
Site_NL-0004,Site_NL,151.2,5.39,104.7,51.0,272.0,99.59,2.89,2,88.9,90.7,1
Site_NL-0005,Site_NL,145.1,4.64,100.5,42.9,237.0,99.49,3.14,2,82.1,87.7,1
Site_NL-0006,Site_NL,148.5,4.98,94.8,48.1,267.0,99.59,2.35,2,88.0,86.4,1
Site_NL-0007,Site_NL,152.3,4.87,96.9,40.0,273.0,99.36,2.34,2,91.9,90.0,1
Site_NL-0008,Site_NL,150.8,4.5,105.9,48.7,258.0,99.53,2.02,2,89.3,90.0,1
Site_NL-0009,Site_NL,146.0,4.66,93.6,42.8,277.0,99.49,2.58,2,87.4,90.5,1
Site_NL-0010,Site_NL,148.1,5.0,106.4,52.5,295.0,99.61,2.48,2,88.5,89.3,1
Site_NL-0011,Site_NL,148.5,5.24,95.9,50.1,307.0,99.52,2.08,2,90.3,88.8,1
Site_NL-0012,Site_NL,151.8,4.37,100.9,41.9,268.0,99.65,2.96,2,88.5,91.3,1
Site_NL-0013,Site_NL,147.8,4.98,100.5,47.1,278.0,99.48,2.46,2,86.9,88.9,1
Site_NL-0014,Site_NL,150.8,4.87,97.3,45.4,281.0,99.62,2.33,2,88.7,89.3,1
Site_NL-0015,Site_NL,153.4,4.89,94.9,43.7,275.0,99.67,2.62,2,90.7,94.5,1
Site_NL-0016,Site_NL,150.1,5.45,99.4,45.0,278.0,99.33,2.29,2,91.1,89.0,1
Site_NL-0017,Site_NL,145.9,4.85,101.1,43.2,268.0,99.51,2.39,2,86.6,90.9,1
Site_NL-0018,Site_NL,152.9,5.22,105.7,41.5,232.0,99.6,2.95,2,86.0,90.9,1
Site_NL-0019,Site_NL,148.8,5.15,103.4,45.3,295.0,99.38,2.44,2,88.5,88.3,1
Site_NL-0020,Site_NL,148.1,5.1,99.9,50.0,250.0,99.75,2.51,2,88.0,87.5,1
Site_NL-0021,Site_NL,147.2,4.49,100.3,47.3,277.0,99.51,2.75,2,84.7,91.8,1
Site_NL-0022,Site_NL,147.3,5.26,92.4,43.4,239.0,99.7,2.61,2,90.1,85.9,1
Site_NL-0023,Site_NL,149.6,5.12,97.1,40.4,248.0,99.32,2.54,2,90.9,90.9,1
Site_NL-0024,Site_NL,149.6,5.17,97.6,43.7,246.0,99.25,2.2,2,87.3,89.1,1
Site_NL-0025,Site_NL,147.2,4.71,100.8,47.3,268.0,99.15,2.28,2,88.5,87.1,1
Site_NL-0026,Site_NL,151.1,5.16,102.9,47.3,281.0,99.59,2.31,2,89.5,90.7,1
Site_NL-0027,Site_NL,154.4,4.83,85.9,48.2,250.0,99.52,2.16,2,91.5,92.7,1
Site_NL-0028,Site_NL,150.9,5.11,91.9,46.6,274.0,99.7,2.43,2,88.8,88.6,1
Site_NL-0029,Site_NL,147.8,4.5,102.9,47.6,250.0,99.71,2.73,2,86.4,84.1,1
Site_NL-0030,Site_NL,151.4,5.13,97.2,45.5,257.0,99.27,2.48,2,88.3,90.3,1
Site_NL-0031,Site_NL,152.1,5.21,93.8,39.1,280.0,99.17,2.73,2,88.3,90.5,1
Site_NL-0032,Site_NL,150.6,5.54,107.2,48.9,282.0,99.46,2.93,2,88.1,91.5,1
Site_NL-0033,Site_NL,146.5,4.72,89.6,44.7,261.0,99.74,2.89,2,88.5,89.4,1
Site_NL-0034,Site_NL,147.0,5.2,98.6,47.6,279.0,99.71,2.57,2,89.8,89.7,1
Site_NL-0035,Site_NL,148.9,4.66,101.4,40.1,280.0,100.16,3.1,2,92.0,87.0,1
Site_NL-0036,Site_NL,150.0,5.03,94.2,49.1,266.0,99.79,2.44,2,88.7,91.6,1
Site_NL-0037,Site_NL,153.4,4.94,108.6,44.9,289.0,99.46,2.89,2,90.2,91.4,1
Site_NL-0038,Site_NL,148.6,5.29,104.9,43.5,286.0,99.39,1.97,2,89.6,87.5,1
Site_NL-0039,Site_NL,150.3,4.88,106.2,49.6,273.0,99.21,2.14,2,87.4,89.5,1
Site_NL-0040,Site_NL,150.8,5.24,96.7,49.1,262.0,99.54,2.56,2,88.0,89.1,1
Site_NL-0041,Site_NL,153.5,4.5,99.0,46.7,283.0,99.58,2.64,2,88.2,86.7,1
Site_NL-0042,Site_NL,152.0,5.47,102.2,48.1,284.0,99.72,3.06,2,88.7,88.8,1
Site_NL-0043,Site_NL,149.0,4.93,105.8,41.5,239.0,99.61,2.58,2,89.0,87.6,1
Site_NL-0044,Site_NL,147.7,4.81,101.4,42.8,300.0,99.52,2.67,2,87.1,90.5,1
Site_NL-0045,Site_NL,148.2,5.12,99.6,44.1,279.0,99.47,2.54,2,88.4,91.1,1
Site_NL-0046,Site_NL,152.9,5.37,106.1,49.4,252.0,99.6,2.88,2,87.7,90.3,1
Site_NL-0047,Site_NL,150.6,4.9,97.8,45.0,305.0,99.34,1.9,2,90.0,90.0,1
Site_NL-0048,Site_NL,149.4,4.93,96.0,48.6,221.0,99.75,2.29,2,88.0,90.6,1
Site_NL-0049,Site_NL,148.8,5.24,94.7,45.8,262.0,99.58,2.68,2,90.2,86.3,1
Site_NL-0050,Site_NL,155.7,5.19,107.7,43.1,254.0,99.4,2.26,2,91.0,89.8,1
Site_NL-0051,Site_NL,152.5,4.51,97.6,47.1,261.0,99.67,2.75,2,88.7,92.5,1
Site_NL-0052,Site_NL,147.2,4.63,92.7,46.3,280.0,99.67,2.37,2,87.8,86.9,1
Site_NL-0053,Site_NL,146.9,5.32,94.6,46.8,261.0,99.7,2.37,2,87.0,90.2,1
Site_NL-0054,Site_NL,145.9,5.33,99.8,45.8,307.0,99.91,2.57,2,86.1,91.9,1
Site_NL-0055,Site_NL,156.4,5.16,100.0,43.8,250.0,99.63,2.77,2,88.6,87.7,1
Site_NL-0056,Site_NL,147.8,5.41,110.3,50.7,242.0,99.41,2.49,2,87.8,88.8,1
Site_NL-0057,Site_NL,152.2,4.97,99.5,46.2,250.0,99.64,2.42,2,88.7,87.0,1
Site_NL-0058,Site_NL,148.8,4.85,96.2,38.8,268.0,99.85,2.29,2,89.7,88.0,1
Site_NL-0059,Site_NL,150.1,5.03,102.3,43.6,222.0,99.8,2.74,2,87.1,90.6,1
Site_NL-0060,Site_NL,147.1,4.35,108.9,42.1,316.0,99.31,2.54,2,89.1,90.2,1
Site_NL-0061,Site_NL,148.8,5.22,97.7,44.1,271.0,99.44,2.31,2,89.8,89.8,1
Site_NL-0062,Site_NL,153.5,5.02,98.5,46.2,260.0,99.68,2.64,2,88.7,91.6,1
Site_NL-0063,Site_NL,150.6,4.71,95.4,42.5,265.0,99.78,2.32,2,88.6,90.9,1
Site_NL-0064,Site_NL,158.2,4.8,95.0,42.7,251.0,99.53,2.55,2,91.1,88.0,1
Site_NL-0065,Site_NL,147.2,5.46,108.2,42.7,276.0,99.38,2.15,2,89.1,90.8,1
Site_NL-0066,Site_NL,152.3,5.17,100.5,40.9,240.0,99.75,2.54,2,92.2,89.0,1
Site_NL-0067,Site_NL,149.3,5.09,98.2,45.7,264.0,99.7,2.32,2,91.9,87.3,1
Site_NL-0068,Site_NL,146.6,5.32,103.0,44.8,231.0,99.01,2.26,2,85.0,90.7,1
Site_NL-0069,Site_NL,152.4,5.49,102.5,45.4,260.0,99.87,2.18,2,88.9,90.3,1
Site_NL-0070,Site_NL,146.0,4.49,100.9,45.5,253.0,99.58,2.27,2,85.5,88.3,1
Site_NL-0071,Site_NL,154.2,4.26,92.1,41.3,245.0,99.1,2.55,2,89.5,91.4,1
Site_NL-0072,Site_NL,147.1,4.13,99.8,44.4,248.0,99.34,2.47,2,85.9,89.2,1
Site_NL-0073,Site_NL,152.4,5.05,104.5,43.1,261.0,99.75,1.94,2,91.3,91.1,1
Site_NL-0074,Site_NL,151.3,4.96,93.1,38.2,278.0,99.43,2.32,2,92.5,88.8,1
Site_NL-0075,Site_NL,155.6,4.87,109.7,42.0,270.0,99.13,2.46,2,91.6,89.2,1
Site_NL-0076,Site_NL,148.3,4.92,101.5,44.5,299.0,99.51,2.59,2,88.1,87.1,1
Site_NL-0077,Site_NL,147.4,5.31,94.0,41.9,268.0,99.53,2.47,2,90.7,91.4,1
Site_NL-0078,Site_NL,150.0,4.89,99.8,50.3,243.0,99.44,2.29,2,89.3,87.9,1
Site_NL-0079,Site_NL,154.9,5.31,91.5,43.5,248.0,99.41,2.4,2,90.9,88.4,1
Site_NL-0080,Site_NL,144.7,4.91,97.1,39.1,286.0,99.31,2.43,2,91.3,87.2,1
Site_NL-0081,Site_NL,150.3,5.11,102.6,49.2,251.0,99.5,2.95,2,85.7,90.0,1
Site_NL-0082,Site_NL,151.5,4.97,102.0,45.7,281.0,99.8,2.72,2,88.6,90.8,1
Site_NL-0083,Site_NL,146.6,4.61,99.2,35.9,312.0,99.5,2.36,2,91.2,85.6,1
Site_NL-0084,Site_NL,151.8,4.9,105.1,47.4,244.0,99.43,2.38,2,88.2,88.6,1
Site_NL-0085,Site_NL,149.0,5.26,96.5,44.7,243.0,99.5,2.54,2,88.9,91.2,1
Site_NL-0086,Site_NL,150.1,4.76,101.5,46.9,257.0,99.64,2.72,2,87.2,89.5,1
Site_NL-0087,Site_NL,148.0,5.49,99.7,44.0,266.0,99.56,2.94,2,87.6,91.5,1
Site_NL-0088,Site_NL,154.1,4.69,106.4,49.9,267.0,99.55,2.08,2,89.8,90.0,1
Site_NL-0089,Site_NL,151.3,5.21,110.9,48.2,243.0,99.54,2.65,2,89.8,89.6,1
Site_NL-0090,Site_NL,150.7,5.4,96.9,48.6,286.0,99.5,2.4,2,87.2,91.7,1
Site_NL-0091,Site_NL,151.7,4.62,108.2,45.2,288.0,99.81,2.43,2,90.9,88.4,1
Site_NL-0092,Site_NL,151.3,4.84,90.1,42.6,268.0,99.35,2.06,2,90.4,83.1,1
Site_NL-0093,Site_NL,152.9,5.0,97.7,42.9,291.0,99.36,2.71,2,87.3,89.2,1
Site_NL-0094,Site_NL,150.9,4.87,97.9,49.8,264.0,99.53,2.01,2,89.9,92.2,1
Site_NL-0095,Site_NL,153.1,5.33,91.6,45.3,238.0,99.49,2.84,2,89.4,91.7,1
Site_NL-0096,Site_NL,146.7,5.3,98.5,43.7,272.0,99.63,1.86,2,90.7,86.9,1
Site_NL-0097,Site_NL,149.8,5.38,103.8,45.4,283.0,99.63,2.01,2,91.0,93.1,1
Site_NL-0098,Site_NL,152.6,5.14,97.3,40.8,245.0,99.58,2.76,2,87.2,90.7,1
Site_NL-0099,Site_NL,149.2,4.86,98.1,45.6,230.0,99.65,2.08,2,90.0,90.9,1
Site_NL-0100,Site_NL,147.7,4.8,98.4,42.5,254.0,99.83,2.77,2,88.1,91.8,1
Site_NL-0101,Site_NL,148.3,4.6,101.7,43.6,272.0,99.53,2.29,2,90.0,88.0,1
Site_NL-0102,Site_NL,153.5,5.11,97.0,47.7,264.0,99.7,2.17,2,93.3,91.7,1
Site_NL-0103,Site_NL,146.4,5.43,87.3,49.6,275.0,99.47,2.88,2,86.5,89.5,1
Site_NL-0104,Site_NL,155.1,4.98,100.9,45.8,281.0,99.37,2.36,2,91.2,88.2,1
Site_NL-0105,Site_NL,150.7,4.87,117.2,47.7,277.0,99.65,2.42,2,87.4,91.0,1
Site_NL-0106,Site_NL,147.3,5.11,100.2,45.5,265.0,99.72,2.31,2,88.1,87.0,1
Site_NL-0107,Site_NL,145.5,5.02,97.9,50.1,259.0,99.62,2.39,2,85.8,89.8,1
Site_NL-0108,Site_NL,148.8,4.99,111.4,47.4,264.0,99.49,1.97,2,91.3,86.0,1
Site_NL-0109,Site_NL,155.1,4.74,98.5,47.2,247.0,99.5,2.26,2,90.6,88.5,1
Site_NL-0110,Site_NL,148.2,4.77,103.6,40.2,287.0,99.69,3.2,2,85.2,90.1,1
Site_NL-0111,Site_NL,150.1,4.51,107.0,41.1,258.0,99.59,3.05,2,86.0,88.7,1
Site_NL-0112,Site_NL,149.4,5.13,109.8,43.2,284.0,99.79,2.54,2,88.9,91.9,1
Site_NL-0113,Site_NL,149.1,4.99,99.3,43.9,248.0,99.65,2.48,2,89.1,93.0,1
Site_NL-0114,Site_NL,149.8,4.98,98.0,41.0,299.0,99.56,2.44,2,89.2,89.3,1
Site_NL-0115,Site_NL,147.6,4.44,94.6,49.2,259.0,99.7,3.04,2,85.5,86.7,1
Site_NL-0116,Site_NL,153.8,4.89,101.0,51.3,237.0,99.04,2.35,2,86.9,87.7,1
Site_NL-0117,Site_NL,148.0,5.05,107.3,50.0,275.0,99.54,2.25,2,87.5,91.2,1
Site_NL-0118,Site_NL,154.7,4.95,107.1,47.9,284.0,99.69,2.13,2,90.9,90.6,1
Site_NL-0119,Site_NL,154.2,5.29,106.2,48.1,238.0,99.59,2.1,2,90.3,91.4,1
Site_NL-0120,Site_NL,149.7,5.38,95.0,39.0,255.0,99.31,1.87,2,89.1,91.6,1
Site_NL-0121,Site_NL,153.5,5.11,102.5,38.5,286.0,99.69,2.67,2,91.1,90.2,1
Site_NL-0122,Site_NL,150.8,4.93,99.9,43.1,258.0,99.29,2.35,2,88.6,90.3,1
Site_NL-0123,Site_NL,149.0,5.35,101.3,48.1,310.0,99.29,2.33,2,90.2,92.1,1
Site_NL-0124,Site_NL,147.2,5.4,103.1,40.1,265.0,99.58,2.18,2,89.2,91.1,1
Site_NL-0125,Site_NL,149.9,5.41,94.8,39.6,228.0,99.6,2.65,2,88.7,88.0,1
Site_NL-0126,Site_NL,149.6,4.49,100.9,45.0,263.0,99.47,2.08,2,90.7,92.7,1
Site_NL-0127,Site_NL,153.7,5.23,104.4,42.9,255.0,99.73,1.92,2,93.2,90.2,1
Site_NL-0128,Site_NL,150.3,4.57,104.3,41.8,261.0,99.56,2.35,2,89.0,88.1,1
Site_NL-0129,Site_NL,150.9,5.06,112.1,46.0,246.0,99.72,2.1,2,87.4,89.7,1
Site_NL-0130,Site_NL,150.9,5.03,97.4,40.6,289.0,99.24,2.5,2,89.6,91.9,1
Site_NL-0131,Site_NL,147.9,5.16,100.5,40.1,291.0,99.31,2.46,2,89.9,85.7,1
Site_NL-0132,Site_NL,143.2,4.79,94.6,40.4,284.0,99.52,2.63,2,85.7,89.8,1
Site_NL-0133,Site_NL,155.9,4.91,109.5,45.8,275.0,99.57,2.44,2,89.6,89.9,1
Site_NL-0134,Site_NL,155.7,4.9,109.3,41.5,262.0,99.43,2.43,2,92.6,88.2,1
Site_NL-0135,Site_NL,155.0,4.77,108.1,46.3,278.0,99.75,2.44,2,90.2,91.4,1
Site_NL-0136,Site_NL,151.4,5.03,106.8,42.2,265.0,99.56,2.21,2,89.4,91.1,1
Site_NL-0137,Site_NL,149.5,5.31,106.4,38.5,273.0,99.6,2.57,2,89.0,90.3,1
Site_NL-0138,Site_NL,148.5,5.12,106.4,45.0,272.0,99.83,2.53,2,89.6,87.3,1
Site_NL-0139,Site_NL,152.0,5.53,100.0,48.7,299.0,99.65,2.48,2,89.6,90.4,1
Site_NL-0140,Site_NL,153.0,5.41,101.6,47.0,259.0,99.46,2.39,2,88.7,91.0,1
Site_NL-0141,Site_NL,148.0,5.11,102.7,39.4,241.0,99.63,2.58,2,90.6,86.3,1
Site_NL-0142,Site_NL,155.1,5.16,95.2,41.8,292.0,99.36,2.69,2,89.8,92.9,1
Site_NL-0143,Site_NL,149.8,5.0,107.1,40.7,305.0,99.74,2.85,2,90.5,85.3,1
Site_NL-0144,Site_NL,148.8,4.84,102.5,45.6,275.0,99.76,2.3,2,90.5,88.1,1
Site_NL-0145,Site_NL,153.4,5.01,98.5,40.3,261.0,99.68,2.63,2,89.8,92.1,1
Site_NL-0146,Site_NL,154.5,5.21,102.4,49.1,251.0,99.36,2.35,2,89.4,90.1,1
Site_NL-0147,Site_NL,149.0,5.14,100.5,45.8,290.0,99.77,2.21,2,90.2,88.8,1
Site_NL-0148,Site_NL,150.5,4.88,97.9,40.7,249.0,99.42,2.18,2,90.3,92.0,1
Site_NL-0149,Site_NL,152.5,4.47,102.5,41.3,250.0,99.57,2.52,2,88.5,89.1,1
Site_NL-0150,Site_NL,156.6,4.68,108.9,48.4,216.0,99.21,2.27,2,88.4,91.2,1
Site_NL-0151,Site_NL,150.8,5.19,100.5,45.8,277.0,99.12,1.92,2,90.3,88.8,1
Site_NL-0152,Site_NL,143.4,4.6,94.0,47.5,261.0,99.69,2.51,2,87.4,88.6,1
Site_NL-0153,Site_NL,148.7,4.78,91.0,48.5,267.0,98.97,2.62,2,86.6,88.0,1
Site_NL-0154,Site_NL,150.1,5.26,104.0,42.3,296.0,99.35,2.18,2,88.8,85.8,1
Site_NL-0155,Site_NL,148.8,4.56,99.2,44.7,267.0,99.71,2.73,2,89.1,88.5,1
Site_NL-0156,Site_NL,150.5,5.19,96.5,39.0,275.0,99.33,2.46,2,89.2,87.9,1
Site_NL-0157,Site_NL,148.2,4.8,99.9,42.5,276.0,99.42,2.59,2,89.2,89.0,1
Site_NL-0158,Site_NL,150.5,5.34,107.2,41.8,281.0,99.47,2.61,2,90.6,91.2,1
Site_NL-0159,Site_NL,153.7,5.2,94.8,43.4,237.0,99.46,2.33,2,89.0,88.9,1
Site_NL-0160,Site_NL,152.2,5.24,99.2,43.7,267.0,99.58,2.22,2,89.7,91.6,1
Site_NL-0161,Site_NL,150.5,5.08,91.9,47.5,252.0,99.56,2.27,2,89.2,90.1,1
Site_NL-0162,Site_NL,148.6,5.35,105.2,41.0,294.0,99.59,2.13,2,88.8,89.5,1
Site_NL-0163,Site_NL,152.2,4.82,94.9,46.9,316.0,99.27,2.69,2,87.6,89.7,1
Site_NL-0164,Site_NL,148.1,5.16,94.8,37.4,257.0,99.79,2.89,2,89.2,86.4,1
Site_NL-0165,Site_NL,147.6,4.8,94.8,48.7,272.0,99.51,2.13,2,89.3,88.4,1
Site_NL-0166,Site_NL,149.7,5.12,99.0,48.9,273.0,99.71,2.43,2,87.5,91.8,1
Site_NL-0167,Site_NL,151.3,4.97,100.8,45.8,274.0,99.68,2.71,2,90.2,89.5,1
Site_NL-0168,Site_NL,150.5,5.34,98.0,42.1,281.0,99.57,2.54,2,91.2,91.4,1
Site_NL-0169,Site_NL,146.2,5.01,100.8,42.3,278.0,99.43,2.68,2,86.3,90.0,1
Site_NL-0170,Site_NL,139.9,4.86,106.3,46.9,273.0,99.5,2.41,2,84.9,94.0,1
Site_NL-0171,Site_NL,151.8,4.98,100.2,42.9,300.0,99.21,2.63,2,89.9,91.1,1
Site_NL-0172,Site_NL,151.0,4.67,98.4,47.2,260.0,99.27,2.39,2,89.2,87.6,1
Site_NL-0173,Site_NL,153.0,4.89,92.5,43.6,260.0,99.84,1.89,2,90.7,89.0,1
Site_NL-0174,Site_NL,148.5,4.94,100.6,41.8,277.0,99.61,2.31,2,90.7,87.6,1
Site_NL-0175,Site_NL,150.1,4.89,102.2,45.5,256.0,99.56,2.52,2,87.1,90.2,1
Site_NL-0176,Site_NL,150.8,4.89,91.6,42.2,256.0,99.7,2.62,2,87.8,87.5,1
Site_NL-0177,Site_NL,151.8,5.29,98.2,44.6,272.0,99.22,2.26,2,88.6,91.3,1
Site_NL-0178,Site_NL,151.1,5.05,97.5,45.3,281.0,99.48,2.54,2,89.2,88.4,1
Site_NL-0179,Site_NL,147.6,4.63,98.0,47.6,281.0,99.5,2.19,2,88.0,88.7,1
Site_NL-0180,Site_NL,151.7,4.95,100.4,46.8,289.0,99.3,2.63,2,88.0,90.3,1
Site_NL-0181,Site_NL,150.9,4.78,103.0,45.1,262.0,99.76,2.09,2,93.6,87.5,1
Site_NL-0182,Site_NL,149.8,4.58,102.7,49.6,326.0,99.66,2.61,2,86.9,86.6,1
Site_NL-0183,Site_NL,150.4,4.95,99.1,42.0,276.0,99.08,2.51,2,89.4,89.1,1
Site_NL-0184,Site_NL,151.1,4.87,94.4,37.8,310.0,99.49,2.43,2,91.0,89.3,1
Site_NL-0185,Site_NL,145.9,5.23,96.3,48.7,262.0,99.74,2.5,2,85.6,93.1,1
Site_NL-0186,Site_NL,146.0,4.99,93.4,49.6,291.0,99.43,2.69,2,86.3,93.8,1
Site_NL-0187,Site_NL,144.4,4.82,97.0,46.7,262.0,99.69,2.47,2,88.1,90.0,1
Site_NL-0188,Site_NL,153.7,4.96,104.8,42.5,311.0,99.84,2.33,2,91.6,89.0,1
Site_NL-0189,Site_NL,153.8,5.17,111.1,46.9,257.0,99.45,2.73,2,89.3,91.0,1
Site_NL-0190,Site_NL,146.3,5.15,101.6,45.9,256.0,99.39,2.05,2,88.0,87.2,1
Site_NL-0191,Site_NL,151.4,4.91,99.6,50.0,266.0,99.55,2.48,2,88.3,88.5,1
Site_NL-0192,Site_NL,150.3,5.81,98.7,45.5,261.0,99.6,2.57,2,90.1,91.2,1
Site_NL-0193,Site_NL,153.0,4.86,87.9,45.3,271.0,99.29,2.53,2,88.8,87.9,1
Site_NL-0194,Site_NL,148.6,4.64,96.5,43.5,266.0,99.46,2.48,2,86.4,92.5,1
Site_NL-0195,Site_NL,145.9,4.4,95.0,43.9,259.0,99.42,2.12,2,88.9,90.3,1
Site_NL-0196,Site_NL,148.6,5.06,100.7,47.2,303.0,99.23,2.76,2,86.3,88.3,1
Site_NL-0197,Site_NL,148.5,4.8,103.4,39.0,301.0,99.58,2.39,2,90.1,85.5,1
Site_NL-0198,Site_NL,152.9,4.66,99.3,45.6,263.0,99.38,2.21,2,88.3,90.6,1
Site_NL-0199,Site_NL,149.3,4.82,100.1,39.8,259.0,99.18,2.85,2,88.4,88.3,1
Site_NL-0200,Site_NL,148.2,4.73,96.3,41.6,263.0,99.95,2.21,2,90.6,91.0,1
Site_NL-0201,Site_NL,147.2,4.46,93.5,53.0,239.0,99.65,2.06,2,89.3,88.5,1
Site_NL-0202,Site_NL,149.0,5.03,105.9,45.6,261.0,99.53,2.32,2,88.6,89.0,1
Site_NL-0203,Site_NL,148.7,4.73,97.4,51.8,267.0,99.59,2.34,2,87.1,93.7,1
Site_NL-0204,Site_NL,152.9,5.0,103.7,43.4,276.0,99.69,2.42,2,89.9,88.9,1
Site_NL-0205,Site_NL,153.6,4.72,101.5,39.5,229.0,99.77,2.23,2,92.3,89.7,1
Site_NL-0206,Site_NL,153.6,5.22,106.3,44.8,236.0,99.67,3.05,2,90.0,88.4,1
Site_NL-0207,Site_NL,144.9,5.49,97.2,47.0,266.0,99.28,2.02,2,89.4,85.3,1
Site_NL-0208,Site_NL,150.5,5.2,92.5,43.3,234.0,99.4,2.6,2,87.1,93.5,1
Site_NL-0209,Site_NL,152.2,4.72,90.0,47.1,263.0,99.44,2.56,2,87.2,88.5,1
Site_NL-0210,Site_NL,145.3,5.13,108.0,42.5,278.0,99.55,2.41,2,89.4,90.3,1
Site_NL-0211,Site_NL,151.7,5.08,92.4,53.6,242.0,99.45,2.28,2,88.8,87.0,1
Site_NL-0212,Site_NL,150.6,4.96,100.2,46.7,260.0,99.25,2.59,2,88.5,91.3,1
Site_NL-0213,Site_NL,152.7,5.0,98.0,38.4,282.0,99.29,2.61,2,91.6,88.3,1
Site_NL-0214,Site_NL,150.7,4.83,106.9,46.2,292.0,99.12,2.33,2,89.3,86.4,1
Site_NL-0215,Site_NL,146.0,4.59,99.9,41.7,244.0,99.37,2.36,2,87.5,89.0,1
Site_NL-0216,Site_NL,154.3,5.06,99.4,48.1,240.0,99.45,2.42,2,89.1,88.7,1
Site_NL-0217,Site_NL,150.9,4.91,105.7,41.6,241.0,99.6,2.89,2,87.9,92.3,1
Site_NL-0218,Site_NL,156.4,5.1,95.4,49.6,278.0,99.42,1.85,2,90.7,88.3,1
Site_NL-0219,Site_NL,151.6,5.37,103.8,42.8,230.0,99.32,2.83,2,87.4,89.0,1
Site_NL-0220,Site_NL,146.3,4.83,98.4,41.0,287.0,99.25,2.39,2,87.0,90.1,1
Site_NL-0221,Site_NL,146.2,4.84,98.9,48.4,235.0,99.69,2.76,2,84.4,95.1,1
Site_NL-0222,Site_NL,148.8,5.6,102.9,44.5,249.0,99.42,2.59,2,87.5,88.9,1
Site_NL-0223,Site_NL,150.8,5.29,92.8,45.6,262.0,99.3,3.02,2,86.4,88.7,1
Site_NL-0224,Site_NL,148.9,5.09,101.6,46.8,290.0,99.81,2.3,2,89.5,88.7,1
Site_NL-0225,Site_NL,146.1,4.65,96.6,38.2,283.0,99.41,2.76,2,88.8,92.0,1
Site_NL-0226,Site_NL,147.9,4.67,96.2,47.7,237.0,99.53,2.75,2,87.0,87.5,1
Site_NL-0227,Site_NL,144.6,5.35,98.0,43.7,270.0,99.15,2.46,2,85.8,91.4,1
Site_NL-0228,Site_NL,148.8,5.52,97.2,42.8,229.0,99.24,2.65,2,87.8,86.5,1
Site_NL-0229,Site_NL,151.5,4.59,96.5,48.2,274.0,99.47,2.13,2,87.6,88.0,1
Site_NL-0230,Site_NL,153.7,4.99,99.2,45.0,247.0,99.26,2.73,2,88.9,91.3,1
Site_NL-0231,Site_NL,146.3,5.16,106.3,44.4,274.0,99.48,2.71,2,85.6,95.0,1
Site_NL-0232,Site_NL,148.5,4.68,102.2,43.9,262.0,99.47,2.77,2,85.9,89.6,1
Site_NL-0233,Site_NL,149.3,5.36,99.4,43.5,254.0,99.36,2.38,2,89.1,92.9,1
Site_NL-0234,Site_NL,150.2,5.02,104.9,46.0,259.0,99.51,2.65,2,88.9,88.8,1
Site_NL-0235,Site_NL,150.2,4.94,95.2,45.6,279.0,99.76,2.22,2,90.8,88.7,1
Site_NL-0236,Site_NL,147.9,5.28,99.0,43.0,272.0,99.51,1.9,2,92.9,85.8,1
Site_NL-0237,Site_NL,149.6,4.79,100.1,49.3,256.0,99.11,2.91,2,86.5,90.0,1
Site_NL-0238,Site_NL,151.5,4.93,103.3,43.2,263.0,99.69,2.31,2,88.7,87.1,1
Site_NL-0239,Site_NL,148.3,5.11,93.2,46.6,298.0,99.35,2.89,2,86.2,87.7,1
Site_NL-0240,Site_NL,150.9,4.66,100.0,41.1,244.0,99.24,2.34,2,90.3,88.6,1
Site_NL-0241,Site_NL,152.7,5.03,100.8,44.2,270.0,99.41,2.76,2,87.4,88.0,1
Site_NL-0242,Site_NL,153.5,4.42,110.7,41.2,255.0,99.31,2.71,2,87.6,90.3,1
Site_NL-0243,Site_NL,148.8,4.73,112.4,48.3,261.0,99.44,1.76,2,91.0,85.2,1
Site_NL-0244,Site_NL,149.6,5.0,102.2,46.8,273.0,99.43,2.23,2,89.1,89.2,1
Site_NL-0245,Site_NL,147.8,4.48,95.2,45.9,267.0,99.31,2.6,2,85.6,89.3,1
Site_NL-0246,Site_NL,150.3,4.84,106.6,42.9,268.0,99.36,2.63,2,89.9,88.3,1
Site_NL-0247,Site_NL,155.5,4.8,89.4,46.2,264.0,99.56,2.38,2,89.3,90.2,1
Site_NL-0248,Site_NL,146.3,5.01,99.8,43.1,290.0,99.56,2.58,2,87.7,91.8,1
Site_NL-0249,Site_NL,149.9,4.67,108.7,44.5,267.0,99.06,1.7,2,88.4,90.7,1
Site_NL-0250,Site_NL,147.9,5.17,104.6,43.4,286.0,99.1,2.84,2,87.4,88.6,1
Site_NL-0251,Site_NL,150.4,4.98,100.5,41.5,271.0,99.85,2.59,2,87.8,88.4,1
Site_NL-0252,Site_NL,149.7,5.18,95.6,47.6,266.0,99.47,2.64,2,87.5,89.5,1
Site_NL-0253,Site_NL,147.9,4.82,96.8,44.8,254.0,99.51,2.73,2,88.8,88.8,1
Site_NL-0254,Site_NL,145.0,5.42,102.7,44.2,257.0,99.79,2.32,2,87.1,89.0,1
Site_NL-0255,Site_NL,150.4,4.97,96.3,38.6,241.0,99.8,2.52,2,89.6,86.8,1
Site_NL-0256,Site_NL,149.2,5.06,100.8,40.7,280.0,99.73,2.63,2,91.4,90.2,1
Site_NL-0257,Site_NL,146.7,5.09,95.4,35.6,233.0,99.32,2.64,2,90.9,90.1,1
Site_NL-0258,Site_NL,153.2,5.17,105.2,47.4,253.0,99.4,2.54,2,90.8,85.9,1
Site_NL-0259,Site_NL,146.4,5.13,102.6,48.5,271.0,99.47,2.61,2,87.6,86.4,1
Site_NL-0260,Site_NL,151.3,4.83,91.7,45.3,294.0,99.68,2.28,2,88.9,91.5,1
Site_NL-0261,Site_NL,146.6,4.84,92.6,44.0,311.0,99.12,2.23,2,89.2,91.2,1
Site_NL-0262,Site_NL,148.9,4.89,103.6,46.8,239.0,99.58,2.72,2,87.6,87.1,1
Site_NL-0263,Site_NL,149.2,4.49,88.2,47.8,259.0,99.19,2.24,2,88.9,89.7,1
Site_NL-0264,Site_NL,149.0,5.05,109.4,45.5,258.0,99.73,2.82,2,88.4,93.0,1
Site_NL-0265,Site_NL,149.3,5.03,96.2,45.3,291.0,99.29,2.2,2,89.1,89.1,1
Site_NL-0266,Site_NL,145.1,4.53,97.7,49.2,268.0,99.73,2.73,2,85.3,88.7,1
Site_NL-0267,Site_NL,147.7,4.98,92.3,41.8,252.0,99.47,2.39,2,90.2,88.3,1
Site_NL-0268,Site_NL,151.7,5.08,97.2,39.9,251.0,99.71,2.58,2,90.3,87.3,1
Site_NL-0269,Site_NL,144.6,5.26,99.1,44.7,268.0,99.53,2.76,2,87.1,89.0,1
Site_NL-0270,Site_NL,148.5,5.31,92.8,46.0,271.0,99.56,2.5,2,88.5,89.6,1
Site_NL-0271,Site_NL,154.1,4.9,94.4,44.5,277.0,99.87,2.23,2,93.9,88.4,1
Site_NL-0272,Site_NL,150.9,5.44,100.1,44.9,238.0,99.61,2.28,2,90.9,90.2,1
Site_NL-0273,Site_NL,149.1,4.95,93.0,45.5,252.0,99.9,2.42,2,88.9,92.1,1
Site_NL-0274,Site_NL,145.6,5.21,111.9,41.4,285.0,99.24,2.27,2,89.6,88.7,1
Site_NL-0275,Site_NL,148.2,4.49,92.9,43.3,231.0,99.55,2.48,2,88.7,87.9,1
Site_NL-0276,Site_NL,152.4,4.74,101.8,46.9,266.0,99.43,1.78,2,91.6,88.7,1
Site_NL-0277,Site_NL,152.3,4.74,95.2,41.5,266.0,99.69,2.34,2,91.2,89.9,1
Site_NL-0278,Site_NL,152.3,5.31,95.9,46.4,276.0,99.82,2.66,2,90.4,91.4,1
Site_NL-0279,Site_NL,144.7,5.26,98.1,47.2,248.0,99.28,2.49,2,87.5,89.1,1
Site_NL-0280,Site_NL,154.3,5.35,99.5,46.8,242.0,99.92,2.52,2,92.3,89.1,1
Site_NL-0281,Site_NL,151.4,4.67,94.7,45.0,312.0,99.46,2.73,2,88.8,89.2,1
Site_NL-0282,Site_NL,146.6,4.99,92.1,43.9,279.0,99.62,2.52,2,87.8,87.0,1
Site_NL-0283,Site_NL,153.2,5.37,104.7,44.8,289.0,99.66,2.48,2,91.7,91.3,1
Site_NL-0284,Site_NL,147.6,5.62,102.2,51.3,254.0,99.8,2.73,2,85.5,89.1,1
Site_NL-0285,Site_NL,149.5,4.86,98.7,43.4,249.0,99.56,2.61,2,88.5,89.8,1
Site_NL-0286,Site_NL,148.2,4.84,94.4,45.5,286.0,99.57,2.41,2,91.0,89.0,1
Site_NL-0287,Site_NL,145.1,4.91,98.0,44.0,258.0,99.78,2.67,2,86.3,91.9,1
Site_NL-0288,Site_NL,147.7,5.28,105.1,47.0,265.0,99.45,2.74,2,87.4,89.5,1
Site_NL-0289,Site_NL,147.7,4.45,98.2,49.0,239.0,99.21,2.79,2,84.2,88.4,1
Site_NL-0290,Site_NL,149.4,4.67,100.2,41.8,283.0,99.26,2.18,2,87.8,90.2,1
Site_NL-0291,Site_NL,150.8,4.95,98.6,36.5,274.0,99.41,2.96,2,88.4,90.0,1
Site_NL-0292,Site_NL,149.9,4.32,107.8,43.3,257.0,99.83,2.86,2,87.6,91.4,1
Site_NL-0293,Site_NL,150.6,4.93,102.7,44.8,281.0,99.49,1.98,2,90.6,89.1,1
Site_NL-0294,Site_NL,152.0,5.25,99.7,44.5,259.0,99.65,2.65,2,90.3,90.0,1
Site_NL-0295,Site_NL,146.4,4.73,101.6,45.3,246.0,99.85,2.57,2,88.6,90.1,1
Site_NL-0296,Site_NL,146.1,5.03,98.1,46.4,257.0,99.44,1.64,2,88.3,90.1,1
Site_NL-0297,Site_NL,150.8,4.82,101.3,43.8,280.0,99.51,1.87,2,91.2,87.1,1
Site_NL-0298,Site_NL,155.6,4.79,98.5,42.9,276.0,99.92,2.4,2,89.2,90.2,1
Site_NL-0299,Site_NL,153.2,5.18,98.1,45.8,306.0,99.53,2.44,2,89.5,92.1,1
Site_NL-0300,Site_NL,147.5,5.51,99.5,41.6,287.0,99.92,2.83,2,88.8,89.7,1
Site_NL-0301,Site_NL,143.7,4.97,98.9,45.6,278.0,99.43,2.87,2,84.8,90.5,1
Site_NL-0302,Site_NL,145.1,5.15,94.5,48.4,260.0,99.33,1.91,2,88.5,87.3,1
Site_NL-0303,Site_NL,148.7,5.09,100.5,40.6,293.0,99.64,2.65,2,90.7,89.6,1
Site_NL-0304,Site_NL,151.9,4.84,99.7,38.7,279.0,99.38,2.7,2,89.1,87.4,1
Site_NL-0305,Site_NL,147.8,5.05,106.7,47.8,284.0,99.55,2.16,2,91.1,91.0,1
Site_NL-0306,Site_NL,151.3,5.77,97.7,44.5,255.0,99.0,2.69,2,89.0,92.7,1
Site_NL-0307,Site_NL,150.4,4.88,110.4,47.8,288.0,99.91,1.92,2,89.1,91.0,1
Site_NL-0308,Site_NL,147.4,5.23,95.6,51.1,245.0,99.41,2.54,2,86.4,88.6,1
Site_NL-0309,Site_NL,155.4,4.81,95.0,47.0,274.0,99.56,2.27,2,87.5,88.5,1
Site_NL-0310,Site_NL,146.4,4.78,97.1,43.7,247.0,99.41,2.72,2,86.6,91.2,1
Site_NL-0311,Site_NL,149.7,4.55,98.2,42.5,293.0,99.53,2.16,2,89.3,88.5,1
Site_NL-0312,Site_NL,146.3,5.22,96.3,46.8,250.0,99.85,2.68,2,88.2,88.9,1
Site_NL-0313,Site_NL,151.9,4.92,93.7,43.8,257.0,99.73,1.79,2,90.5,87.9,1
Site_NL-0314,Site_NL,153.4,5.16,106.3,47.4,220.0,99.65,2.54,2,88.7,90.0,1
Site_NL-0315,Site_NL,153.7,5.21,110.2,46.3,277.0,99.48,2.68,2,90.9,88.3,1
Site_NL-0316,Site_NL,147.3,4.6,104.6,46.1,273.0,99.25,2.25,2,87.4,90.4,1
Site_NL-0317,Site_NL,151.0,4.97,99.9,50.6,263.0,99.29,1.98,2,88.9,88.9,1
Site_NL-0318,Site_NL,149.7,4.6,95.4,46.9,284.0,99.77,2.19,2,89.6,93.7,1
Site_NL-0319,Site_NL,152.6,5.55,101.8,46.6,262.0,99.6,2.79,2,87.5,91.1,1
Site_NL-0320,Site_NL,146.4,5.47,102.2,45.4,236.0,99.52,2.48,2,85.1,91.1,1
Site_NL-0321,Site_NL,148.1,4.48,103.9,43.8,261.0,99.83,2.54,2,88.3,89.2,1
Site_NL-0322,Site_NL,149.5,5.12,90.2,44.7,256.0,99.75,2.35,2,89.4,91.8,1
Site_NL-0323,Site_NL,152.5,4.62,108.1,45.9,254.0,99.66,2.31,2,89.4,92.1,1
Site_NL-0324,Site_NL,146.3,4.75,105.9,44.5,239.0,99.75,2.13,2,88.8,84.9,1
Site_NL-0325,Site_NL,142.9,5.18,102.2,47.8,262.0,99.27,2.71,2,84.7,89.2,1
Site_NL-0326,Site_NL,149.1,4.65,102.4,47.3,259.0,99.93,2.52,2,88.3,89.3,1
Site_NL-0327,Site_NL,149.3,4.77,97.5,47.8,290.0,99.62,2.59,2,88.8,94.2,1
Site_NL-0328,Site_NL,144.9,4.83,108.1,42.9,223.0,99.54,2.66,2,87.3,89.2,1
Site_NL-0329,Site_NL,142.8,5.3,95.5,45.2,259.0,99.41,2.88,2,84.9,88.4,1
Site_NL-0330,Site_NL,155.0,5.42,100.0,46.7,266.0,99.3,2.02,2,91.2,90.1,1
Site_NL-0331,Site_NL,146.4,5.65,108.7,45.8,214.0,99.34,2.54,2,88.0,88.8,1
Site_NL-0332,Site_NL,150.7,5.16,92.4,43.7,251.0,99.45,2.3,2,90.0,89.4,1
Site_NL-0333,Site_NL,147.5,5.05,97.7,48.3,252.0,99.56,2.03,2,88.9,90.4,1
Site_NL-0334,Site_NL,149.0,4.76,99.4,45.7,231.0,99.36,2.41,2,87.7,90.6,1
Site_NL-0335,Site_NL,149.4,4.73,90.4,44.8,308.0,99.47,2.35,2,86.4,90.1,1
Site_NL-0336,Site_NL,149.2,4.79,110.5,41.4,269.0,99.61,3.02,2,87.3,87.4,1
Site_NL-0337,Site_NL,152.9,5.27,94.2,46.4,289.0,99.42,2.36,2,90.6,86.3,1
Site_NL-0338,Site_NL,152.8,4.71,100.0,47.8,266.0,99.08,3.18,2,86.2,90.4,1
Site_NL-0339,Site_NL,154.6,5.13,99.6,40.9,263.0,99.31,2.0,2,93.5,87.9,1
Site_NL-0340,Site_NL,155.1,4.58,96.0,49.7,247.0,99.36,2.45,2,88.7,92.4,1
Site_NL-0341,Site_NL,158.2,5.01,103.8,47.0,302.0,99.57,2.75,2,89.5,90.9,1
Site_NL-0342,Site_NL,151.2,4.58,109.4,47.3,259.0,99.35,2.35,2,87.3,88.4,1
Site_NL-0343,Site_NL,150.0,4.56,109.7,49.0,258.0,99.33,1.88,2,89.3,87.4,1
Site_NL-0344,Site_NL,152.3,5.22,102.5,44.0,248.0,99.71,2.01,2,92.8,87.0,1
Site_NL-0345,Site_NL,151.0,5.15,99.8,46.2,272.0,99.49,2.47,2,88.6,88.2,1
Site_NL-0346,Site_NL,143.5,5.23,102.7,49.3,252.0,99.4,3.1,2,83.3,88.6,1
Site_NL-0347,Site_NL,151.6,4.51,99.2,42.6,231.0,99.34,1.97,2,93.0,91.4,1
Site_NL-0348,Site_NL,149.4,5.17,100.8,50.4,273.0,99.21,2.48,2,85.9,86.9,1
Site_NL-0349,Site_NL,155.4,5.51,108.2,46.3,244.0,99.84,2.06,2,91.4,85.2,1
Site_NL-0350,Site_NL,149.2,5.26,102.8,44.3,315.0,99.3,2.99,2,86.7,89.1,1
Site_NL-0351,Site_NL,151.0,4.58,99.8,44.6,268.0,99.51,2.67,2,88.5,89.4,1
Site_NL-0352,Site_NL,146.8,4.46,104.7,45.2,285.0,99.31,2.56,2,88.2,88.5,1
Site_NL-0353,Site_NL,155.3,4.85,99.8,39.3,241.0,99.41,2.33,2,90.1,89.1,1
Site_NL-0354,Site_NL,148.3,5.41,100.6,43.5,315.0,99.49,2.77,2,90.5,86.7,1
Site_NL-0355,Site_NL,147.9,5.48,98.2,42.7,255.0,99.05,2.57,2,86.3,91.2,1
Site_NL-0356,Site_NL,154.6,5.17,99.9,43.6,237.0,99.7,2.31,2,91.1,87.4,1
Site_NL-0357,Site_NL,148.7,5.29,100.3,47.1,246.0,99.33,2.21,2,88.2,89.4,1
Site_NL-0358,Site_NL,153.6,4.9,102.7,45.0,261.0,99.63,1.96,2,91.1,89.8,1
Site_NL-0359,Site_NL,148.8,4.96,100.3,43.8,235.0,99.43,2.89,2,86.1,91.1,1
Site_NL-0360,Site_NL,147.7,5.27,100.7,46.8,286.0,99.36,1.77,2,89.8,89.2,1
Site_NL-0361,Site_NL,147.6,5.27,92.9,42.8,293.0,99.47,2.95,2,89.6,89.4,1
Site_NL-0362,Site_NL,144.1,4.91,98.3,40.8,272.0,99.64,2.13,2,89.1,87.2,1
Site_NL-0363,Site_NL,147.7,4.97,97.0,36.6,262.0,99.37,1.65,2,91.3,90.6,1
Site_NL-0364,Site_NL,150.8,5.47,103.2,48.6,290.0,99.32,2.69,2,86.2,87.8,1
Site_NL-0365,Site_NL,145.8,5.39,101.4,48.4,274.0,99.23,1.91,2,88.7,92.2,1
Site_NL-0366,Site_NL,147.4,4.59,99.8,46.4,306.0,99.38,2.92,2,87.0,91.3,1
Site_NL-0367,Site_NL,150.8,5.23,94.1,42.5,290.0,99.65,2.72,2,90.9,91.3,1
Site_NL-0368,Site_NL,152.6,5.0,98.9,43.3,261.0,99.56,2.77,2,87.7,89.3,1
Site_NL-0369,Site_NL,147.8,5.32,102.5,46.6,275.0,99.65,2.69,2,88.0,90.4,1
Site_NL-0370,Site_NL,152.8,4.88,95.7,48.5,251.0,99.7,2.22,2,91.2,90.3,1
Site_NL-0371,Site_NL,151.5,4.71,100.4,44.2,276.0,99.42,2.65,2,91.9,92.5,1
Site_NL-0372,Site_NL,147.1,5.15,101.7,47.7,282.0,99.24,2.44,2,89.0,89.1,1
Site_NL-0373,Site_NL,149.3,5.23,94.2,42.6,254.0,99.23,2.26,2,88.3,92.9,1
Site_NL-0374,Site_NL,150.8,4.34,90.9,44.4,301.0,99.39,2.48,2,89.4,92.4,1
Site_NL-0375,Site_NL,157.4,4.82,94.4,47.2,274.0,99.4,2.37,2,89.8,92.0,1
Site_NL-0376,Site_NL,149.9,5.64,100.3,46.1,311.0,99.82,2.67,2,89.7,87.9,1
Site_NL-0377,Site_NL,151.7,4.29,100.4,44.6,313.0,99.41,2.01,2,91.4,90.7,1
Site_NL-0378,Site_NL,153.2,5.1,99.9,44.7,275.0,99.42,2.36,2,89.2,91.7,1
Site_NL-0379,Site_NL,149.6,5.42,103.2,49.2,293.0,99.6,2.33,2,90.1,84.9,1
Site_NL-0380,Site_NL,147.8,4.74,104.4,43.6,283.0,99.56,2.39,2,87.9,88.8,1
Site_NL-0381,Site_NL,147.9,5.5,102.8,43.9,289.0,99.25,2.21,2,88.7,88.9,1
Site_NL-0382,Site_NL,154.2,4.89,102.8,40.8,236.0,99.48,2.24,2,89.3,86.8,1
Site_NL-0383,Site_NL,151.2,5.09,101.6,43.3,297.0,99.67,2.69,2,87.9,88.7,1
Site_NL-0384,Site_NL,154.1,5.01,98.3,43.7,262.0,99.44,2.45,2,90.4,90.8,1
Site_NL-0385,Site_NL,148.2,5.02,106.0,46.4,283.0,99.05,2.35,2,88.3,92.9,1
Site_NL-0386,Site_NL,149.5,5.27,94.0,46.1,268.0,99.48,2.67,2,87.8,88.2,1
Site_NL-0387,Site_NL,154.8,4.61,98.8,42.0,245.0,99.75,2.49,2,92.1,89.9,1
Site_NL-0388,Site_NL,150.9,5.04,98.7,40.0,251.0,99.39,2.82,2,88.2,92.1,1
Site_NL-0389,Site_NL,149.9,5.0,99.6,50.4,278.0,99.15,2.79,2,84.9,89.7,1
Site_NL-0390,Site_NL,155.0,4.84,94.4,41.3,271.0,99.5,2.84,2,92.0,90.8,1
Site_NL-0391,Site_NL,151.4,5.04,99.2,46.8,266.0,99.45,2.54,2,89.7,87.5,1
Site_NL-0392,Site_NL,147.9,5.04,101.8,44.0,282.0,99.44,2.54,2,88.4,87.9,1
Site_NL-0393,Site_NL,155.9,5.03,96.3,43.7,240.0,99.45,2.4,2,89.7,91.0,1
Site_NL-0394,Site_NL,149.8,4.86,103.8,45.1,238.0,99.12,2.32,2,87.7,86.7,1
Site_NL-0395,Site_NL,149.1,4.64,87.1,46.5,247.0,99.23,2.38,2,87.7,89.3,1
Site_NL-0396,Site_NL,154.8,4.99,92.2,43.7,288.0,99.33,2.64,2,90.7,89.3,1
Site_NL-0397,Site_NL,156.1,5.28,97.7,43.2,263.0,99.48,2.64,2,90.6,89.4,1
Site_NL-0398,Site_NL,152.0,5.11,96.9,45.7,295.0,99.64,2.53,2,90.5,89.4,1
Site_NL-0399,Site_NL,150.6,4.72,101.9,44.3,294.0,99.58,2.76,2,90.6,88.9,1
Site_NL-0400,Site_NL,148.1,5.2,96.0,48.3,281.0,99.66,2.37,2,90.1,88.3,1
Site_NL-0401,Site_NL,156.3,5.28,102.0,45.2,252.0,99.72,2.49,2,89.9,87.9,1
Site_NL-0402,Site_NL,152.8,4.73,99.7,41.4,225.0,99.5,2.97,2,87.7,88.4,1
Site_NL-0403,Site_NL,151.3,5.14,102.3,47.7,226.0,99.8,2.23,2,88.8,90.3,1
Site_NL-0404,Site_NL,147.0,5.24,98.9,41.7,249.0,99.33,2.1,2,88.2,88.4,1
Site_NL-0405,Site_NL,149.7,4.74,101.9,42.9,266.0,99.89,2.7,2,90.5,90.4,1
Site_NL-0406,Site_NL,151.2,5.3,99.9,41.0,239.0,99.73,2.59,2,90.2,86.4,1
Site_NL-0407,Site_NL,158.1,5.25,99.6,47.1,262.0,99.74,2.3,2,91.1,90.3,1
Site_NL-0408,Site_NL,143.0,5.23,98.3,45.8,263.0,99.48,3.06,2,82.5,90.5,1
Site_NL-0409,Site_NL,146.6,4.95,93.4,47.2,259.0,99.42,2.71,2,86.9,89.2,1
Site_NL-0410,Site_NL,147.2,5.48,91.9,42.5,291.0,99.52,2.22,2,88.4,87.8,1
Site_NL-0411,Site_NL,146.6,4.76,100.2,43.1,296.0,99.29,2.2,2,87.1,92.3,1
Site_NL-0412,Site_NL,150.1,5.21,93.5,44.5,267.0,99.74,2.68,2,90.0,88.5,1
Site_NL-0413,Site_NL,152.3,5.05,101.0,43.5,271.0,99.64,2.64,2,91.8,87.5,1
Site_NL-0414,Site_NL,149.0,4.81,98.0,45.7,272.0,99.56,2.13,2,87.9,89.7,1
Site_NL-0415,Site_NL,155.5,4.56,103.5,43.6,285.0,99.59,2.13,2,90.8,90.0,1
Site_NL-0416,Site_NL,149.3,4.87,100.5,50.0,238.0,99.38,2.76,2,84.0,91.4,1
Site_NL-0417,Site_NL,154.5,4.69,100.1,43.2,292.0,99.7,3.02,2,90.6,89.2,1
Site_NL-0418,Site_NL,148.5,4.89,104.5,45.2,251.0,99.35,2.77,2,88.7,87.4,1
Site_NL-0419,Site_NL,152.9,4.77,101.4,42.8,248.0,99.27,2.78,2,87.2,89.4,1
Site_NL-0420,Site_NL,151.3,5.29,104.1,48.9,242.0,99.17,2.46,2,88.2,91.3,1
Site_NL-0421,Site_NL,157.4,4.87,101.0,46.0,277.0,100.14,2.27,2,93.1,88.5,1
Site_NL-0422,Site_NL,143.8,5.01,101.7,46.9,301.0,99.43,2.6,2,88.3,92.8,1
Site_NL-0423,Site_NL,150.8,5.48,102.9,41.0,281.0,99.54,2.18,2,91.0,89.3,1
Site_NL-0424,Site_NL,151.8,5.12,103.8,46.8,243.0,99.41,2.45,2,89.5,88.1,1
Site_NL-0425,Site_NL,151.2,4.55,96.8,46.3,254.0,99.21,2.58,2,87.9,89.8,1
Site_NL-0426,Site_NL,151.1,5.38,101.3,48.0,254.0,99.89,2.66,2,90.1,92.6,1
Site_NL-0427,Site_NL,155.9,4.78,95.9,49.7,281.0,99.25,2.53,2,88.1,89.2,1
Site_NL-0428,Site_NL,149.7,5.33,99.1,43.9,291.0,99.54,2.39,2,90.3,89.0,1
Site_NL-0429,Site_NL,152.0,5.08,95.7,38.6,284.0,99.63,2.22,2,90.8,89.9,1
Site_NL-0430,Site_NL,148.0,5.03,101.4,48.3,273.0,99.67,2.39,2,86.9,90.5,1
Site_NL-0431,Site_NL,148.7,4.6,95.6,44.9,248.0,99.2,2.35,2,89.1,87.6,1
Site_NL-0432,Site_NL,154.9,4.47,108.4,46.4,268.0,99.77,2.49,2,90.1,87.9,1
Site_NL-0433,Site_NL,153.3,5.24,92.6,46.2,241.0,99.49,2.5,2,89.7,89.3,1
Site_NL-0434,Site_NL,151.1,4.95,98.6,43.3,248.0,99.25,2.75,2,85.8,90.9,1
Site_NL-0435,Site_NL,153.0,5.21,101.7,43.7,274.0,99.56,2.42,2,91.5,92.1,1
Site_NL-0436,Site_NL,148.8,4.72,98.8,43.9,239.0,99.56,2.66,2,85.6,89.7,1
Site_NL-0437,Site_NL,153.0,4.75,98.4,49.3,240.0,99.52,2.81,2,86.3,92.6,1
Site_NL-0438,Site_NL,151.2,4.79,95.2,40.8,241.0,99.31,2.47,2,90.8,86.8,1
Site_NL-0439,Site_NL,150.3,4.77,101.6,48.4,259.0,99.96,2.67,2,89.1,90.7,1
Site_NL-0440,Site_NL,152.5,5.2,110.0,47.7,288.0,99.35,2.12,2,89.7,89.5,1
Site_NL-0441,Site_NL,150.4,5.59,95.0,43.3,221.0,99.4,2.13,2,91.8,88.9,1
Site_NL-0442,Site_NL,150.7,4.96,96.2,46.5,235.0,99.16,2.54,2,89.0,85.5,1
Site_NL-0443,Site_NL,154.8,4.96,104.2,41.8,252.0,99.71,1.63,2,94.5,87.4,1
Site_NL-0444,Site_NL,149.6,4.49,104.5,42.2,287.0,99.44,2.97,2,87.8,88.3,1
Site_NL-0445,Site_NL,150.6,4.71,103.5,45.2,276.0,99.58,2.66,2,86.3,93.6,1
Site_NL-0446,Site_NL,157.0,5.55,109.5,46.2,235.0,99.57,2.28,2,89.6,87.9,1
Site_NL-0447,Site_NL,146.8,5.06,96.1,49.3,271.0,99.28,2.24,2,87.2,88.2,1
Site_NL-0448,Site_NL,151.1,4.67,102.4,45.6,294.0,99.91,2.92,2,89.0,91.0,1
Site_NL-0449,Site_NL,152.6,5.12,101.1,42.8,264.0,99.49,2.92,2,88.7,87.8,1
Site_NL-0450,Site_NL,150.9,4.65,99.6,47.9,269.0,99.66,2.42,2,89.3,91.1,1
Site_NL-0451,Site_NL,151.6,5.12,99.9,42.1,293.0,99.32,1.7,2,92.4,88.8,1
Site_NL-0452,Site_NL,148.4,4.71,103.3,45.5,230.0,99.66,2.49,2,89.9,91.6,1
Site_NL-0453,Site_NL,147.1,5.02,107.2,46.9,242.0,99.56,2.54,2,86.6,93.6,1
Site_NL-0454,Site_NL,149.9,5.03,91.8,48.0,256.0,99.37,2.41,2,88.6,92.4,1
Site_NL-0455,Site_NL,147.7,4.93,94.0,42.0,257.0,99.6,2.58,2,86.5,89.8,1
Site_NL-0456,Site_NL,151.1,5.0,100.5,43.2,248.0,99.53,2.25,2,91.1,91.0,1
Site_NL-0457,Site_NL,148.2,4.97,91.3,38.5,282.0,99.22,2.62,2,89.0,90.4,1
Site_NL-0458,Site_NL,153.1,5.12,104.1,46.8,271.0,99.27,2.13,2,90.6,90.3,1
Site_NL-0459,Site_NL,154.8,4.62,113.0,48.5,241.0,99.9,2.07,2,91.4,86.9,1
Site_NL-0460,Site_NL,146.6,4.41,99.2,43.6,277.0,99.27,2.28,2,88.5,88.9,1
Site_NL-0461,Site_NL,146.8,4.55,102.6,42.6,275.0,99.36,1.98,2,91.4,87.9,1
Site_NL-0462,Site_NL,146.2,5.04,101.7,43.8,256.0,99.32,2.53,2,88.6,88.5,1
Site_NL-0463,Site_NL,151.5,5.05,104.3,49.6,266.0,99.44,2.83,2,86.2,92.8,1
Site_NL-0464,Site_NL,150.1,5.42,92.8,47.3,259.0,99.64,2.24,2,90.3,90.1,1
Site_NL-0465,Site_NL,150.4,4.57,100.1,50.0,278.0,99.55,2.58,2,87.7,90.2,1
Site_NL-0466,Site_NL,149.0,4.96,99.3,42.3,239.0,99.56,2.91,2,86.0,91.1,1
Site_NL-0467,Site_NL,146.2,4.95,98.3,39.9,246.0,99.7,2.69,2,89.0,89.3,1
Site_NL-0468,Site_NL,147.4,4.69,105.7,45.3,278.0,99.48,2.64,2,86.2,89.9,1
Site_NL-0469,Site_NL,143.9,5.06,104.4,47.1,225.0,99.35,2.07,2,87.4,88.3,1
Site_NL-0470,Site_NL,154.8,5.42,100.3,45.8,306.0,99.13,3.15,2,87.1,93.1,1
Site_NL-0471,Site_NL,143.6,4.65,101.8,45.9,249.0,99.14,2.95,2,85.1,92.6,1
Site_NL-0472,Site_NL,158.8,4.85,92.7,45.1,243.0,99.6,2.16,2,88.2,92.2,1
Site_NL-0473,Site_NL,148.2,4.73,103.0,48.6,286.0,99.71,2.22,2,88.1,89.6,1
Site_NL-0474,Site_NL,147.3,5.21,103.5,47.2,241.0,99.24,2.36,2,86.8,91.6,1
Site_NL-0475,Site_NL,152.9,4.71,100.7,44.2,293.0,99.78,2.79,2,89.8,90.2,1
Site_NL-0476,Site_NL,147.2,4.48,96.0,47.4,285.0,99.82,2.4,2,87.1,89.1,1
Site_NL-0477,Site_NL,150.9,3.99,100.9,44.3,287.0,99.29,2.5,2,89.4,89.5,1
Site_NL-0478,Site_NL,153.5,5.07,101.1,47.0,264.0,99.32,2.71,2,88.6,89.7,1
Site_NL-0479,Site_NL,144.7,4.65,100.8,41.8,249.0,99.55,2.52,2,86.3,91.1,1
Site_NL-0480,Site_NL,149.8,5.16,89.4,47.5,210.0,99.52,2.38,2,87.9,87.4,1
Site_NL-0481,Site_NL,147.2,5.18,96.4,44.8,274.0,99.3,3.04,2,87.9,90.6,1
Site_NL-0482,Site_NL,150.5,4.59,93.1,41.6,290.0,99.36,2.59,2,88.0,88.3,1
Site_NL-0483,Site_NL,143.7,5.44,101.7,48.0,293.0,99.43,2.18,2,85.6,89.6,1
Site_NL-0484,Site_NL,149.4,4.76,107.2,47.4,255.0,99.71,2.3,2,87.3,89.6,1
Site_NL-0485,Site_NL,152.1,5.21,97.8,47.3,244.0,99.6,1.98,2,90.7,89.0,1
Site_NL-0486,Site_NL,151.5,4.84,99.6,47.3,276.0,99.56,2.5,2,88.8,89.0,1
Site_NL-0487,Site_NL,145.3,5.44,92.5,43.8,286.0,99.77,2.22,2,89.6,93.0,1
Site_NL-0488,Site_NL,151.3,5.03,96.5,45.8,252.0,99.48,2.62,2,88.5,87.4,1
Site_NL-0489,Site_NL,152.4,5.11,103.2,38.5,286.0,99.36,2.5,2,91.1,88.5,1
Site_NL-0490,Site_NL,149.1,4.83,101.3,41.2,278.0,99.54,2.95,2,87.7,89.2,1
Site_NL-0491,Site_NL,155.2,5.05,98.7,44.0,268.0,99.61,1.79,2,93.3,89.2,1
Site_NL-0492,Site_NL,152.6,4.78,98.7,48.3,229.0,99.25,2.81,2,87.8,93.0,1
Site_NL-0493,Site_NL,149.3,5.41,95.6,42.2,284.0,99.4,2.62,2,90.0,88.2,1
Site_NL-0494,Site_NL,147.8,4.84,103.3,41.4,272.0,99.35,2.41,2,88.9,87.7,1
Site_NL-0495,Site_NL,151.2,5.12,101.6,42.1,239.0,99.51,2.65,2,88.2,89.5,1
Site_NL-0496,Site_NL,150.0,5.26,95.2,47.2,231.0,99.54,2.53,2,89.4,87.5,1
Site_NL-0497,Site_NL,149.3,5.24,100.0,46.7,265.0,99.53,2.47,2,85.0,87.9,1
Site_NL-0498,Site_NL,154.6,4.94,103.9,41.0,283.0,99.28,2.01,2,91.6,87.7,1
Site_NL-0499,Site_NL,151.9,4.68,95.1,45.9,287.0,99.52,2.86,2,88.2,91.6,1
