batch_id,formulering,opslagconditie,temperatuur_C,rel_vochtigheid_pct,tijdstip_maanden,gehalte_pct,onzuiverheid_A_pct,onzuiverheid_B_pct,totaal_onzuiverheden_pct,watergehalte_pct,dissolutie_pct,uiterlijk_score,out_of_spec
STAB-000,suspensie,25C_60RH,25,60,0,100.95,0.15,0.042,0.213,2.63,,5.0,0
STAB-000,suspensie,25C_60RH,25,60,1,100.17,0.181,0.052,0.296,2.57,,4.8,0
STAB-000,suspensie,25C_60RH,25,60,2,100.11,0.171,0.054,0.268,2.73,,4.5,0
STAB-000,suspensie,25C_60RH,25,60,3,99.94,0.184,0.057,0.311,2.9,,4.9,0
STAB-000,suspensie,25C_60RH,25,60,6,99.44,0.202,0.05,0.347,2.96,,5.0,0
STAB-000,suspensie,25C_60RH,25,60,9,98.93,0.217,0.069,0.366,2.75,,5.0,0
STAB-000,suspensie,25C_60RH,25,60,12,98.58,0.234,0.08,0.398,2.95,,5.0,0
STAB-000,suspensie,25C_60RH,25,60,18,97.17,0.291,0.099,0.422,3.05,,4.7,0
STAB-000,suspensie,25C_60RH,25,60,24,96.15,0.364,0.134,0.578,2.87,,4.7,0
STAB-000,suspensie,25C_60RH,25,60,36,94.33,0.471,0.19,0.746,3.29,,4.9,1
STAB-000,suspensie,30C_65RH,30,65,0,100.34,0.169,0.046,0.288,2.76,,4.8,0
STAB-000,suspensie,30C_65RH,30,65,1,100.04,0.159,0.056,0.233,2.68,,5.0,0
STAB-000,suspensie,30C_65RH,30,65,2,99.86,0.158,0.051,0.263,2.75,,4.7,0
STAB-000,suspensie,30C_65RH,30,65,3,99.84,0.197,0.06,0.302,2.66,,5.0,0
STAB-000,suspensie,30C_65RH,30,65,6,99.06,0.187,0.07,0.323,2.86,,4.9,0
STAB-000,suspensie,30C_65RH,30,65,9,98.61,0.219,0.097,0.361,2.66,,4.8,0
STAB-000,suspensie,30C_65RH,30,65,12,97.77,0.267,0.08,0.444,2.96,,5.0,0
STAB-000,suspensie,30C_65RH,30,65,18,96.54,0.366,0.125,0.506,3.07,,4.9,0
STAB-000,suspensie,30C_65RH,30,65,24,95.04,0.412,0.158,0.611,3.28,,4.1,0
STAB-000,suspensie,30C_65RH,30,65,36,92.51,0.548,0.215,0.764,3.41,,4.7,1
STAB-000,suspensie,40C_75RH,40,75,0,100.57,0.154,0.039,0.252,2.69,,4.7,0
STAB-000,suspensie,40C_75RH,40,75,1,100.13,0.131,0.049,0.223,2.96,,4.8,0
STAB-000,suspensie,40C_75RH,40,75,2,100.13,0.181,0.065,0.337,2.62,,4.6,0
STAB-000,suspensie,40C_75RH,40,75,3,99.13,0.211,0.061,0.32,2.76,,5.0,0
STAB-000,suspensie,40C_75RH,40,75,6,98.24,0.267,0.069,0.425,2.94,,4.7,0
STAB-000,suspensie,40C_75RH,40,75,9,96.75,0.337,0.108,0.537,2.8,,4.8,0
STAB-000,suspensie,40C_75RH,40,75,12,95.8,0.368,0.143,0.541,3.07,,5.0,0
STAB-000,suspensie,40C_75RH,40,75,18,93.92,0.485,0.182,0.752,3.03,,5.0,1
STAB-000,suspensie,40C_75RH,40,75,24,91.55,0.556,0.219,0.861,3.43,,5.0,1
STAB-000,suspensie,40C_75RH,40,75,36,87.29,0.831,0.326,1.252,3.43,,4.7,1
STAB-001,suspensie,25C_60RH,25,60,0,100.19,0.111,0.055,0.204,2.07,,5.0,0
STAB-001,suspensie,25C_60RH,25,60,1,99.73,0.128,0.047,0.272,1.92,,4.9,0
STAB-001,suspensie,25C_60RH,25,60,2,99.56,0.154,0.068,0.275,2.05,,4.9,0
STAB-001,suspensie,25C_60RH,25,60,3,99.18,0.104,0.071,0.22,2.12,,4.8,0
STAB-001,suspensie,25C_60RH,25,60,6,98.89,0.14,0.068,0.238,2.15,,5.0,0
STAB-001,suspensie,25C_60RH,25,60,9,98.22,0.195,0.062,0.297,2.22,,4.8,0
STAB-001,suspensie,25C_60RH,25,60,12,98.17,0.192,0.072,0.275,2.14,,4.4,0
STAB-001,suspensie,25C_60RH,25,60,18,96.74,0.29,0.117,0.475,2.25,,4.6,0
STAB-001,suspensie,25C_60RH,25,60,24,95.73,0.357,0.132,0.49,2.51,,5.0,0
STAB-001,suspensie,25C_60RH,25,60,36,93.98,0.407,0.183,0.643,2.73,,4.7,1
STAB-001,suspensie,30C_65RH,30,65,0,100.06,0.102,0.034,0.229,1.97,,4.6,0
STAB-001,suspensie,30C_65RH,30,65,1,99.65,0.123,0.051,0.208,2.14,,4.5,0
STAB-001,suspensie,30C_65RH,30,65,2,99.74,0.136,0.056,0.271,2.09,,4.6,0
STAB-001,suspensie,30C_65RH,30,65,3,99.26,0.136,0.072,0.286,2.13,,4.7,0
STAB-001,suspensie,30C_65RH,30,65,6,98.55,0.189,0.063,0.264,2.15,,5.0,0
STAB-001,suspensie,30C_65RH,30,65,9,98.36,0.239,0.089,0.424,2.09,,5.0,0
STAB-001,suspensie,30C_65RH,30,65,12,97.55,0.252,0.086,0.417,2.32,,4.8,0
STAB-001,suspensie,30C_65RH,30,65,18,96.22,0.302,0.134,0.507,2.49,,4.7,0
STAB-001,suspensie,30C_65RH,30,65,24,94.79,0.401,0.138,0.603,2.38,,5.0,1
STAB-001,suspensie,30C_65RH,30,65,36,91.97,0.519,0.225,0.746,2.81,,4.5,1
STAB-001,suspensie,40C_75RH,40,75,0,99.9,0.104,0.056,0.225,1.98,,4.7,0
STAB-001,suspensie,40C_75RH,40,75,1,99.66,0.129,0.056,0.274,2.01,,5.0,0
STAB-001,suspensie,40C_75RH,40,75,2,99.5,0.134,0.042,0.209,1.85,,5.0,0
STAB-001,suspensie,40C_75RH,40,75,3,98.76,0.174,0.091,0.291,2.13,,4.8,0
STAB-001,suspensie,40C_75RH,40,75,6,97.66,0.255,0.082,0.397,1.97,,4.8,0
STAB-001,suspensie,40C_75RH,40,75,9,96.66,0.333,0.132,0.536,2.26,,5.0,0
STAB-001,suspensie,40C_75RH,40,75,12,95.15,0.32,0.145,0.496,2.29,,4.9,0
STAB-001,suspensie,40C_75RH,40,75,18,93.29,0.448,0.184,0.693,2.53,,5.0,1
STAB-001,suspensie,40C_75RH,40,75,24,91.08,0.59,0.241,0.865,2.58,,5.0,1
STAB-001,suspensie,40C_75RH,40,75,36,87.27,0.789,0.319,1.165,2.91,,4.7,1
STAB-002,tablet,25C_60RH,25,60,0,100.28,0.093,0.016,0.198,2.32,95.5,5.0,0
STAB-002,tablet,25C_60RH,25,60,1,100.1,0.097,0.035,0.18,2.37,93.6,4.6,0
STAB-002,tablet,25C_60RH,25,60,2,100.12,0.095,0.021,0.124,2.43,95.7,5.0,0
STAB-002,tablet,25C_60RH,25,60,3,99.75,0.072,0.023,0.195,2.43,92.2,5.0,0
STAB-002,tablet,25C_60RH,25,60,6,99.58,0.098,0.018,0.127,2.63,93.7,4.9,0
STAB-002,tablet,25C_60RH,25,60,9,99.13,0.14,0.027,0.218,2.61,96.6,4.9,0
STAB-002,tablet,25C_60RH,25,60,12,99.02,0.102,0.053,0.188,2.74,98.8,4.7,0
STAB-002,tablet,25C_60RH,25,60,18,98.53,0.171,0.045,0.216,2.63,96.3,4.9,0
STAB-002,tablet,25C_60RH,25,60,24,97.49,0.188,0.075,0.29,2.93,93.5,5.0,0
STAB-002,tablet,25C_60RH,25,60,36,96.62,0.285,0.106,0.412,2.99,94.3,4.7,0
STAB-002,tablet,30C_65RH,30,65,0,100.16,0.056,0.008,0.097,2.41,92.0,5.0,0
STAB-002,tablet,30C_65RH,30,65,1,99.88,0.091,0.016,0.199,2.54,98.0,4.4,0
STAB-002,tablet,30C_65RH,30,65,2,99.92,0.078,0.039,0.177,2.19,95.5,5.0,0
STAB-002,tablet,30C_65RH,30,65,3,100.16,0.109,0.03,0.164,2.53,96.1,5.0,0
STAB-002,tablet,30C_65RH,30,65,6,99.37,0.082,0.033,0.142,2.48,92.9,4.5,0
STAB-002,tablet,30C_65RH,30,65,9,99.09,0.131,0.052,0.198,2.61,97.7,4.6,0
STAB-002,tablet,30C_65RH,30,65,12,98.91,0.147,0.054,0.268,2.91,95.1,4.8,0
STAB-002,tablet,30C_65RH,30,65,18,97.75,0.159,0.069,0.263,2.8,95.4,4.5,0
STAB-002,tablet,30C_65RH,30,65,24,97.04,0.2,0.1,0.355,3.05,93.2,4.9,0
STAB-002,tablet,30C_65RH,30,65,36,95.26,0.321,0.097,0.423,3.09,96.9,4.8,0
STAB-002,tablet,40C_75RH,40,75,0,100.31,0.048,0.022,0.114,2.54,94.1,4.6,0
STAB-002,tablet,40C_75RH,40,75,1,99.82,0.091,0.044,0.184,2.44,94.0,4.9,0
STAB-002,tablet,40C_75RH,40,75,2,99.87,0.093,0.021,0.162,2.49,100.8,4.9,0
STAB-002,tablet,40C_75RH,40,75,3,99.66,0.139,0.027,0.224,2.47,95.2,4.8,0
STAB-002,tablet,40C_75RH,40,75,6,98.94,0.142,0.056,0.261,2.66,98.5,5.0,0
STAB-002,tablet,40C_75RH,40,75,9,98.33,0.172,0.057,0.308,2.72,92.5,5.0,0
STAB-002,tablet,40C_75RH,40,75,12,97.42,0.204,0.068,0.344,2.73,97.6,5.0,0
STAB-002,tablet,40C_75RH,40,75,18,96.63,0.265,0.071,0.434,2.89,95.2,5.0,0
STAB-002,tablet,40C_75RH,40,75,24,95.24,0.346,0.124,0.471,3.11,93.6,4.9,0
STAB-002,tablet,40C_75RH,40,75,36,92.79,0.4,0.181,0.602,3.39,92.9,4.9,1
STAB-003,tablet,25C_60RH,25,60,0,100.68,0.094,-0.002,0.188,1.83,94.5,5.0,0
STAB-003,tablet,25C_60RH,25,60,1,100.86,0.101,0.018,0.121,1.74,94.1,4.6,0
STAB-003,tablet,25C_60RH,25,60,2,100.22,0.117,0.009,0.169,1.89,92.9,5.0,0
STAB-003,tablet,25C_60RH,25,60,3,100.3,0.136,0.019,0.206,1.61,94.5,5.0,0
STAB-003,tablet,25C_60RH,25,60,6,100.57,0.137,0.034,0.242,1.93,97.6,4.9,0
STAB-003,tablet,25C_60RH,25,60,9,99.96,0.145,0.033,0.267,1.95,96.8,5.0,0
STAB-003,tablet,25C_60RH,25,60,12,99.45,0.147,0.028,0.23,2.14,98.5,4.5,0
STAB-003,tablet,25C_60RH,25,60,18,99.24,0.166,0.054,0.245,2.08,93.6,5.0,0
STAB-003,tablet,25C_60RH,25,60,24,98.39,0.245,0.049,0.324,2.21,92.0,4.9,0
STAB-003,tablet,25C_60RH,25,60,36,97.54,0.289,0.088,0.416,2.43,92.7,5.0,0
STAB-003,tablet,30C_65RH,30,65,0,100.79,0.105,0.024,0.14,1.65,93.0,5.0,0
STAB-003,tablet,30C_65RH,30,65,1,100.62,0.081,0.004,0.099,1.78,96.5,4.6,0
STAB-003,tablet,30C_65RH,30,65,2,100.62,0.125,0.02,0.163,1.83,93.6,5.0,0
STAB-003,tablet,30C_65RH,30,65,3,100.32,0.079,0.003,0.104,1.7,93.2,5.0,0
STAB-003,tablet,30C_65RH,30,65,6,100.15,0.122,0.038,0.211,1.84,97.1,4.6,0
STAB-003,tablet,30C_65RH,30,65,9,99.73,0.136,0.03,0.243,2.0,94.0,4.2,0
STAB-003,tablet,30C_65RH,30,65,12,99.3,0.177,0.035,0.248,1.85,93.0,4.5,0
STAB-003,tablet,30C_65RH,30,65,18,98.22,0.253,0.044,0.337,2.35,98.0,5.0,0
STAB-003,tablet,30C_65RH,30,65,24,97.57,0.239,0.076,0.348,2.36,95.5,5.0,0
STAB-003,tablet,30C_65RH,30,65,36,96.45,0.305,0.085,0.456,2.42,95.3,4.3,0
STAB-003,tablet,40C_75RH,40,75,0,100.92,0.023,0.018,0.096,1.9,94.9,4.5,0
STAB-003,tablet,40C_75RH,40,75,1,100.76,0.066,0.014,0.17,1.77,95.0,4.2,0
STAB-003,tablet,40C_75RH,40,75,2,100.23,0.078,0.04,0.202,1.81,94.1,4.6,0
STAB-003,tablet,40C_75RH,40,75,3,100.06,0.16,0.038,0.256,1.79,96.9,5.0,0
STAB-003,tablet,40C_75RH,40,75,6,99.29,0.163,0.048,0.23,2.04,98.1,5.0,0
STAB-003,tablet,40C_75RH,40,75,9,99.06,0.219,0.051,0.318,1.93,93.3,4.8,0
STAB-003,tablet,40C_75RH,40,75,12,98.35,0.213,0.058,0.313,1.98,97.0,5.0,0
STAB-003,tablet,40C_75RH,40,75,18,96.98,0.307,0.077,0.477,2.37,94.1,4.8,0
STAB-003,tablet,40C_75RH,40,75,24,96.13,0.34,0.11,0.545,2.36,95.1,4.9,0
STAB-003,tablet,40C_75RH,40,75,36,93.39,0.501,0.168,0.684,2.66,95.9,4.6,1
STAB-004,capsule,25C_60RH,25,60,0,99.76,0.178,0.061,0.24,1.69,94.2,5.0,0
STAB-004,capsule,25C_60RH,25,60,1,99.92,0.11,0.055,0.254,1.82,97.4,4.9,0
STAB-004,capsule,25C_60RH,25,60,2,99.11,0.183,0.058,0.34,1.72,93.2,4.7,0
STAB-004,capsule,25C_60RH,25,60,3,99.09,0.149,0.046,0.277,1.71,93.3,4.9,0
STAB-004,capsule,25C_60RH,25,60,6,98.58,0.188,0.052,0.25,1.95,96.6,4.9,0
STAB-004,capsule,25C_60RH,25,60,9,98.36,0.175,0.067,0.325,1.88,95.7,4.6,0
STAB-004,capsule,25C_60RH,25,60,12,98.0,0.216,0.067,0.378,1.96,93.4,4.3,0
STAB-004,capsule,25C_60RH,25,60,18,97.29,0.253,0.083,0.362,1.99,97.7,5.0,0
STAB-004,capsule,25C_60RH,25,60,24,96.34,0.325,0.109,0.499,2.11,96.3,4.9,0
STAB-004,capsule,25C_60RH,25,60,36,95.17,0.366,0.127,0.509,2.55,94.5,5.0,0
STAB-004,capsule,30C_65RH,30,65,0,99.78,0.141,0.042,0.2,1.72,97.2,5.0,0
STAB-004,capsule,30C_65RH,30,65,1,99.05,0.148,0.058,0.229,1.8,96.5,5.0,0
STAB-004,capsule,30C_65RH,30,65,2,99.29,0.184,0.061,0.253,1.58,94.8,5.0,0
STAB-004,capsule,30C_65RH,30,65,3,99.51,0.182,0.053,0.265,1.73,90.8,4.9,0
STAB-004,capsule,30C_65RH,30,65,6,98.4,0.181,0.053,0.283,1.76,95.8,5.0,0
STAB-004,capsule,30C_65RH,30,65,9,98.2,0.225,0.067,0.309,1.89,95.5,5.0,0
STAB-004,capsule,30C_65RH,30,65,12,97.61,0.229,0.083,0.378,1.81,94.5,4.1,0
STAB-004,capsule,30C_65RH,30,65,18,96.63,0.304,0.095,0.429,1.92,94.4,4.8,0
STAB-004,capsule,30C_65RH,30,65,24,95.81,0.336,0.109,0.535,2.19,89.9,5.0,0
STAB-004,capsule,30C_65RH,30,65,36,93.69,0.435,0.158,0.663,2.58,98.9,5.0,1
STAB-004,capsule,40C_75RH,40,75,0,99.37,0.114,0.05,0.165,1.53,98.4,5.0,0
STAB-004,capsule,40C_75RH,40,75,1,99.36,0.132,0.041,0.181,1.61,92.4,4.8,0
STAB-004,capsule,40C_75RH,40,75,2,99.17,0.169,0.056,0.28,1.82,88.8,4.7,0
STAB-004,capsule,40C_75RH,40,75,3,98.54,0.167,0.08,0.296,1.72,96.8,4.6,0
STAB-004,capsule,40C_75RH,40,75,6,98.15,0.24,0.088,0.413,2.01,92.3,4.9,0
STAB-004,capsule,40C_75RH,40,75,9,97.52,0.267,0.093,0.361,1.79,92.4,5.0,0
STAB-004,capsule,40C_75RH,40,75,12,96.46,0.315,0.119,0.531,2.11,99.9,5.0,0
STAB-004,capsule,40C_75RH,40,75,18,94.83,0.367,0.147,0.547,2.14,96.7,5.0,1
STAB-004,capsule,40C_75RH,40,75,24,93.18,0.473,0.196,0.68,2.28,98.3,4.9,1
STAB-004,capsule,40C_75RH,40,75,36,90.28,0.648,0.243,0.927,2.45,97.2,4.7,1
STAB-005,tablet,25C_60RH,25,60,0,100.79,0.1,0.023,0.215,2.23,96.2,4.9,0
STAB-005,tablet,25C_60RH,25,60,1,100.53,0.105,0.02,0.156,2.35,93.8,5.0,0
STAB-005,tablet,25C_60RH,25,60,2,100.76,0.1,0.025,0.178,2.39,99.0,5.0,0
STAB-005,tablet,25C_60RH,25,60,3,100.31,0.086,0.011,0.144,2.57,93.7,4.7,0
STAB-005,tablet,25C_60RH,25,60,6,99.78,0.136,0.033,0.211,2.42,93.9,5.0,0
STAB-005,tablet,25C_60RH,25,60,9,99.58,0.154,0.041,0.219,2.56,95.2,5.0,0
STAB-005,tablet,25C_60RH,25,60,12,99.43,0.167,0.032,0.277,2.48,96.5,4.9,0
STAB-005,tablet,25C_60RH,25,60,18,98.6,0.201,0.043,0.303,2.68,95.9,4.9,0
STAB-005,tablet,25C_60RH,25,60,24,98.65,0.211,0.075,0.289,2.97,93.5,4.4,0
STAB-005,tablet,25C_60RH,25,60,36,97.15,0.249,0.078,0.329,3.19,93.4,5.0,0
STAB-005,tablet,30C_65RH,30,65,0,100.72,0.092,0.011,0.115,2.46,98.7,5.0,0
STAB-005,tablet,30C_65RH,30,65,1,100.41,0.11,0.022,0.205,2.36,97.3,5.0,0
STAB-005,tablet,30C_65RH,30,65,2,100.52,0.134,0.036,0.193,2.39,97.1,4.9,0
STAB-005,tablet,30C_65RH,30,65,3,99.99,0.128,0.01,0.226,2.42,96.4,4.5,0
STAB-005,tablet,30C_65RH,30,65,6,99.82,0.159,0.025,0.267,2.63,97.4,5.0,0
STAB-005,tablet,30C_65RH,30,65,9,99.58,0.141,0.034,0.177,2.47,91.1,4.9,0
STAB-005,tablet,30C_65RH,30,65,12,99.23,0.199,0.052,0.283,2.6,94.7,4.5,0
STAB-005,tablet,30C_65RH,30,65,18,98.3,0.185,0.061,0.292,2.82,95.6,5.0,0
STAB-005,tablet,30C_65RH,30,65,24,97.29,0.246,0.084,0.386,3.01,95.0,4.9,0
STAB-005,tablet,30C_65RH,30,65,36,96.07,0.306,0.1,0.422,3.16,96.1,5.0,0
STAB-005,tablet,40C_75RH,40,75,0,100.91,0.075,0.027,0.125,2.31,95.1,5.0,0
STAB-005,tablet,40C_75RH,40,75,1,100.51,0.115,0.014,0.165,2.24,96.7,4.5,0
STAB-005,tablet,40C_75RH,40,75,2,100.05,0.12,0.019,0.23,2.46,96.3,5.0,0
STAB-005,tablet,40C_75RH,40,75,3,99.75,0.102,0.034,0.152,2.47,94.4,4.8,0
STAB-005,tablet,40C_75RH,40,75,6,99.35,0.12,0.034,0.219,2.43,94.6,4.8,0
STAB-005,tablet,40C_75RH,40,75,9,99.01,0.173,0.049,0.225,2.66,94.9,5.0,0
STAB-005,tablet,40C_75RH,40,75,12,98.01,0.236,0.059,0.309,2.64,94.4,4.8,0
STAB-005,tablet,40C_75RH,40,75,18,96.82,0.301,0.081,0.432,2.85,91.9,4.7,0
STAB-005,tablet,40C_75RH,40,75,24,95.84,0.313,0.119,0.513,2.89,95.7,5.0,0
STAB-005,tablet,40C_75RH,40,75,36,93.03,0.46,0.147,0.616,3.23,92.1,4.9,1
STAB-006,capsule,25C_60RH,25,60,0,99.63,0.107,0.038,0.212,2.29,92.9,5.0,0
STAB-006,capsule,25C_60RH,25,60,1,99.59,0.099,0.02,0.128,2.31,92.1,4.6,0
STAB-006,capsule,25C_60RH,25,60,2,99.22,0.146,0.036,0.188,2.48,97.6,4.5,0
STAB-006,capsule,25C_60RH,25,60,3,99.21,0.151,0.03,0.264,2.43,92.4,5.0,0
STAB-006,capsule,25C_60RH,25,60,6,98.79,0.153,0.05,0.276,2.37,92.7,5.0,0
STAB-006,capsule,25C_60RH,25,60,9,98.58,0.161,0.048,0.258,2.47,95.1,5.0,0
STAB-006,capsule,25C_60RH,25,60,12,98.02,0.207,0.068,0.302,2.57,93.5,5.0,0
STAB-006,capsule,25C_60RH,25,60,18,97.31,0.233,0.07,0.388,2.53,93.4,5.0,0
STAB-006,capsule,25C_60RH,25,60,24,96.31,0.295,0.095,0.404,2.77,96.4,4.9,0
STAB-006,capsule,25C_60RH,25,60,36,95.05,0.395,0.124,0.558,3.09,94.3,4.9,0
STAB-006,capsule,30C_65RH,30,65,0,99.61,0.113,0.035,0.188,2.42,96.9,4.8,0
STAB-006,capsule,30C_65RH,30,65,1,99.28,0.108,0.024,0.152,2.35,97.4,5.0,0
STAB-006,capsule,30C_65RH,30,65,2,99.5,0.126,0.043,0.258,2.09,94.9,5.0,0
STAB-006,capsule,30C_65RH,30,65,3,98.81,0.162,0.031,0.275,2.32,96.9,4.8,0
STAB-006,capsule,30C_65RH,30,65,6,98.53,0.154,0.057,0.294,2.3,94.6,4.9,0
STAB-006,capsule,30C_65RH,30,65,9,98.52,0.175,0.074,0.304,2.46,94.2,5.0,0
STAB-006,capsule,30C_65RH,30,65,12,97.72,0.199,0.076,0.307,2.48,95.6,4.8,0
STAB-006,capsule,30C_65RH,30,65,18,96.82,0.277,0.078,0.452,2.72,97.2,5.0,0
STAB-006,capsule,30C_65RH,30,65,24,95.4,0.329,0.096,0.515,2.54,94.3,5.0,0
STAB-006,capsule,30C_65RH,30,65,36,93.84,0.428,0.167,0.62,2.96,95.1,4.8,1
STAB-006,capsule,40C_75RH,40,75,0,99.68,0.118,0.035,0.206,2.27,93.6,4.8,0
STAB-006,capsule,40C_75RH,40,75,1,99.17,0.116,0.041,0.228,2.43,96.0,5.0,0
STAB-006,capsule,40C_75RH,40,75,2,99.22,0.131,0.041,0.255,2.27,95.8,5.0,0
STAB-006,capsule,40C_75RH,40,75,3,98.57,0.144,0.049,0.2,2.14,91.6,4.8,0
STAB-006,capsule,40C_75RH,40,75,6,97.81,0.214,0.064,0.367,2.36,92.3,5.0,0
STAB-006,capsule,40C_75RH,40,75,9,97.13,0.246,0.078,0.351,2.58,96.1,5.0,0
STAB-006,capsule,40C_75RH,40,75,12,96.6,0.277,0.096,0.427,2.54,98.4,5.0,0
STAB-006,capsule,40C_75RH,40,75,18,94.67,0.368,0.124,0.506,2.77,93.7,4.9,1
STAB-006,capsule,40C_75RH,40,75,24,93.6,0.462,0.161,0.694,2.93,93.5,4.2,1
STAB-006,capsule,40C_75RH,40,75,36,89.87,0.592,0.238,0.887,2.97,92.6,4.5,1
STAB-007,tablet,25C_60RH,25,60,0,99.54,0.111,0.034,0.176,1.94,94.4,5.0,0
STAB-007,tablet,25C_60RH,25,60,1,99.45,0.092,0.054,0.169,2.0,93.5,4.9,0
STAB-007,tablet,25C_60RH,25,60,2,99.1,0.114,0.069,0.244,1.96,93.4,5.0,0
STAB-007,tablet,25C_60RH,25,60,3,99.62,0.086,0.065,0.206,2.05,94.1,5.0,0
STAB-007,tablet,25C_60RH,25,60,6,98.92,0.133,0.064,0.295,2.07,95.6,5.0,0
STAB-007,tablet,25C_60RH,25,60,9,98.53,0.149,0.053,0.211,2.05,97.1,5.0,0
STAB-007,tablet,25C_60RH,25,60,12,97.96,0.14,0.07,0.284,2.08,95.8,4.8,0
STAB-007,tablet,25C_60RH,25,60,18,97.53,0.171,0.099,0.308,2.18,97.4,5.0,0
STAB-007,tablet,25C_60RH,25,60,24,96.9,0.228,0.08,0.378,2.3,95.7,4.8,0
STAB-007,tablet,25C_60RH,25,60,36,95.79,0.259,0.122,0.383,2.63,95.2,5.0,0
STAB-007,tablet,30C_65RH,30,65,0,99.66,0.076,0.042,0.155,1.76,94.3,5.0,0
STAB-007,tablet,30C_65RH,30,65,1,99.17,0.086,0.055,0.219,2.06,96.9,4.6,0
STAB-007,tablet,30C_65RH,30,65,2,99.19,0.096,0.056,0.189,2.1,94.1,5.0,0
STAB-007,tablet,30C_65RH,30,65,3,99.32,0.08,0.046,0.157,2.1,89.7,5.0,0
STAB-007,tablet,30C_65RH,30,65,6,98.85,0.142,0.061,0.277,2.11,94.2,4.8,0
STAB-007,tablet,30C_65RH,30,65,9,98.04,0.192,0.069,0.3,2.3,96.4,4.8,0
STAB-007,tablet,30C_65RH,30,65,12,98.24,0.197,0.084,0.312,2.18,93.4,4.6,0
STAB-007,tablet,30C_65RH,30,65,18,97.22,0.197,0.099,0.335,2.25,97.0,5.0,0
STAB-007,tablet,30C_65RH,30,65,24,96.63,0.252,0.103,0.437,2.56,91.7,5.0,0
STAB-007,tablet,30C_65RH,30,65,36,94.86,0.315,0.126,0.443,2.75,92.9,5.0,1
STAB-007,tablet,40C_75RH,40,75,0,99.75,0.067,0.042,0.117,1.83,97.8,5.0,0
STAB-007,tablet,40C_75RH,40,75,1,99.23,0.115,0.049,0.221,1.94,94.8,5.0,0
STAB-007,tablet,40C_75RH,40,75,2,98.99,0.084,0.062,0.169,2.04,94.2,4.5,0
STAB-007,tablet,40C_75RH,40,75,3,98.84,0.143,0.07,0.238,2.01,94.2,5.0,0
STAB-007,tablet,40C_75RH,40,75,6,98.18,0.167,0.084,0.316,2.22,95.7,4.8,0
STAB-007,tablet,40C_75RH,40,75,9,98.09,0.207,0.075,0.29,2.01,94.5,4.9,0
STAB-007,tablet,40C_75RH,40,75,12,97.15,0.243,0.101,0.424,2.32,96.6,4.6,0
STAB-007,tablet,40C_75RH,40,75,18,95.8,0.306,0.104,0.414,2.41,95.2,5.0,0
STAB-007,tablet,40C_75RH,40,75,24,94.46,0.358,0.145,0.56,2.6,93.5,5.0,1
STAB-007,tablet,40C_75RH,40,75,36,92.3,0.478,0.206,0.741,2.77,96.4,4.8,1
STAB-008,suspensie,25C_60RH,25,60,0,99.98,0.111,0.006,0.129,2.14,,5.0,0
STAB-008,suspensie,25C_60RH,25,60,1,99.91,0.159,0.022,0.219,2.34,,4.8,0
STAB-008,suspensie,25C_60RH,25,60,2,99.73,0.155,0.032,0.215,2.6,,4.5,0
STAB-008,suspensie,25C_60RH,25,60,3,99.5,0.108,0.033,0.188,2.6,,5.0,0
STAB-008,suspensie,25C_60RH,25,60,6,98.4,0.172,0.035,0.215,2.53,,5.0,0
STAB-008,suspensie,25C_60RH,25,60,9,98.4,0.242,0.047,0.378,2.67,,4.9,0
STAB-008,suspensie,25C_60RH,25,60,12,98.11,0.234,0.08,0.385,2.69,,5.0,0
STAB-008,suspensie,25C_60RH,25,60,18,96.58,0.313,0.076,0.487,2.78,,5.0,0
STAB-008,suspensie,25C_60RH,25,60,24,96.14,0.336,0.098,0.528,2.78,,4.3,0
STAB-008,suspensie,25C_60RH,25,60,36,93.8,0.454,0.167,0.705,3.21,,4.8,1
STAB-008,suspensie,30C_65RH,30,65,0,100.04,0.138,0.015,0.231,2.42,,5.0,0
STAB-008,suspensie,30C_65RH,30,65,1,99.62,0.152,0.012,0.21,2.33,,5.0,0
STAB-008,suspensie,30C_65RH,30,65,2,99.77,0.185,0.023,0.292,2.62,,5.0,0
STAB-008,suspensie,30C_65RH,30,65,3,99.25,0.148,0.026,0.191,2.63,,4.8,0
STAB-008,suspensie,30C_65RH,30,65,6,98.3,0.198,0.047,0.276,2.56,,4.7,0
STAB-008,suspensie,30C_65RH,30,65,9,97.88,0.26,0.079,0.365,2.66,,4.9,0
STAB-008,suspensie,30C_65RH,30,65,12,97.05,0.273,0.082,0.41,2.83,,4.8,0
STAB-008,suspensie,30C_65RH,30,65,18,95.8,0.373,0.096,0.495,2.86,,5.0,0
STAB-008,suspensie,30C_65RH,30,65,24,94.42,0.402,0.117,0.528,3.01,,5.0,1
STAB-008,suspensie,30C_65RH,30,65,36,92.25,0.566,0.189,0.849,3.18,,5.0,1
STAB-008,suspensie,40C_75RH,40,75,0,100.28,0.151,0.019,0.203,2.65,,4.7,0
STAB-008,suspensie,40C_75RH,40,75,1,99.72,0.141,0.022,0.247,2.56,,5.0,0
STAB-008,suspensie,40C_75RH,40,75,2,99.27,0.144,0.03,0.194,2.66,,5.0,0
STAB-008,suspensie,40C_75RH,40,75,3,98.6,0.176,0.034,0.259,2.45,,4.9,0
STAB-008,suspensie,40C_75RH,40,75,6,97.72,0.283,0.059,0.351,2.66,,5.0,0
STAB-008,suspensie,40C_75RH,40,75,9,96.34,0.303,0.081,0.393,2.76,,4.6,0
STAB-008,suspensie,40C_75RH,40,75,12,95.41,0.303,0.116,0.419,2.82,,4.9,0
STAB-008,suspensie,40C_75RH,40,75,18,93.05,0.469,0.151,0.707,2.99,,5.0,1
STAB-008,suspensie,40C_75RH,40,75,24,90.86,0.575,0.198,0.849,3.21,,4.9,1
STAB-008,suspensie,40C_75RH,40,75,36,87.11,0.86,0.286,1.219,3.4,,5.0,1
STAB-009,tablet,25C_60RH,25,60,0,100.24,0.136,0.028,0.185,2.27,93.2,4.9,0
STAB-009,tablet,25C_60RH,25,60,1,99.55,0.139,0.037,0.223,2.19,95.4,4.7,0
STAB-009,tablet,25C_60RH,25,60,2,99.1,0.173,0.043,0.225,2.19,96.2,4.9,0
STAB-009,tablet,25C_60RH,25,60,3,99.28,0.164,0.056,0.287,2.23,91.1,5.0,0
STAB-009,tablet,25C_60RH,25,60,6,99.23,0.17,0.047,0.239,2.33,96.5,5.0,0
STAB-009,tablet,25C_60RH,25,60,9,98.96,0.174,0.067,0.333,2.45,91.5,5.0,0
STAB-009,tablet,25C_60RH,25,60,12,98.2,0.217,0.046,0.291,2.5,95.0,5.0,0
STAB-009,tablet,25C_60RH,25,60,18,98.08,0.18,0.06,0.304,2.71,96.9,4.8,0
STAB-009,tablet,25C_60RH,25,60,24,97.45,0.25,0.082,0.394,2.72,97.3,4.8,0
STAB-009,tablet,25C_60RH,25,60,36,96.3,0.33,0.106,0.512,3.02,92.7,4.6,0
STAB-009,tablet,30C_65RH,30,65,0,99.66,0.137,0.04,0.228,2.44,94.1,4.8,0
STAB-009,tablet,30C_65RH,30,65,1,99.32,0.131,0.055,0.233,2.16,95.1,5.0,0
STAB-009,tablet,30C_65RH,30,65,2,99.69,0.119,0.029,0.21,2.32,95.4,5.0,0
STAB-009,tablet,30C_65RH,30,65,3,99.64,0.18,0.062,0.251,2.43,97.5,5.0,0
STAB-009,tablet,30C_65RH,30,65,6,98.97,0.151,0.046,0.271,2.29,95.7,5.0,0
STAB-009,tablet,30C_65RH,30,65,9,98.47,0.18,0.066,0.324,2.53,91.7,5.0,0
STAB-009,tablet,30C_65RH,30,65,12,98.12,0.199,0.061,0.314,2.4,94.9,5.0,0
STAB-009,tablet,30C_65RH,30,65,18,97.42,0.28,0.076,0.414,2.64,96.7,4.7,0
STAB-009,tablet,30C_65RH,30,65,24,96.71,0.264,0.116,0.408,2.74,95.6,5.0,0
STAB-009,tablet,30C_65RH,30,65,36,95.28,0.385,0.129,0.588,3.1,95.7,4.8,0
STAB-009,tablet,40C_75RH,40,75,0,99.58,0.136,0.035,0.207,2.11,91.8,4.7,0
STAB-009,tablet,40C_75RH,40,75,1,99.65,0.118,0.035,0.231,2.28,93.9,5.0,0
STAB-009,tablet,40C_75RH,40,75,2,99.25,0.154,0.054,0.216,2.45,94.3,4.8,0
STAB-009,tablet,40C_75RH,40,75,3,98.8,0.142,0.052,0.23,2.19,96.6,4.9,0
STAB-009,tablet,40C_75RH,40,75,6,98.63,0.196,0.081,0.323,2.38,90.6,5.0,0
STAB-009,tablet,40C_75RH,40,75,9,98.02,0.236,0.067,0.395,2.48,94.9,4.9,0
STAB-009,tablet,40C_75RH,40,75,12,97.11,0.255,0.083,0.386,2.55,96.2,4.9,0
STAB-009,tablet,40C_75RH,40,75,18,96.25,0.354,0.105,0.47,2.62,95.0,4.8,0
STAB-009,tablet,40C_75RH,40,75,24,94.85,0.382,0.141,0.538,2.92,97.6,5.0,1
STAB-009,tablet,40C_75RH,40,75,36,92.76,0.513,0.18,0.753,3.27,93.9,5.0,1
STAB-010,capsule,25C_60RH,25,60,0,100.25,0.101,0.031,0.213,1.57,97.9,4.8,0
STAB-010,capsule,25C_60RH,25,60,1,100.07,0.126,0.035,0.254,1.55,94.2,4.8,0
STAB-010,capsule,25C_60RH,25,60,2,99.99,0.159,0.022,0.207,1.53,94.0,4.8,0
STAB-010,capsule,25C_60RH,25,60,3,99.88,0.14,0.055,0.2,1.56,94.8,5.0,0
STAB-010,capsule,25C_60RH,25,60,6,99.34,0.178,0.022,0.252,1.62,94.4,5.0,0
STAB-010,capsule,25C_60RH,25,60,9,99.0,0.141,0.052,0.288,1.62,97.2,5.0,0
STAB-010,capsule,25C_60RH,25,60,12,98.55,0.191,0.059,0.326,1.73,93.4,4.6,0
STAB-010,capsule,25C_60RH,25,60,18,97.91,0.251,0.079,0.351,2.04,98.4,4.4,0
STAB-010,capsule,25C_60RH,25,60,24,97.02,0.29,0.094,0.428,2.28,94.7,5.0,0
STAB-010,capsule,25C_60RH,25,60,36,95.58,0.351,0.127,0.523,2.49,93.5,5.0,0
STAB-010,capsule,30C_65RH,30,65,0,99.8,0.132,0.023,0.209,1.54,96.2,5.0,0
STAB-010,capsule,30C_65RH,30,65,1,100.23,0.125,0.048,0.193,1.58,98.0,5.0,0
STAB-010,capsule,30C_65RH,30,65,2,99.74,0.121,0.018,0.176,1.7,93.5,5.0,0
STAB-010,capsule,30C_65RH,30,65,3,99.77,0.164,0.029,0.261,1.55,90.6,4.8,0
STAB-010,capsule,30C_65RH,30,65,6,99.35,0.178,0.027,0.302,1.83,96.3,5.0,0
STAB-010,capsule,30C_65RH,30,65,9,98.75,0.188,0.056,0.343,1.99,93.9,4.9,0
STAB-010,capsule,30C_65RH,30,65,12,98.34,0.201,0.078,0.307,2.09,92.8,5.0,0
STAB-010,capsule,30C_65RH,30,65,18,97.29,0.269,0.091,0.42,2.02,95.0,5.0,0
STAB-010,capsule,30C_65RH,30,65,24,96.3,0.326,0.111,0.523,1.99,98.7,4.7,0
STAB-010,capsule,30C_65RH,30,65,36,94.7,0.431,0.14,0.62,2.37,97.1,4.7,1
STAB-010,capsule,40C_75RH,40,75,0,100.21,0.13,0.012,0.144,1.58,98.3,5.0,0
STAB-010,capsule,40C_75RH,40,75,1,100.04,0.129,0.031,0.186,1.55,95.8,5.0,0
STAB-010,capsule,40C_75RH,40,75,2,99.69,0.143,0.028,0.27,1.59,91.1,5.0,0
STAB-010,capsule,40C_75RH,40,75,3,99.32,0.163,0.056,0.295,1.9,97.4,4.8,0
STAB-010,capsule,40C_75RH,40,75,6,98.27,0.214,0.071,0.33,1.55,94.5,4.9,0
STAB-010,capsule,40C_75RH,40,75,9,97.69,0.226,0.095,0.401,1.82,91.9,5.0,0
STAB-010,capsule,40C_75RH,40,75,12,97.0,0.316,0.097,0.47,2.02,91.7,5.0,0
STAB-010,capsule,40C_75RH,40,75,18,95.27,0.368,0.138,0.557,2.08,94.9,5.0,0
STAB-010,capsule,40C_75RH,40,75,24,93.38,0.46,0.148,0.655,2.29,92.1,5.0,1
STAB-010,capsule,40C_75RH,40,75,36,90.25,0.622,0.211,0.884,2.36,92.2,5.0,1
STAB-011,capsule,25C_60RH,25,60,0,99.82,0.105,0.051,0.186,1.58,95.9,5.0,0
STAB-011,capsule,25C_60RH,25,60,1,99.38,0.109,0.032,0.192,1.59,95.0,5.0,0
STAB-011,capsule,25C_60RH,25,60,2,99.13,0.13,0.039,0.172,1.66,96.0,4.5,0
STAB-011,capsule,25C_60RH,25,60,3,99.23,0.083,0.047,0.172,1.53,91.9,4.9,0
STAB-011,capsule,25C_60RH,25,60,6,99.27,0.166,0.067,0.329,1.72,93.6,5.0,0
STAB-011,capsule,25C_60RH,25,60,9,98.66,0.168,0.058,0.299,1.77,97.4,4.5,0
STAB-011,capsule,25C_60RH,25,60,12,98.65,0.222,0.063,0.381,1.91,97.2,4.6,0
STAB-011,capsule,25C_60RH,25,60,18,97.62,0.241,0.09,0.384,1.85,93.9,4.9,0
STAB-011,capsule,25C_60RH,25,60,24,96.73,0.274,0.101,0.43,2.03,96.2,4.9,0
STAB-011,capsule,25C_60RH,25,60,36,95.18,0.362,0.14,0.51,2.32,93.9,5.0,0
STAB-011,capsule,30C_65RH,30,65,0,100.1,0.151,0.053,0.224,1.54,94.2,5.0,0
STAB-011,capsule,30C_65RH,30,65,1,99.42,0.127,0.046,0.205,1.61,94.9,5.0,0
STAB-011,capsule,30C_65RH,30,65,2,99.73,0.109,0.045,0.216,1.49,97.7,4.9,0
STAB-011,capsule,30C_65RH,30,65,3,99.03,0.138,0.04,0.206,1.54,95.1,5.0,0
STAB-011,capsule,30C_65RH,30,65,6,99.03,0.168,0.055,0.247,1.78,94.6,4.3,0
STAB-011,capsule,30C_65RH,30,65,9,98.1,0.156,0.074,0.317,1.79,94.7,5.0,0
STAB-011,capsule,30C_65RH,30,65,12,97.93,0.176,0.07,0.254,1.94,92.5,5.0,0
STAB-011,capsule,30C_65RH,30,65,18,96.94,0.237,0.083,0.356,1.95,94.8,4.6,0
STAB-011,capsule,30C_65RH,30,65,24,96.28,0.315,0.134,0.487,2.05,96.5,5.0,0
STAB-011,capsule,30C_65RH,30,65,36,93.99,0.401,0.168,0.617,2.41,90.2,5.0,1
STAB-011,capsule,40C_75RH,40,75,0,99.94,0.084,0.054,0.16,1.29,96.6,4.7,0
STAB-011,capsule,40C_75RH,40,75,1,99.81,0.143,0.047,0.239,1.72,91.5,5.0,0
STAB-011,capsule,40C_75RH,40,75,2,99.25,0.163,0.065,0.265,1.7,96.9,4.8,0
STAB-011,capsule,40C_75RH,40,75,3,98.9,0.108,0.064,0.268,1.82,95.2,4.8,0
STAB-011,capsule,40C_75RH,40,75,6,98.26,0.193,0.057,0.336,1.61,99.0,5.0,0
STAB-011,capsule,40C_75RH,40,75,9,97.5,0.244,0.083,0.405,1.7,93.1,4.8,0
STAB-011,capsule,40C_75RH,40,75,12,96.67,0.245,0.115,0.434,1.87,93.7,4.9,0
STAB-011,capsule,40C_75RH,40,75,18,95.4,0.359,0.141,0.524,2.2,97.7,4.4,0
STAB-011,capsule,40C_75RH,40,75,24,93.53,0.466,0.169,0.65,2.17,94.4,5.0,1
STAB-011,capsule,40C_75RH,40,75,36,90.38,0.624,0.226,0.916,2.47,90.9,5.0,1
STAB-012,tablet,25C_60RH,25,60,0,101.01,0.089,0.049,0.146,1.55,94.7,5.0,0
STAB-012,tablet,25C_60RH,25,60,1,101.05,0.091,0.053,0.207,1.83,94.8,5.0,0
STAB-012,tablet,25C_60RH,25,60,2,101.25,0.084,0.067,0.243,1.61,96.1,5.0,0
STAB-012,tablet,25C_60RH,25,60,3,101.0,0.091,0.038,0.22,1.8,91.7,5.0,0
STAB-012,tablet,25C_60RH,25,60,6,100.45,0.122,0.056,0.188,1.74,93.9,4.9,0
STAB-012,tablet,25C_60RH,25,60,9,99.75,0.11,0.053,0.255,1.74,97.2,4.8,0
STAB-012,tablet,25C_60RH,25,60,12,99.83,0.161,0.045,0.284,2.01,96.9,5.0,0
STAB-012,tablet,25C_60RH,25,60,18,99.02,0.168,0.089,0.279,2.22,94.3,5.0,0
STAB-012,tablet,25C_60RH,25,60,24,98.48,0.176,0.086,0.287,2.12,93.0,4.9,0
STAB-012,tablet,25C_60RH,25,60,36,97.8,0.284,0.116,0.485,2.36,94.4,5.0,0
STAB-012,tablet,30C_65RH,30,65,0,101.32,0.139,0.035,0.212,1.73,91.2,5.0,0
STAB-012,tablet,30C_65RH,30,65,1,100.86,0.104,0.051,0.205,1.77,95.5,5.0,0
STAB-012,tablet,30C_65RH,30,65,2,100.71,0.154,0.037,0.251,1.69,93.6,5.0,0
STAB-012,tablet,30C_65RH,30,65,3,100.6,0.107,0.046,0.187,1.68,96.9,4.3,0
STAB-012,tablet,30C_65RH,30,65,6,100.4,0.144,0.059,0.218,1.93,92.6,5.0,0
STAB-012,tablet,30C_65RH,30,65,9,99.86,0.126,0.063,0.287,1.71,95.0,4.7,0
STAB-012,tablet,30C_65RH,30,65,12,99.56,0.17,0.071,0.295,1.86,94.0,5.0,0
STAB-012,tablet,30C_65RH,30,65,18,98.6,0.202,0.097,0.335,2.01,94.2,5.0,0
STAB-012,tablet,30C_65RH,30,65,24,97.96,0.253,0.115,0.449,2.09,94.2,5.0,0
STAB-012,tablet,30C_65RH,30,65,36,96.74,0.318,0.131,0.548,2.33,92.3,5.0,0
STAB-012,tablet,40C_75RH,40,75,0,101.16,0.089,0.056,0.23,1.59,95.2,5.0,0
STAB-012,tablet,40C_75RH,40,75,1,101.1,0.089,0.053,0.16,1.44,94.3,5.0,0
STAB-012,tablet,40C_75RH,40,75,2,100.8,0.116,0.049,0.183,1.66,94.2,5.0,0
STAB-012,tablet,40C_75RH,40,75,3,100.43,0.134,0.055,0.254,1.83,92.9,5.0,0
STAB-012,tablet,40C_75RH,40,75,6,99.79,0.158,0.045,0.264,1.76,94.8,4.8,0
STAB-012,tablet,40C_75RH,40,75,9,99.13,0.176,0.098,0.337,2.21,97.5,5.0,0
STAB-012,tablet,40C_75RH,40,75,12,98.36,0.167,0.097,0.273,1.83,94.8,5.0,0
STAB-012,tablet,40C_75RH,40,75,18,97.4,0.28,0.108,0.478,2.18,93.3,5.0,0
STAB-012,tablet,40C_75RH,40,75,24,96.41,0.322,0.151,0.544,2.3,94.3,5.0,0
STAB-012,tablet,40C_75RH,40,75,36,93.71,0.46,0.193,0.72,2.52,91.5,5.0,1
STAB-013,suspensie,25C_60RH,25,60,0,98.73,0.093,0.019,0.146,2.36,,5.0,0
STAB-013,suspensie,25C_60RH,25,60,1,98.93,0.147,0.021,0.259,2.27,,5.0,0
STAB-013,suspensie,25C_60RH,25,60,2,98.35,0.163,0.024,0.245,2.36,,4.6,0
STAB-013,suspensie,25C_60RH,25,60,3,98.47,0.147,0.017,0.239,2.23,,5.0,0
STAB-013,suspensie,25C_60RH,25,60,6,98.21,0.181,0.033,0.228,2.35,,5.0,0
STAB-013,suspensie,25C_60RH,25,60,9,97.5,0.243,0.045,0.382,2.34,,5.0,0
STAB-013,suspensie,25C_60RH,25,60,12,96.85,0.254,0.061,0.413,2.57,,4.8,0
STAB-013,suspensie,25C_60RH,25,60,18,95.34,0.267,0.08,0.381,2.53,,5.0,0
STAB-013,suspensie,25C_60RH,25,60,24,94.92,0.322,0.107,0.525,2.74,,5.0,1
STAB-013,suspensie,25C_60RH,25,60,36,92.84,0.45,0.149,0.639,3.12,,5.0,1
STAB-013,suspensie,30C_65RH,30,65,0,99.08,0.141,0.022,0.214,2.27,,4.9,0
STAB-013,suspensie,30C_65RH,30,65,1,98.49,0.101,0.004,0.147,2.31,,4.7,0
STAB-013,suspensie,30C_65RH,30,65,2,98.44,0.136,0.035,0.264,2.26,,5.0,0
STAB-013,suspensie,30C_65RH,30,65,3,98.18,0.162,0.024,0.241,2.09,,4.6,0
STAB-013,suspensie,30C_65RH,30,65,6,97.6,0.204,0.043,0.286,2.41,,4.4,0
STAB-013,suspensie,30C_65RH,30,65,9,96.88,0.255,0.041,0.368,2.43,,4.4,0
STAB-013,suspensie,30C_65RH,30,65,12,96.25,0.228,0.06,0.29,2.49,,5.0,0
STAB-013,suspensie,30C_65RH,30,65,18,95.04,0.337,0.1,0.516,2.71,,5.0,0
STAB-013,suspensie,30C_65RH,30,65,24,93.53,0.412,0.122,0.552,2.87,,5.0,1
STAB-013,suspensie,30C_65RH,30,65,36,90.91,0.562,0.175,0.737,2.97,,5.0,1
STAB-013,suspensie,40C_75RH,40,75,0,99.12,0.133,0.024,0.159,2.21,,4.7,0
STAB-013,suspensie,40C_75RH,40,75,1,98.59,0.167,0.025,0.221,2.35,,4.7,0
STAB-013,suspensie,40C_75RH,40,75,2,98.37,0.192,0.036,0.24,2.4,,4.8,0
STAB-013,suspensie,40C_75RH,40,75,3,97.81,0.181,0.036,0.294,2.3,,5.0,0
STAB-013,suspensie,40C_75RH,40,75,6,96.74,0.251,0.028,0.363,2.43,,5.0,0
STAB-013,suspensie,40C_75RH,40,75,9,95.53,0.295,0.093,0.413,2.42,,5.0,0
STAB-013,suspensie,40C_75RH,40,75,12,94.53,0.351,0.12,0.544,2.4,,5.0,1
STAB-013,suspensie,40C_75RH,40,75,18,92.33,0.46,0.163,0.643,2.79,,4.8,1
STAB-013,suspensie,40C_75RH,40,75,24,90.38,0.627,0.181,0.898,2.87,,4.6,1
STAB-013,suspensie,40C_75RH,40,75,36,86.22,0.82,0.274,1.172,3.05,,4.5,1
STAB-014,suspensie,25C_60RH,25,60,0,99.38,0.108,0.043,0.196,1.78,,4.7,0
STAB-014,suspensie,25C_60RH,25,60,1,99.47,0.09,0.043,0.139,1.97,,4.5,0
STAB-014,suspensie,25C_60RH,25,60,2,98.77,0.107,0.05,0.254,1.88,,4.4,0
STAB-014,suspensie,25C_60RH,25,60,3,98.95,0.106,0.079,0.229,1.84,,4.9,0
STAB-014,suspensie,25C_60RH,25,60,6,97.97,0.099,0.073,0.176,1.84,,5.0,0
STAB-014,suspensie,25C_60RH,25,60,9,97.67,0.192,0.089,0.349,2.31,,5.0,0
STAB-014,suspensie,25C_60RH,25,60,12,97.48,0.163,0.097,0.319,1.98,,5.0,0
STAB-014,suspensie,25C_60RH,25,60,18,95.89,0.258,0.116,0.375,2.18,,5.0,0
STAB-014,suspensie,25C_60RH,25,60,24,94.92,0.289,0.148,0.536,2.35,,4.7,1
STAB-014,suspensie,25C_60RH,25,60,36,93.42,0.414,0.176,0.627,2.66,,4.7,1
STAB-014,suspensie,30C_65RH,30,65,0,99.77,0.074,0.038,0.158,1.85,,5.0,0
STAB-014,suspensie,30C_65RH,30,65,1,99.33,0.077,0.056,0.232,1.59,,5.0,0
STAB-014,suspensie,30C_65RH,30,65,2,98.75,0.108,0.062,0.263,1.84,,5.0,0
STAB-014,suspensie,30C_65RH,30,65,3,98.68,0.097,0.07,0.174,1.91,,5.0,0
STAB-014,suspensie,30C_65RH,30,65,6,97.77,0.128,0.082,0.271,1.99,,5.0,0
STAB-014,suspensie,30C_65RH,30,65,9,97.74,0.182,0.094,0.332,1.96,,5.0,0
STAB-014,suspensie,30C_65RH,30,65,12,96.87,0.199,0.105,0.353,2.26,,4.7,0
STAB-014,suspensie,30C_65RH,30,65,18,95.03,0.28,0.144,0.461,2.33,,4.9,0
STAB-014,suspensie,30C_65RH,30,65,24,94.25,0.333,0.166,0.591,2.32,,5.0,1
STAB-014,suspensie,30C_65RH,30,65,36,91.47,0.557,0.214,0.866,2.76,,4.7,1
STAB-014,suspensie,40C_75RH,40,75,0,99.19,0.054,0.037,0.127,1.84,,5.0,0
STAB-014,suspensie,40C_75RH,40,75,1,99.08,0.114,0.045,0.245,1.92,,4.9,0
STAB-014,suspensie,40C_75RH,40,75,2,98.86,0.119,0.063,0.198,2.04,,4.9,0
STAB-014,suspensie,40C_75RH,40,75,3,98.26,0.168,0.071,0.245,1.95,,5.0,0
STAB-014,suspensie,40C_75RH,40,75,6,96.88,0.199,0.093,0.382,2.12,,5.0,0
STAB-014,suspensie,40C_75RH,40,75,9,96.07,0.26,0.132,0.482,2.14,,4.6,0
STAB-014,suspensie,40C_75RH,40,75,12,94.83,0.3,0.115,0.449,2.18,,4.8,1
STAB-014,suspensie,40C_75RH,40,75,18,92.89,0.441,0.177,0.701,2.28,,4.6,1
STAB-014,suspensie,40C_75RH,40,75,24,90.77,0.532,0.237,0.862,2.32,,5.0,1
STAB-014,suspensie,40C_75RH,40,75,36,86.67,0.78,0.335,1.117,2.73,,4.5,1
STAB-015,suspensie,25C_60RH,25,60,0,99.05,0.079,0.035,0.206,2.06,,4.8,0
STAB-015,suspensie,25C_60RH,25,60,1,98.94,0.132,0.051,0.24,1.96,,4.9,0
STAB-015,suspensie,25C_60RH,25,60,2,99.06,0.111,0.046,0.227,2.06,,4.7,0
STAB-015,suspensie,25C_60RH,25,60,3,98.61,0.107,0.041,0.235,1.97,,4.9,0
STAB-015,suspensie,25C_60RH,25,60,6,98.15,0.146,0.072,0.223,2.17,,5.0,0
STAB-015,suspensie,25C_60RH,25,60,9,97.88,0.145,0.073,0.301,2.09,,4.7,0
STAB-015,suspensie,25C_60RH,25,60,12,97.29,0.195,0.085,0.371,2.13,,5.0,0
STAB-015,suspensie,25C_60RH,25,60,18,96.17,0.276,0.106,0.395,2.32,,5.0,0
STAB-015,suspensie,25C_60RH,25,60,24,95.2,0.311,0.148,0.488,2.52,,5.0,0
STAB-015,suspensie,25C_60RH,25,60,36,93.06,0.404,0.191,0.619,2.65,,4.7,1
STAB-015,suspensie,30C_65RH,30,65,0,99.53,0.041,0.029,0.143,1.89,,5.0,0
STAB-015,suspensie,30C_65RH,30,65,1,99.36,0.081,0.048,0.168,2.02,,4.8,0
STAB-015,suspensie,30C_65RH,30,65,2,99.04,0.111,0.057,0.233,1.96,,5.0,0
STAB-015,suspensie,30C_65RH,30,65,3,98.47,0.123,0.049,0.244,2.11,,4.6,0
STAB-015,suspensie,30C_65RH,30,65,6,97.9,0.159,0.079,0.25,2.24,,4.8,0
STAB-015,suspensie,30C_65RH,30,65,9,97.23,0.193,0.085,0.356,2.24,,4.8,0
STAB-015,suspensie,30C_65RH,30,65,12,96.58,0.22,0.094,0.404,2.22,,4.8,0
STAB-015,suspensie,30C_65RH,30,65,18,95.27,0.26,0.103,0.429,2.41,,5.0,0
STAB-015,suspensie,30C_65RH,30,65,24,93.99,0.381,0.128,0.548,2.51,,5.0,1
STAB-015,suspensie,30C_65RH,30,65,36,91.43,0.496,0.221,0.733,2.82,,5.0,1
STAB-015,suspensie,40C_75RH,40,75,0,99.22,0.08,0.055,0.175,2.0,,4.6,0
STAB-015,suspensie,40C_75RH,40,75,1,98.64,0.113,0.051,0.182,2.12,,5.0,0
STAB-015,suspensie,40C_75RH,40,75,2,98.95,0.145,0.058,0.215,2.0,,5.0,0
STAB-015,suspensie,40C_75RH,40,75,3,98.62,0.103,0.085,0.231,2.06,,5.0,0
STAB-015,suspensie,40C_75RH,40,75,6,97.21,0.2,0.09,0.304,2.25,,4.8,0
STAB-015,suspensie,40C_75RH,40,75,9,96.12,0.223,0.134,0.408,2.17,,4.7,0
STAB-015,suspensie,40C_75RH,40,75,12,94.98,0.31,0.126,0.482,2.17,,5.0,1
STAB-015,suspensie,40C_75RH,40,75,18,92.84,0.431,0.194,0.676,2.45,,5.0,1
STAB-015,suspensie,40C_75RH,40,75,24,90.45,0.545,0.228,0.864,2.65,,4.8,1
STAB-015,suspensie,40C_75RH,40,75,36,86.66,0.799,0.33,1.158,2.82,,4.6,1
STAB-016,suspensie,25C_60RH,25,60,0,99.35,0.056,0.033,0.176,1.38,,4.8,0
STAB-016,suspensie,25C_60RH,25,60,1,99.31,0.035,0.011,0.061,1.56,,5.0,0
STAB-016,suspensie,25C_60RH,25,60,2,99.29,0.046,0.036,0.122,1.53,,5.0,0
STAB-016,suspensie,25C_60RH,25,60,3,98.9,0.097,0.027,0.142,1.64,,4.9,0
STAB-016,suspensie,25C_60RH,25,60,6,98.47,0.123,0.052,0.209,1.73,,4.6,0
STAB-016,suspensie,25C_60RH,25,60,9,97.85,0.161,0.057,0.25,1.57,,4.6,0
STAB-016,suspensie,25C_60RH,25,60,12,97.51,0.158,0.075,0.311,1.53,,5.0,0
STAB-016,suspensie,25C_60RH,25,60,18,96.5,0.256,0.095,0.449,1.8,,4.6,0
STAB-016,suspensie,25C_60RH,25,60,24,95.19,0.269,0.112,0.48,1.85,,4.9,0
STAB-016,suspensie,25C_60RH,25,60,36,93.16,0.382,0.157,0.628,2.31,,5.0,1
STAB-016,suspensie,30C_65RH,30,65,0,99.24,0.013,0.022,0.125,1.38,,4.5,0
STAB-016,suspensie,30C_65RH,30,65,1,99.5,0.063,0.048,0.194,1.37,,5.0,0
STAB-016,suspensie,30C_65RH,30,65,2,98.85,0.058,0.039,0.11,1.36,,5.0,0
STAB-016,suspensie,30C_65RH,30,65,3,98.84,0.093,0.046,0.164,1.56,,5.0,0
STAB-016,suspensie,30C_65RH,30,65,6,97.81,0.108,0.058,0.188,1.57,,4.8,0
STAB-016,suspensie,30C_65RH,30,65,9,97.5,0.149,0.052,0.221,1.77,,5.0,0
STAB-016,suspensie,30C_65RH,30,65,12,96.6,0.202,0.091,0.295,1.67,,4.8,0
STAB-016,suspensie,30C_65RH,30,65,18,95.34,0.293,0.106,0.418,1.79,,4.4,0
STAB-016,suspensie,30C_65RH,30,65,24,94.33,0.363,0.158,0.541,1.95,,4.7,1
STAB-016,suspensie,30C_65RH,30,65,36,91.94,0.508,0.201,0.753,2.12,,4.9,1
STAB-016,suspensie,40C_75RH,40,75,0,99.16,0.074,0.015,0.112,1.27,,5.0,0
STAB-016,suspensie,40C_75RH,40,75,1,99.09,0.073,0.042,0.122,1.51,,4.4,0
STAB-016,suspensie,40C_75RH,40,75,2,98.84,0.109,0.035,0.187,1.49,,4.8,0
STAB-016,suspensie,40C_75RH,40,75,3,98.36,0.114,0.058,0.186,1.59,,4.9,0
STAB-016,suspensie,40C_75RH,40,75,6,97.07,0.188,0.054,0.261,1.65,,4.9,0
STAB-016,suspensie,40C_75RH,40,75,9,96.03,0.21,0.08,0.367,1.65,,5.0,0
STAB-016,suspensie,40C_75RH,40,75,12,94.94,0.293,0.123,0.505,1.77,,4.9,1
STAB-016,suspensie,40C_75RH,40,75,18,92.74,0.373,0.177,0.613,2.01,,4.8,1
STAB-016,suspensie,40C_75RH,40,75,24,90.77,0.499,0.212,0.721,2.18,,5.0,1
STAB-016,suspensie,40C_75RH,40,75,36,86.67,0.743,0.303,1.12,2.33,,5.0,1
STAB-017,capsule,25C_60RH,25,60,0,99.97,0.131,0.021,0.18,2.68,95.2,5.0,0
STAB-017,capsule,25C_60RH,25,60,1,99.97,0.115,0.017,0.159,2.5,95.5,5.0,0
STAB-017,capsule,25C_60RH,25,60,2,100.09,0.133,0.022,0.207,2.75,97.1,5.0,0
STAB-017,capsule,25C_60RH,25,60,3,99.8,0.142,0.033,0.243,2.86,92.9,5.0,0
STAB-017,capsule,25C_60RH,25,60,6,99.54,0.165,0.045,0.305,2.94,94.7,5.0,0
STAB-017,capsule,25C_60RH,25,60,9,99.06,0.208,0.047,0.28,2.87,97.3,4.8,0
STAB-017,capsule,25C_60RH,25,60,12,99.19,0.21,0.057,0.312,3.13,96.1,5.0,0
STAB-017,capsule,25C_60RH,25,60,18,97.73,0.232,0.069,0.367,3.07,95.0,4.8,0
STAB-017,capsule,25C_60RH,25,60,24,97.34,0.286,0.06,0.412,3.18,96.2,5.0,0
STAB-017,capsule,25C_60RH,25,60,36,95.95,0.387,0.119,0.537,3.53,96.6,4.6,0
STAB-017,capsule,30C_65RH,30,65,0,99.99,0.129,0.031,0.162,2.88,95.2,5.0,0
STAB-017,capsule,30C_65RH,30,65,1,100.12,0.126,0.018,0.146,2.83,93.4,5.0,0
STAB-017,capsule,30C_65RH,30,65,2,100.06,0.159,0.015,0.183,2.67,96.1,5.0,0
STAB-017,capsule,30C_65RH,30,65,3,99.79,0.155,0.027,0.278,2.76,94.0,4.9,0
STAB-017,capsule,30C_65RH,30,65,6,99.01,0.193,0.042,0.309,2.76,94.6,4.7,0
STAB-017,capsule,30C_65RH,30,65,9,98.91,0.224,0.046,0.29,2.89,94.1,5.0,0
STAB-017,capsule,30C_65RH,30,65,12,98.05,0.222,0.045,0.31,2.96,95.4,4.9,0
STAB-017,capsule,30C_65RH,30,65,18,97.01,0.297,0.082,0.473,3.24,93.5,4.3,0
STAB-017,capsule,30C_65RH,30,65,24,95.78,0.344,0.084,0.48,3.31,91.0,4.5,0
STAB-017,capsule,30C_65RH,30,65,36,94.22,0.415,0.142,0.597,3.54,95.5,4.7,1
STAB-017,capsule,40C_75RH,40,75,0,99.94,0.123,0.008,0.187,2.87,96.1,4.9,0
STAB-017,capsule,40C_75RH,40,75,1,100.06,0.149,0.019,0.2,2.75,94.2,5.0,0
STAB-017,capsule,40C_75RH,40,75,2,99.4,0.185,0.039,0.284,2.98,96.2,4.7,0
STAB-017,capsule,40C_75RH,40,75,3,99.37,0.162,0.053,0.292,2.86,95.0,4.8,0
STAB-017,capsule,40C_75RH,40,75,6,98.52,0.232,0.058,0.321,2.97,93.0,5.0,0
STAB-017,capsule,40C_75RH,40,75,9,97.71,0.249,0.071,0.344,2.98,97.4,5.0,0
STAB-017,capsule,40C_75RH,40,75,12,96.9,0.307,0.09,0.482,3.02,96.5,5.0,0
STAB-017,capsule,40C_75RH,40,75,18,95.66,0.365,0.137,0.536,3.17,92.5,4.8,0
STAB-017,capsule,40C_75RH,40,75,24,93.31,0.477,0.141,0.714,3.56,95.3,5.0,1
STAB-017,capsule,40C_75RH,40,75,36,90.85,0.632,0.217,0.855,3.65,92.2,4.9,1
STAB-018,tablet,25C_60RH,25,60,0,100.84,0.128,0.02,0.158,2.28,97.1,5.0,0
STAB-018,tablet,25C_60RH,25,60,1,100.58,0.098,0.017,0.144,2.16,94.5,5.0,0
STAB-018,tablet,25C_60RH,25,60,2,100.65,0.13,0.043,0.259,2.18,98.6,4.6,0
STAB-018,tablet,25C_60RH,25,60,3,100.3,0.174,0.016,0.23,2.15,97.2,4.7,0
STAB-018,tablet,25C_60RH,25,60,6,100.18,0.168,0.053,0.266,2.14,92.2,5.0,0
STAB-018,tablet,25C_60RH,25,60,9,99.89,0.194,0.054,0.271,2.27,96.3,4.9,0
STAB-018,tablet,25C_60RH,25,60,12,99.1,0.19,0.045,0.33,2.45,95.1,5.0,0
STAB-018,tablet,25C_60RH,25,60,18,98.75,0.204,0.053,0.326,2.53,93.2,5.0,0
STAB-018,tablet,25C_60RH,25,60,24,98.34,0.263,0.075,0.344,2.68,94.1,5.0,0
STAB-018,tablet,25C_60RH,25,60,36,97.19,0.309,0.094,0.472,2.9,94.8,4.7,0
STAB-018,tablet,30C_65RH,30,65,0,101.17,0.166,0.037,0.282,2.03,95.8,5.0,0
STAB-018,tablet,30C_65RH,30,65,1,100.03,0.167,0.025,0.212,2.16,93.6,4.9,0
STAB-018,tablet,30C_65RH,30,65,2,100.77,0.115,0.04,0.179,2.27,96.4,4.9,0
STAB-018,tablet,30C_65RH,30,65,3,100.35,0.206,0.03,0.254,2.16,97.1,5.0,0
STAB-018,tablet,30C_65RH,30,65,6,100.23,0.153,0.035,0.208,2.39,91.2,4.7,0
STAB-018,tablet,30C_65RH,30,65,9,99.71,0.186,0.045,0.259,2.21,97.5,5.0,0
STAB-018,tablet,30C_65RH,30,65,12,98.86,0.164,0.058,0.283,2.43,96.9,4.7,0
STAB-018,tablet,30C_65RH,30,65,18,98.22,0.248,0.065,0.355,2.47,96.1,4.4,0
STAB-018,tablet,30C_65RH,30,65,24,97.64,0.284,0.104,0.394,2.73,96.2,4.1,0
STAB-018,tablet,30C_65RH,30,65,36,96.27,0.331,0.129,0.478,2.7,95.3,4.1,0
STAB-018,tablet,40C_75RH,40,75,0,100.8,0.101,0.024,0.206,2.19,97.8,5.0,0
STAB-018,tablet,40C_75RH,40,75,1,100.49,0.154,0.032,0.258,2.16,92.3,5.0,0
STAB-018,tablet,40C_75RH,40,75,2,100.48,0.152,0.035,0.199,2.13,94.5,4.2,0
STAB-018,tablet,40C_75RH,40,75,3,100.33,0.146,0.031,0.263,2.23,95.9,4.6,0
STAB-018,tablet,40C_75RH,40,75,6,99.45,0.166,0.055,0.304,2.23,95.5,4.1,0
STAB-018,tablet,40C_75RH,40,75,9,98.62,0.197,0.069,0.306,2.29,93.8,5.0,0
STAB-018,tablet,40C_75RH,40,75,12,97.78,0.255,0.078,0.385,2.41,95.4,5.0,0
STAB-018,tablet,40C_75RH,40,75,18,96.73,0.325,0.1,0.464,2.68,95.8,4.8,0
STAB-018,tablet,40C_75RH,40,75,24,95.26,0.358,0.12,0.5,2.93,97.8,5.0,0
STAB-018,tablet,40C_75RH,40,75,36,92.94,0.49,0.164,0.749,2.96,95.7,5.0,1
STAB-019,capsule,25C_60RH,25,60,0,100.24,0.108,0.041,0.172,2.19,96.8,5.0,0
STAB-019,capsule,25C_60RH,25,60,1,100.19,0.089,0.051,0.163,1.92,92.8,5.0,0
STAB-019,capsule,25C_60RH,25,60,2,100.0,0.086,0.024,0.202,2.02,94.9,5.0,0
STAB-019,capsule,25C_60RH,25,60,3,99.69,0.097,0.05,0.187,2.07,95.2,5.0,0
STAB-019,capsule,25C_60RH,25,60,6,99.28,0.09,0.057,0.209,1.89,95.3,5.0,0
STAB-019,capsule,25C_60RH,25,60,9,98.64,0.097,0.074,0.264,2.18,94.3,5.0,0
STAB-019,capsule,25C_60RH,25,60,12,98.77,0.193,0.077,0.291,2.2,94.6,4.8,0
STAB-019,capsule,25C_60RH,25,60,18,97.96,0.243,0.076,0.364,2.36,93.7,5.0,0
STAB-019,capsule,25C_60RH,25,60,24,96.7,0.276,0.085,0.447,2.45,94.1,4.6,0
STAB-019,capsule,25C_60RH,25,60,36,95.37,0.334,0.116,0.481,2.7,95.2,5.0,0
STAB-019,capsule,30C_65RH,30,65,0,100.26,0.088,0.033,0.127,2.07,92.7,4.6,0
STAB-019,capsule,30C_65RH,30,65,1,99.75,0.12,0.059,0.236,1.81,95.2,5.0,0
STAB-019,capsule,30C_65RH,30,65,2,99.66,0.113,0.038,0.233,2.0,96.1,5.0,0
STAB-019,capsule,30C_65RH,30,65,3,99.61,0.122,0.044,0.175,1.95,94.8,4.6,0
STAB-019,capsule,30C_65RH,30,65,6,99.22,0.116,0.058,0.179,2.19,93.3,5.0,0
STAB-019,capsule,30C_65RH,30,65,9,99.02,0.125,0.071,0.263,2.2,94.1,5.0,0
STAB-019,capsule,30C_65RH,30,65,12,98.4,0.211,0.073,0.374,2.17,90.7,5.0,0
STAB-019,capsule,30C_65RH,30,65,18,97.4,0.247,0.1,0.442,2.48,95.3,4.9,0
STAB-019,capsule,30C_65RH,30,65,24,96.66,0.339,0.117,0.516,2.59,95.2,5.0,0
STAB-019,capsule,30C_65RH,30,65,36,94.42,0.393,0.161,0.594,2.93,93.2,4.8,1
STAB-019,capsule,40C_75RH,40,75,0,100.08,0.079,0.045,0.173,2.04,96.5,4.7,0
STAB-019,capsule,40C_75RH,40,75,1,99.88,0.089,0.034,0.155,1.97,95.7,4.6,0
STAB-019,capsule,40C_75RH,40,75,2,99.47,0.131,0.077,0.28,2.1,93.9,5.0,0
STAB-019,capsule,40C_75RH,40,75,3,99.4,0.107,0.052,0.166,2.2,95.4,4.7,0
STAB-019,capsule,40C_75RH,40,75,6,98.26,0.196,0.071,0.277,2.11,93.3,5.0,0
STAB-019,capsule,40C_75RH,40,75,9,97.77,0.198,0.109,0.332,2.22,94.3,5.0,0
STAB-019,capsule,40C_75RH,40,75,12,97.1,0.248,0.112,0.438,2.25,94.5,5.0,0
STAB-019,capsule,40C_75RH,40,75,18,95.51,0.35,0.14,0.495,2.4,94.5,5.0,0
STAB-019,capsule,40C_75RH,40,75,24,93.52,0.444,0.183,0.669,2.52,94.6,4.9,1
STAB-019,capsule,40C_75RH,40,75,36,90.56,0.612,0.248,0.942,2.8,95.7,4.3,1
STAB-020,suspensie,25C_60RH,25,60,0,101.02,0.122,0.027,0.22,2.16,,4.8,0
STAB-020,suspensie,25C_60RH,25,60,1,100.85,0.131,0.042,0.218,2.26,,5.0,0
STAB-020,suspensie,25C_60RH,25,60,2,100.34,0.141,0.044,0.278,2.28,,5.0,0
STAB-020,suspensie,25C_60RH,25,60,3,100.31,0.156,0.048,0.301,2.05,,4.8,0
STAB-020,suspensie,25C_60RH,25,60,6,99.59,0.205,0.062,0.347,2.21,,4.7,0
STAB-020,suspensie,25C_60RH,25,60,9,99.26,0.194,0.054,0.291,2.32,,5.0,0
STAB-020,suspensie,25C_60RH,25,60,12,98.84,0.238,0.092,0.354,2.47,,5.0,0
STAB-020,suspensie,25C_60RH,25,60,18,97.28,0.33,0.099,0.449,2.54,,5.0,0
STAB-020,suspensie,25C_60RH,25,60,24,96.42,0.345,0.112,0.544,2.8,,5.0,0
STAB-020,suspensie,25C_60RH,25,60,36,94.67,0.468,0.168,0.733,2.96,,5.0,1
STAB-020,suspensie,30C_65RH,30,65,0,100.82,0.143,0.039,0.214,2.26,,5.0,0
STAB-020,suspensie,30C_65RH,30,65,1,100.66,0.144,0.045,0.198,2.2,,5.0,0
STAB-020,suspensie,30C_65RH,30,65,2,100.6,0.162,0.03,0.259,2.08,,5.0,0
STAB-020,suspensie,30C_65RH,30,65,3,100.14,0.131,0.056,0.242,2.35,,4.9,0
STAB-020,suspensie,30C_65RH,30,65,6,99.44,0.167,0.063,0.278,2.51,,4.7,0
STAB-020,suspensie,30C_65RH,30,65,9,98.96,0.258,0.067,0.386,2.32,,5.0,0
STAB-020,suspensie,30C_65RH,30,65,12,98.27,0.255,0.077,0.397,2.52,,5.0,0
STAB-020,suspensie,30C_65RH,30,65,18,96.99,0.333,0.111,0.509,2.48,,4.7,0
STAB-020,suspensie,30C_65RH,30,65,24,95.16,0.372,0.149,0.542,2.84,,5.0,0
STAB-020,suspensie,30C_65RH,30,65,36,92.54,0.531,0.204,0.747,2.94,,4.8,1
STAB-020,suspensie,40C_75RH,40,75,0,100.97,0.137,0.041,0.245,2.15,,4.8,0
STAB-020,suspensie,40C_75RH,40,75,1,100.73,0.16,0.025,0.206,2.2,,5.0,0
STAB-020,suspensie,40C_75RH,40,75,2,99.88,0.183,0.052,0.332,2.4,,4.9,0
STAB-020,suspensie,40C_75RH,40,75,3,99.79,0.194,0.058,0.259,2.16,,5.0,0
STAB-020,suspensie,40C_75RH,40,75,6,98.61,0.239,0.086,0.406,2.29,,5.0,0
STAB-020,suspensie,40C_75RH,40,75,9,97.58,0.299,0.098,0.428,2.55,,5.0,0
STAB-020,suspensie,40C_75RH,40,75,12,96.28,0.338,0.135,0.506,2.47,,5.0,0
STAB-020,suspensie,40C_75RH,40,75,18,94.35,0.494,0.165,0.743,2.51,,4.4,1
STAB-020,suspensie,40C_75RH,40,75,24,92.19,0.596,0.208,0.824,2.68,,5.0,1
STAB-020,suspensie,40C_75RH,40,75,36,87.93,0.802,0.32,1.135,3.12,,4.9,1
STAB-021,tablet,25C_60RH,25,60,0,99.35,0.056,0.04,0.115,1.57,98.1,5.0,0
STAB-021,tablet,25C_60RH,25,60,1,99.43,0.1,0.03,0.174,1.5,94.5,4.5,0
STAB-021,tablet,25C_60RH,25,60,2,99.18,0.11,0.036,0.158,1.49,98.3,5.0,0
STAB-021,tablet,25C_60RH,25,60,3,99.44,0.131,0.047,0.245,1.74,98.6,5.0,0
STAB-021,tablet,25C_60RH,25,60,6,99.26,0.105,0.037,0.217,1.7,97.0,4.5,0
STAB-021,tablet,25C_60RH,25,60,9,98.84,0.155,0.033,0.276,1.76,95.6,5.0,0
STAB-021,tablet,25C_60RH,25,60,12,98.59,0.177,0.058,0.237,1.62,94.2,5.0,0
STAB-021,tablet,25C_60RH,25,60,18,98.68,0.206,0.057,0.284,1.9,96.7,4.8,0
STAB-021,tablet,25C_60RH,25,60,24,97.34,0.219,0.057,0.363,1.85,98.1,4.9,0
STAB-021,tablet,25C_60RH,25,60,36,96.54,0.28,0.104,0.422,2.13,93.6,4.9,0
STAB-021,tablet,30C_65RH,30,65,0,99.88,0.12,0.035,0.21,1.78,95.4,5.0,0
STAB-021,tablet,30C_65RH,30,65,1,99.83,0.151,0.045,0.197,1.53,93.0,5.0,0
STAB-021,tablet,30C_65RH,30,65,2,100.13,0.112,0.042,0.183,1.69,95.4,5.0,0
STAB-021,tablet,30C_65RH,30,65,3,99.35,0.124,0.034,0.248,1.58,94.3,5.0,0
STAB-021,tablet,30C_65RH,30,65,6,98.47,0.159,0.046,0.242,1.59,92.1,4.6,0
STAB-021,tablet,30C_65RH,30,65,9,98.27,0.192,0.061,0.289,1.71,100.3,5.0,0
STAB-021,tablet,30C_65RH,30,65,12,98.15,0.198,0.052,0.344,1.73,99.3,5.0,0
STAB-021,tablet,30C_65RH,30,65,18,97.36,0.265,0.075,0.418,1.87,97.7,5.0,0
STAB-021,tablet,30C_65RH,30,65,24,96.49,0.259,0.084,0.407,2.1,91.8,5.0,0
STAB-021,tablet,30C_65RH,30,65,36,95.66,0.337,0.138,0.556,2.26,93.9,4.6,0
STAB-021,tablet,40C_75RH,40,75,0,99.98,0.085,0.034,0.156,1.53,93.0,4.6,0
STAB-021,tablet,40C_75RH,40,75,1,99.61,0.124,0.039,0.207,1.49,95.0,5.0,0
STAB-021,tablet,40C_75RH,40,75,2,99.55,0.121,0.035,0.161,1.69,99.5,5.0,0
STAB-021,tablet,40C_75RH,40,75,3,99.29,0.145,0.042,0.229,1.61,93.3,4.6,0
STAB-021,tablet,40C_75RH,40,75,6,98.44,0.136,0.041,0.265,1.6,96.4,4.9,0
STAB-021,tablet,40C_75RH,40,75,9,97.82,0.203,0.057,0.346,1.77,96.7,5.0,0
STAB-021,tablet,40C_75RH,40,75,12,97.34,0.246,0.073,0.414,1.88,92.5,4.7,0
STAB-021,tablet,40C_75RH,40,75,18,96.39,0.281,0.109,0.404,1.96,93.2,4.6,0
STAB-021,tablet,40C_75RH,40,75,24,95.14,0.355,0.15,0.593,2.22,96.3,5.0,0
STAB-021,tablet,40C_75RH,40,75,36,92.66,0.462,0.183,0.714,2.28,95.4,5.0,1
STAB-022,capsule,25C_60RH,25,60,0,99.18,0.159,0.038,0.235,2.37,91.8,5.0,0
STAB-022,capsule,25C_60RH,25,60,1,98.51,0.161,0.038,0.285,2.36,95.2,5.0,0
STAB-022,capsule,25C_60RH,25,60,2,98.61,0.133,0.017,0.199,2.66,97.4,4.9,0
STAB-022,capsule,25C_60RH,25,60,3,98.77,0.152,0.036,0.201,2.48,95.1,5.0,0
STAB-022,capsule,25C_60RH,25,60,6,98.58,0.191,0.037,0.305,2.48,91.7,5.0,0
STAB-022,capsule,25C_60RH,25,60,9,98.06,0.181,0.047,0.257,2.5,92.6,5.0,0
STAB-022,capsule,25C_60RH,25,60,12,97.69,0.259,0.06,0.399,2.61,93.5,5.0,0
STAB-022,capsule,25C_60RH,25,60,18,96.61,0.286,0.064,0.417,2.78,95.8,4.8,0
STAB-022,capsule,25C_60RH,25,60,24,95.9,0.306,0.072,0.404,2.87,95.2,4.5,0
STAB-022,capsule,25C_60RH,25,60,36,94.67,0.36,0.113,0.523,3.1,96.3,5.0,1
STAB-022,capsule,30C_65RH,30,65,0,99.33,0.137,0.04,0.257,2.56,96.4,5.0,0
STAB-022,capsule,30C_65RH,30,65,1,98.91,0.149,0.046,0.199,2.5,94.4,5.0,0
STAB-022,capsule,30C_65RH,30,65,2,98.49,0.164,0.038,0.21,2.36,95.1,5.0,0
STAB-022,capsule,30C_65RH,30,65,3,98.98,0.204,0.037,0.309,2.4,94.1,4.9,0
STAB-022,capsule,30C_65RH,30,65,6,97.88,0.177,0.041,0.272,2.56,92.3,4.6,0
STAB-022,capsule,30C_65RH,30,65,9,97.56,0.214,0.067,0.352,2.44,95.3,5.0,0
STAB-022,capsule,30C_65RH,30,65,12,97.39,0.251,0.072,0.406,2.81,93.1,5.0,0
STAB-022,capsule,30C_65RH,30,65,18,96.11,0.276,0.083,0.37,2.91,95.0,4.7,0
STAB-022,capsule,30C_65RH,30,65,24,95.27,0.301,0.094,0.403,3.05,94.2,4.4,0
STAB-022,capsule,30C_65RH,30,65,36,93.3,0.459,0.165,0.695,3.29,97.2,4.8,1
STAB-022,capsule,40C_75RH,40,75,0,99.22,0.129,0.042,0.262,2.3,97.5,4.8,0
STAB-022,capsule,40C_75RH,40,75,1,99.03,0.163,0.061,0.228,2.33,93.1,5.0,0
STAB-022,capsule,40C_75RH,40,75,2,98.61,0.167,0.038,0.248,2.28,92.2,4.7,0
STAB-022,capsule,40C_75RH,40,75,3,98.28,0.168,0.078,0.307,2.37,93.3,4.9,0
STAB-022,capsule,40C_75RH,40,75,6,97.18,0.21,0.05,0.337,2.73,93.4,4.5,0
STAB-022,capsule,40C_75RH,40,75,9,96.5,0.273,0.08,0.403,2.56,94.7,4.8,0
STAB-022,capsule,40C_75RH,40,75,12,95.78,0.289,0.104,0.489,2.48,93.1,4.5,0
STAB-022,capsule,40C_75RH,40,75,18,94.41,0.376,0.114,0.561,2.89,93.3,4.7,1
STAB-022,capsule,40C_75RH,40,75,24,92.98,0.435,0.162,0.649,2.98,92.4,5.0,1
STAB-022,capsule,40C_75RH,40,75,36,89.94,0.652,0.233,0.936,3.44,95.8,5.0,1
STAB-023,suspensie,25C_60RH,25,60,0,99.16,0.064,0.011,0.116,1.95,,5.0,0
STAB-023,suspensie,25C_60RH,25,60,1,99.16,0.054,0.012,0.126,2.11,,4.8,0
STAB-023,suspensie,25C_60RH,25,60,2,99.2,0.091,0.01,0.169,2.33,,4.6,0
STAB-023,suspensie,25C_60RH,25,60,3,98.32,0.059,0.017,0.107,2.01,,4.5,0
STAB-023,suspensie,25C_60RH,25,60,6,98.04,0.128,0.038,0.246,2.22,,4.7,0
STAB-023,suspensie,25C_60RH,25,60,9,97.76,0.125,0.046,0.267,2.33,,4.9,0
STAB-023,suspensie,25C_60RH,25,60,12,96.99,0.186,0.067,0.348,2.29,,4.6,0
STAB-023,suspensie,25C_60RH,25,60,18,96.01,0.21,0.074,0.312,2.21,,5.0,0
STAB-023,suspensie,25C_60RH,25,60,24,95.32,0.259,0.092,0.418,2.57,,5.0,0
STAB-023,suspensie,25C_60RH,25,60,36,93.25,0.396,0.135,0.588,2.61,,4.9,1
STAB-023,suspensie,30C_65RH,30,65,0,99.51,0.038,0.009,0.078,2.18,,5.0,0
STAB-023,suspensie,30C_65RH,30,65,1,98.7,0.067,0.027,0.159,2.24,,5.0,0
STAB-023,suspensie,30C_65RH,30,65,2,98.95,0.081,0.018,0.133,2.15,,5.0,0
STAB-023,suspensie,30C_65RH,30,65,3,98.67,0.104,0.019,0.206,2.27,,4.9,0
STAB-023,suspensie,30C_65RH,30,65,6,98.01,0.135,0.021,0.239,2.48,,4.7,0
STAB-023,suspensie,30C_65RH,30,65,9,97.15,0.16,0.053,0.284,2.21,,5.0,0
STAB-023,suspensie,30C_65RH,30,65,12,96.66,0.19,0.071,0.287,2.42,,5.0,0
STAB-023,suspensie,30C_65RH,30,65,18,95.36,0.229,0.093,0.397,2.37,,5.0,0
STAB-023,suspensie,30C_65RH,30,65,24,94.0,0.347,0.135,0.554,2.67,,4.6,1
STAB-023,suspensie,30C_65RH,30,65,36,91.24,0.505,0.174,0.763,3.0,,4.9,1
STAB-023,suspensie,40C_75RH,40,75,0,99.46,0.066,0.011,0.099,2.32,,5.0,0
STAB-023,suspensie,40C_75RH,40,75,1,99.01,0.105,0.023,0.212,2.05,,5.0,0
STAB-023,suspensie,40C_75RH,40,75,2,98.33,0.073,0.022,0.107,1.9,,4.9,0
STAB-023,suspensie,40C_75RH,40,75,3,97.85,0.134,0.035,0.207,2.14,,4.9,0
STAB-023,suspensie,40C_75RH,40,75,6,96.68,0.155,0.043,0.28,2.27,,5.0,0
STAB-023,suspensie,40C_75RH,40,75,9,95.65,0.216,0.088,0.366,2.43,,5.0,0
STAB-023,suspensie,40C_75RH,40,75,12,94.34,0.278,0.089,0.449,2.35,,5.0,1
STAB-023,suspensie,40C_75RH,40,75,18,92.46,0.425,0.157,0.655,2.33,,5.0,1
STAB-023,suspensie,40C_75RH,40,75,24,90.47,0.515,0.183,0.746,2.65,,5.0,1
STAB-023,suspensie,40C_75RH,40,75,36,86.4,0.751,0.29,1.136,2.92,,5.0,1
STAB-024,suspensie,25C_60RH,25,60,0,100.29,0.055,0.026,0.107,2.41,,5.0,0
STAB-024,suspensie,25C_60RH,25,60,1,100.13,0.051,0.029,0.143,2.59,,5.0,0
STAB-024,suspensie,25C_60RH,25,60,2,99.75,0.083,0.038,0.215,2.56,,4.6,0
STAB-024,suspensie,25C_60RH,25,60,3,99.81,0.09,0.037,0.161,2.61,,4.8,0
STAB-024,suspensie,25C_60RH,25,60,6,99.56,0.152,0.043,0.229,2.63,,5.0,0
STAB-024,suspensie,25C_60RH,25,60,9,98.39,0.12,0.052,0.203,2.7,,4.4,0
STAB-024,suspensie,25C_60RH,25,60,12,97.99,0.154,0.081,0.334,2.74,,5.0,0
STAB-024,suspensie,25C_60RH,25,60,18,96.44,0.21,0.091,0.393,2.84,,5.0,0
STAB-024,suspensie,25C_60RH,25,60,24,95.91,0.248,0.11,0.366,3.11,,4.9,0
STAB-024,suspensie,25C_60RH,25,60,36,93.97,0.379,0.143,0.613,3.32,,4.3,1
STAB-024,suspensie,30C_65RH,30,65,0,100.18,0.037,0.019,0.091,2.4,,5.0,0
STAB-024,suspensie,30C_65RH,30,65,1,99.87,0.099,0.033,0.157,2.56,,4.7,0
STAB-024,suspensie,30C_65RH,30,65,2,99.79,0.08,0.031,0.15,2.3,,5.0,0
STAB-024,suspensie,30C_65RH,30,65,3,99.27,0.094,0.027,0.157,2.4,,4.5,0
STAB-024,suspensie,30C_65RH,30,65,6,98.65,0.107,0.056,0.183,2.42,,5.0,0
STAB-024,suspensie,30C_65RH,30,65,9,97.9,0.155,0.06,0.233,2.62,,4.9,0
STAB-024,suspensie,30C_65RH,30,65,12,97.12,0.166,0.084,0.334,2.67,,5.0,0
STAB-024,suspensie,30C_65RH,30,65,18,95.94,0.268,0.125,0.421,2.77,,5.0,0
STAB-024,suspensie,30C_65RH,30,65,24,94.95,0.346,0.144,0.528,2.78,,4.7,1
STAB-024,suspensie,30C_65RH,30,65,36,91.83,0.469,0.202,0.706,3.13,,5.0,1
STAB-024,suspensie,40C_75RH,40,75,0,99.9,0.036,0.028,0.144,2.54,,4.9,0
STAB-024,suspensie,40C_75RH,40,75,1,99.68,0.069,0.038,0.113,2.55,,4.8,0
STAB-024,suspensie,40C_75RH,40,75,2,99.5,0.06,0.044,0.117,2.64,,5.0,0
STAB-024,suspensie,40C_75RH,40,75,3,98.86,0.092,0.048,0.221,2.58,,4.8,0
STAB-024,suspensie,40C_75RH,40,75,6,97.97,0.189,0.071,0.31,2.68,,5.0,0
STAB-024,suspensie,40C_75RH,40,75,9,96.4,0.221,0.096,0.356,2.6,,5.0,0
STAB-024,suspensie,40C_75RH,40,75,12,95.61,0.293,0.107,0.416,2.77,,5.0,0
STAB-024,suspensie,40C_75RH,40,75,18,93.53,0.402,0.172,0.649,2.94,,5.0,1
STAB-024,suspensie,40C_75RH,40,75,24,91.39,0.535,0.221,0.776,3.17,,4.9,1
STAB-024,suspensie,40C_75RH,40,75,36,87.29,0.718,0.294,1.068,3.31,,4.9,1
STAB-025,capsule,25C_60RH,25,60,0,99.85,0.081,0.032,0.205,1.85,93.2,5.0,0
STAB-025,capsule,25C_60RH,25,60,1,99.69,0.089,0.023,0.181,1.9,97.3,5.0,0
STAB-025,capsule,25C_60RH,25,60,2,99.76,0.07,0.05,0.214,1.87,96.3,4.9,0
STAB-025,capsule,25C_60RH,25,60,3,99.59,0.129,0.053,0.228,2.09,94.5,5.0,0
STAB-025,capsule,25C_60RH,25,60,6,98.7,0.149,0.054,0.261,2.12,93.0,5.0,0
STAB-025,capsule,25C_60RH,25,60,9,98.48,0.095,0.063,0.216,2.21,96.7,4.7,0
STAB-025,capsule,25C_60RH,25,60,12,98.62,0.116,0.087,0.217,2.33,98.0,4.6,0
STAB-025,capsule,25C_60RH,25,60,18,97.43,0.182,0.087,0.328,2.44,95.5,4.7,0
STAB-025,capsule,25C_60RH,25,60,24,96.76,0.255,0.085,0.418,2.53,93.9,5.0,0
STAB-025,capsule,25C_60RH,25,60,36,95.07,0.33,0.139,0.56,2.83,94.1,5.0,0
STAB-025,capsule,30C_65RH,30,65,0,99.98,0.091,0.018,0.142,1.96,94.7,5.0,0
STAB-025,capsule,30C_65RH,30,65,1,99.63,0.07,0.041,0.119,2.08,98.0,5.0,0
STAB-025,capsule,30C_65RH,30,65,2,99.35,0.088,0.059,0.24,2.13,97.7,4.9,0
STAB-025,capsule,30C_65RH,30,65,3,99.37,0.079,0.032,0.203,2.01,93.9,5.0,0
STAB-025,capsule,30C_65RH,30,65,6,98.7,0.133,0.048,0.235,2.12,93.3,4.9,0
STAB-025,capsule,30C_65RH,30,65,9,98.74,0.136,0.089,0.246,2.22,94.6,4.8,0
STAB-025,capsule,30C_65RH,30,65,12,97.83,0.202,0.08,0.372,2.14,95.1,5.0,0
STAB-025,capsule,30C_65RH,30,65,18,96.98,0.254,0.096,0.361,2.22,93.0,4.6,0
STAB-025,capsule,30C_65RH,30,65,24,95.81,0.303,0.098,0.431,2.54,93.5,4.5,0
STAB-025,capsule,30C_65RH,30,65,36,93.71,0.384,0.158,0.577,2.75,93.7,5.0,1
STAB-025,capsule,40C_75RH,40,75,0,99.83,0.061,0.024,0.144,2.03,94.3,5.0,0
STAB-025,capsule,40C_75RH,40,75,1,99.45,0.092,0.044,0.173,2.05,99.1,5.0,0
STAB-025,capsule,40C_75RH,40,75,2,99.09,0.13,0.055,0.198,2.05,94.5,4.6,0
STAB-025,capsule,40C_75RH,40,75,3,98.75,0.127,0.038,0.221,2.05,95.2,5.0,0
STAB-025,capsule,40C_75RH,40,75,6,98.15,0.187,0.067,0.281,2.33,97.9,5.0,0
STAB-025,capsule,40C_75RH,40,75,9,97.01,0.204,0.09,0.35,2.18,95.3,5.0,0
STAB-025,capsule,40C_75RH,40,75,12,96.55,0.279,0.108,0.408,2.24,94.8,4.6,0
STAB-025,capsule,40C_75RH,40,75,18,95.13,0.319,0.135,0.546,2.31,96.1,5.0,0
STAB-025,capsule,40C_75RH,40,75,24,93.31,0.397,0.177,0.644,2.59,91.6,4.5,1
STAB-025,capsule,40C_75RH,40,75,36,90.65,0.618,0.242,0.862,2.6,90.8,5.0,1
STAB-026,tablet,25C_60RH,25,60,0,99.18,0.093,0.047,0.238,2.19,98.2,5.0,0
STAB-026,tablet,25C_60RH,25,60,1,99.26,0.071,0.04,0.189,2.23,92.7,5.0,0
STAB-026,tablet,25C_60RH,25,60,2,98.95,0.061,0.028,0.108,2.14,92.0,4.5,0
STAB-026,tablet,25C_60RH,25,60,3,98.85,0.051,0.051,0.141,2.24,93.3,4.8,0
STAB-026,tablet,25C_60RH,25,60,6,98.54,0.103,0.029,0.186,2.3,95.3,4.9,0
STAB-026,tablet,25C_60RH,25,60,9,98.22,0.101,0.041,0.231,2.25,94.2,5.0,0
STAB-026,tablet,25C_60RH,25,60,12,98.07,0.084,0.05,0.227,2.58,92.9,4.8,0
STAB-026,tablet,25C_60RH,25,60,18,97.29,0.175,0.069,0.338,2.51,95.8,4.6,0
STAB-026,tablet,25C_60RH,25,60,24,97.16,0.146,0.079,0.272,2.77,92.0,5.0,0
STAB-026,tablet,25C_60RH,25,60,36,95.79,0.251,0.117,0.457,2.69,91.9,4.9,0
STAB-026,tablet,30C_65RH,30,65,0,99.32,0.078,0.003,0.107,2.13,96.6,5.0,0
STAB-026,tablet,30C_65RH,30,65,1,99.1,0.051,0.021,0.091,2.18,95.4,5.0,0
STAB-026,tablet,30C_65RH,30,65,2,98.91,0.085,0.029,0.209,2.41,94.4,4.7,0
STAB-026,tablet,30C_65RH,30,65,3,98.86,0.077,0.028,0.119,2.28,92.4,5.0,0
STAB-026,tablet,30C_65RH,30,65,6,98.69,0.041,0.051,0.148,2.21,94.1,5.0,0
STAB-026,tablet,30C_65RH,30,65,9,97.73,0.114,0.05,0.231,2.32,95.2,4.8,0
STAB-026,tablet,30C_65RH,30,65,12,97.36,0.133,0.055,0.235,2.33,96.6,5.0,0
STAB-026,tablet,30C_65RH,30,65,18,97.1,0.166,0.077,0.246,2.64,91.1,5.0,0
STAB-026,tablet,30C_65RH,30,65,24,96.53,0.227,0.097,0.328,2.72,95.4,4.6,0
STAB-026,tablet,30C_65RH,30,65,36,94.95,0.236,0.15,0.47,2.93,95.5,5.0,1
STAB-026,tablet,40C_75RH,40,75,0,99.06,0.06,0.027,0.105,2.13,94.2,4.6,0
STAB-026,tablet,40C_75RH,40,75,1,99.51,0.066,0.043,0.146,2.19,94.0,5.0,0
STAB-026,tablet,40C_75RH,40,75,2,98.54,0.024,0.047,0.086,2.22,96.1,4.8,0
STAB-026,tablet,40C_75RH,40,75,3,99.0,0.102,0.065,0.215,2.25,95.8,5.0,0
STAB-026,tablet,40C_75RH,40,75,6,97.88,0.117,0.062,0.184,2.26,93.5,5.0,0
STAB-026,tablet,40C_75RH,40,75,9,97.53,0.111,0.079,0.21,2.5,94.9,5.0,0
STAB-026,tablet,40C_75RH,40,75,12,96.42,0.179,0.084,0.318,2.44,97.0,5.0,0
STAB-026,tablet,40C_75RH,40,75,18,95.66,0.254,0.111,0.378,2.59,94.1,5.0,0
STAB-026,tablet,40C_75RH,40,75,24,93.93,0.28,0.13,0.487,2.76,95.0,5.0,1
STAB-026,tablet,40C_75RH,40,75,36,91.81,0.424,0.201,0.664,2.94,93.3,4.8,1
STAB-027,suspensie,25C_60RH,25,60,0,100.89,0.133,0.025,0.222,1.62,,4.4,0
STAB-027,suspensie,25C_60RH,25,60,1,100.9,0.149,0.022,0.208,1.81,,5.0,0
STAB-027,suspensie,25C_60RH,25,60,2,100.81,0.165,0.037,0.25,1.88,,5.0,0
STAB-027,suspensie,25C_60RH,25,60,3,100.22,0.178,0.023,0.248,1.81,,4.7,0
STAB-027,suspensie,25C_60RH,25,60,6,99.89,0.207,0.034,0.282,1.88,,4.5,0
STAB-027,suspensie,25C_60RH,25,60,9,99.6,0.195,0.05,0.291,1.92,,5.0,0
STAB-027,suspensie,25C_60RH,25,60,12,98.79,0.206,0.058,0.361,2.13,,5.0,0
STAB-027,suspensie,25C_60RH,25,60,18,97.84,0.27,0.093,0.395,2.09,,4.7,0
STAB-027,suspensie,25C_60RH,25,60,24,96.37,0.351,0.111,0.551,2.07,,5.0,0
STAB-027,suspensie,25C_60RH,25,60,36,94.19,0.457,0.167,0.648,2.49,,5.0,1
STAB-027,suspensie,30C_65RH,30,65,0,100.51,0.12,0.017,0.141,1.69,,5.0,0
STAB-027,suspensie,30C_65RH,30,65,1,100.62,0.161,0.021,0.225,1.71,,5.0,0
STAB-027,suspensie,30C_65RH,30,65,2,100.83,0.151,0.037,0.226,1.85,,4.8,0
STAB-027,suspensie,30C_65RH,30,65,3,100.37,0.148,0.035,0.22,1.73,,4.8,0
STAB-027,suspensie,30C_65RH,30,65,6,99.74,0.19,0.031,0.261,1.89,,4.4,0
STAB-027,suspensie,30C_65RH,30,65,9,98.63,0.224,0.062,0.323,1.94,,5.0,0
STAB-027,suspensie,30C_65RH,30,65,12,98.07,0.245,0.083,0.419,2.01,,5.0,0
STAB-027,suspensie,30C_65RH,30,65,18,96.93,0.356,0.092,0.469,2.09,,4.6,0
STAB-027,suspensie,30C_65RH,30,65,24,95.01,0.371,0.137,0.606,2.04,,5.0,0
STAB-027,suspensie,30C_65RH,30,65,36,92.71,0.513,0.183,0.728,2.4,,4.5,1
STAB-027,suspensie,40C_75RH,40,75,0,101.18,0.163,0.037,0.274,1.52,,5.0,0
STAB-027,suspensie,40C_75RH,40,75,1,100.84,0.145,0.03,0.254,1.63,,5.0,0
STAB-027,suspensie,40C_75RH,40,75,2,100.12,0.173,0.05,0.269,1.64,,4.9,0
STAB-027,suspensie,40C_75RH,40,75,3,99.47,0.177,0.035,0.213,1.88,,5.0,0
STAB-027,suspensie,40C_75RH,40,75,6,98.66,0.215,0.057,0.276,1.9,,5.0,0
STAB-027,suspensie,40C_75RH,40,75,9,97.48,0.305,0.094,0.46,2.09,,5.0,0
STAB-027,suspensie,40C_75RH,40,75,12,96.88,0.347,0.112,0.518,1.94,,5.0,0
STAB-027,suspensie,40C_75RH,40,75,18,93.95,0.499,0.139,0.726,2.09,,5.0,1
STAB-027,suspensie,40C_75RH,40,75,24,91.85,0.566,0.214,0.842,2.27,,5.0,1
STAB-027,suspensie,40C_75RH,40,75,36,87.99,0.822,0.297,1.176,2.66,,4.5,1
STAB-028,suspensie,25C_60RH,25,60,0,99.96,0.074,0.039,0.185,2.35,,5.0,0
STAB-028,suspensie,25C_60RH,25,60,1,99.82,0.077,0.038,0.157,2.47,,5.0,0
STAB-028,suspensie,25C_60RH,25,60,2,99.49,0.072,0.033,0.172,2.55,,4.7,0
STAB-028,suspensie,25C_60RH,25,60,3,99.44,0.063,0.055,0.147,2.23,,4.8,0
STAB-028,suspensie,25C_60RH,25,60,6,99.12,0.124,0.056,0.264,2.63,,4.7,0
STAB-028,suspensie,25C_60RH,25,60,9,97.98,0.112,0.07,0.244,2.57,,4.6,0
STAB-028,suspensie,25C_60RH,25,60,12,98.09,0.196,0.085,0.34,2.65,,5.0,0
STAB-028,suspensie,25C_60RH,25,60,18,96.76,0.207,0.092,0.317,2.79,,5.0,0
STAB-028,suspensie,25C_60RH,25,60,24,95.48,0.247,0.12,0.386,2.79,,5.0,0
STAB-028,suspensie,25C_60RH,25,60,36,93.3,0.359,0.164,0.541,3.34,,4.8,1
STAB-028,suspensie,30C_65RH,30,65,0,99.94,0.04,0.023,0.117,2.29,,5.0,0
STAB-028,suspensie,30C_65RH,30,65,1,99.48,0.089,0.03,0.137,2.23,,5.0,0
STAB-028,suspensie,30C_65RH,30,65,2,99.4,0.082,0.045,0.219,2.49,,5.0,0
STAB-028,suspensie,30C_65RH,30,65,3,99.24,0.082,0.04,0.128,2.25,,4.8,0
STAB-028,suspensie,30C_65RH,30,65,6,98.54,0.115,0.073,0.22,2.64,,4.7,0
STAB-028,suspensie,30C_65RH,30,65,9,97.89,0.149,0.081,0.275,2.64,,4.9,0
STAB-028,suspensie,30C_65RH,30,65,12,97.35,0.193,0.09,0.365,2.61,,4.6,0
STAB-028,suspensie,30C_65RH,30,65,18,95.82,0.274,0.108,0.435,2.89,,4.5,0
STAB-028,suspensie,30C_65RH,30,65,24,94.32,0.31,0.183,0.527,2.96,,4.6,1
STAB-028,suspensie,30C_65RH,30,65,36,92.09,0.444,0.219,0.735,3.25,,5.0,1
STAB-028,suspensie,40C_75RH,40,75,0,99.97,0.057,0.041,0.127,2.58,,5.0,0
STAB-028,suspensie,40C_75RH,40,75,1,99.77,0.087,0.038,0.179,2.3,,5.0,0
STAB-028,suspensie,40C_75RH,40,75,2,98.8,0.079,0.04,0.157,2.43,,5.0,0
STAB-028,suspensie,40C_75RH,40,75,3,98.33,0.116,0.046,0.231,2.38,,5.0,0
STAB-028,suspensie,40C_75RH,40,75,6,97.64,0.17,0.088,0.347,2.41,,5.0,0
STAB-028,suspensie,40C_75RH,40,75,9,96.58,0.226,0.114,0.353,2.55,,4.6,0
STAB-028,suspensie,40C_75RH,40,75,12,95.63,0.266,0.141,0.43,2.47,,4.7,0
STAB-028,suspensie,40C_75RH,40,75,18,93.12,0.419,0.168,0.649,2.99,,4.9,1
STAB-028,suspensie,40C_75RH,40,75,24,91.07,0.528,0.23,0.777,2.91,,5.0,1
STAB-028,suspensie,40C_75RH,40,75,36,86.92,0.74,0.318,1.15,3.48,,4.9,1
STAB-029,tablet,25C_60RH,25,60,0,99.85,0.085,0.046,0.219,1.43,97.0,4.5,0
STAB-029,tablet,25C_60RH,25,60,1,99.79,0.073,0.038,0.195,1.74,98.2,5.0,0
STAB-029,tablet,25C_60RH,25,60,2,99.55,0.077,0.042,0.198,1.72,94.1,5.0,0
STAB-029,tablet,25C_60RH,25,60,3,99.6,0.074,0.071,0.238,1.75,94.0,5.0,0
STAB-029,tablet,25C_60RH,25,60,6,99.28,0.081,0.06,0.191,1.67,96.9,5.0,0
STAB-029,tablet,25C_60RH,25,60,9,98.9,0.071,0.077,0.213,1.76,92.9,5.0,0
STAB-029,tablet,25C_60RH,25,60,12,98.76,0.118,0.051,0.222,1.75,94.6,4.8,0
STAB-029,tablet,25C_60RH,25,60,18,98.18,0.158,0.066,0.308,2.01,94.5,5.0,0
STAB-029,tablet,25C_60RH,25,60,24,97.51,0.123,0.089,0.299,2.04,92.1,4.8,0
STAB-029,tablet,25C_60RH,25,60,36,96.49,0.231,0.117,0.361,2.46,94.0,4.9,0
STAB-029,tablet,30C_65RH,30,65,0,99.86,0.051,0.05,0.183,1.64,94.2,4.3,0
STAB-029,tablet,30C_65RH,30,65,1,99.54,0.079,0.05,0.144,1.57,92.8,4.9,0
STAB-029,tablet,30C_65RH,30,65,2,99.46,0.073,0.038,0.157,1.57,95.4,4.5,0
STAB-029,tablet,30C_65RH,30,65,3,99.31,0.086,0.061,0.231,1.56,99.1,5.0,0
STAB-029,tablet,30C_65RH,30,65,6,99.18,0.116,0.043,0.204,1.5,97.2,4.8,0
STAB-029,tablet,30C_65RH,30,65,9,98.41,0.132,0.067,0.291,1.88,90.1,4.7,0
STAB-029,tablet,30C_65RH,30,65,12,98.26,0.117,0.077,0.225,1.87,98.3,5.0,0
STAB-029,tablet,30C_65RH,30,65,18,97.43,0.132,0.079,0.25,1.98,97.8,5.0,0
STAB-029,tablet,30C_65RH,30,65,24,96.68,0.193,0.093,0.338,2.22,94.0,4.9,0
STAB-029,tablet,30C_65RH,30,65,36,95.01,0.279,0.132,0.482,2.41,91.8,4.8,0
STAB-029,tablet,40C_75RH,40,75,0,99.99,0.068,0.044,0.138,1.61,95.8,4.9,0
STAB-029,tablet,40C_75RH,40,75,1,99.64,0.095,0.049,0.194,1.53,94.2,5.0,0
STAB-029,tablet,40C_75RH,40,75,2,99.27,0.103,0.055,0.247,1.7,93.2,5.0,0
STAB-029,tablet,40C_75RH,40,75,3,99.23,0.079,0.063,0.147,1.59,92.0,5.0,0
STAB-029,tablet,40C_75RH,40,75,6,98.62,0.15,0.078,0.322,1.83,93.9,5.0,0
STAB-029,tablet,40C_75RH,40,75,9,97.84,0.139,0.08,0.224,1.8,92.1,5.0,0
STAB-029,tablet,40C_75RH,40,75,12,97.62,0.165,0.077,0.249,1.92,94.2,5.0,0
STAB-029,tablet,40C_75RH,40,75,18,95.78,0.263,0.118,0.44,2.09,98.4,4.8,0
STAB-029,tablet,40C_75RH,40,75,24,94.89,0.311,0.14,0.457,2.13,94.7,5.0,1
STAB-029,tablet,40C_75RH,40,75,36,92.23,0.407,0.189,0.603,2.55,95.3,5.0,1
