experiment_id,start_temp_C,eind_temp_C,koelsnelheid_C_min,concentratie_gL,oplosmiddel,zaadkristallen_g,roersnelheid_RPM,anti_solvent_rate_mLmin,gem_kristalgrootte_um,kristalgrootte_CV_pct,opbrengst_pct,polymorf
CRYST-0000,74.8,5.9,0.27,254.9,aceton,1.74,265,5.0,117.3,11.5,88.7,Form_A
CRYST-0001,78.3,13.4,1.23,140.8,methanol,3.2,64,3.1,72.9,31.2,72.0,Form_A
CRYST-0002,63.4,17.9,0.62,260.0,water,0.64,187,3.7,80.1,24.5,84.4,Form_A
CRYST-0003,77.0,23.2,0.52,209.8,aceton,1.17,257,4.8,91.5,14.4,79.8,Form_A
CRYST-0004,77.3,12.9,0.35,169.8,water,0.47,119,7.2,87.0,23.9,76.3,Form_A
CRYST-0005,69.1,19.1,0.94,204.0,methanol,4.31,123,7.8,96.2,23.6,77.1,Form_A
CRYST-0006,62.3,13.7,0.87,169.2,water,3.93,204,1.6,92.7,16.7,71.5,Form_A
CRYST-0007,61.1,21.4,1.54,106.9,aceton,1.7,185,7.5,51.2,30.5,57.9,Form_B
CRYST-0008,72.8,5.4,0.9,215.2,methanol,4.2,210,6.8,109.7,21.4,79.2,Form_A
CRYST-0009,70.0,13.6,1.89,223.5,aceton,0.2,110,7.0,25.6,37.8,70.8,Form_B
CRYST-0010,75.4,21.7,0.96,169.1,methanol,2.52,66,5.6,82.3,27.3,75.2,Form_A
CRYST-0011,76.6,13.6,1.08,106.0,methanol,2.39,95,2.6,90.3,28.3,66.6,Form_A
CRYST-0012,61.7,7.0,1.85,156.5,methanol,1.22,78,3.6,47.1,37.9,66.1,Form_B
CRYST-0013,66.4,16.1,0.31,283.0,ethanol,2.38,52,7.3,94.0,20.9,86.3,Form_A
CRYST-0014,68.5,12.8,0.82,119.2,water,1.65,148,0.6,85.4,22.4,71.3,Form_A
CRYST-0015,69.2,11.2,0.45,131.8,methanol,2.45,135,0.7,124.8,21.1,76.4,Form_A
CRYST-0016,60.5,22.2,1.12,274.5,ethanol,0.62,287,7.6,70.3,23.9,81.0,Form_B
CRYST-0017,68.1,13.8,1.67,155.4,aceton,2.23,154,5.7,64.0,31.0,69.3,Form_B
CRYST-0018,67.2,9.0,1.79,147.4,methanol,3.58,277,1.4,77.4,30.4,63.1,Form_B
CRYST-0019,61.0,7.1,0.17,156.5,aceton,4.56,227,0.6,125.7,12.7,72.5,Form_A
CRYST-0020,64.4,23.6,0.81,277.2,water,3.42,284,5.2,103.3,22.3,84.5,Form_A
CRYST-0021,73.5,19.2,0.81,133.7,aceton,4.3,124,9.5,88.5,23.5,69.7,Form_A
CRYST-0022,66.7,7.4,1.49,238.9,water,0.4,256,7.6,55.1,31.7,80.0,Form_B
CRYST-0023,76.0,6.4,1.67,273.6,methanol,3.1,125,5.9,84.0,35.9,86.9,Form_B
CRYST-0024,64.5,15.8,0.74,297.3,ethanol,0.41,98,8.5,78.5,32.2,89.4,Form_A
CRYST-0025,70.1,12.0,0.99,295.1,aceton,1.85,155,3.2,84.0,23.7,83.9,Form_B
CRYST-0026,76.4,17.3,0.26,278.4,ethanol,4.42,78,5.7,113.0,23.2,89.3,Form_B
CRYST-0027,69.7,17.8,0.26,169.4,methanol,2.76,292,9.3,124.4,11.8,72.4,Form_B
CRYST-0028,80.0,11.7,1.48,243.2,aceton,2.73,170,3.0,66.6,26.4,81.5,Form_B
CRYST-0029,70.7,14.3,1.67,128.6,aceton,1.35,84,1.6,47.4,39.7,65.9,Form_B
CRYST-0030,64.0,22.7,0.63,237.7,water,1.56,67,6.7,70.9,30.6,82.9,Form_B
CRYST-0031,74.8,20.9,1.16,212.6,ethanol,4.46,300,6.9,113.9,21.2,74.7,Form_A
CRYST-0032,72.1,18.6,1.11,294.5,methanol,1.46,208,3.6,75.9,24.8,83.5,Form_A
CRYST-0033,72.5,22.2,1.78,145.4,methanol,1.0,153,0.6,44.8,37.6,66.2,Form_B
CRYST-0034,67.1,19.7,0.23,145.5,aceton,1.37,98,6.0,81.7,23.9,71.2,Form_A
CRYST-0035,65.3,19.3,1.3,277.3,aceton,1.72,134,0.5,72.8,33.8,77.4,Form_A
CRYST-0036,64.3,13.9,0.71,218.3,methanol,3.55,275,2.6,110.0,14.6,82.2,Form_A
CRYST-0037,61.5,13.1,1.56,232.9,methanol,4.51,180,1.2,89.8,27.4,83.0,Form_B
CRYST-0038,66.7,9.9,0.38,169.4,aceton,1.72,121,1.1,95.1,25.0,79.1,Form_A
CRYST-0039,61.6,23.5,1.41,124.2,aceton,0.29,279,0.4,50.7,32.6,64.2,Form_B
CRYST-0040,68.7,17.0,1.77,208.4,aceton,2.43,262,7.4,68.8,27.0,72.5,Form_B
CRYST-0041,64.1,19.5,1.68,210.3,water,4.86,103,9.5,69.6,38.9,72.5,Form_B
CRYST-0042,75.1,6.1,1.91,265.5,ethanol,0.13,167,5.0,48.4,44.4,85.5,Form_B
CRYST-0043,67.3,22.2,0.34,276.0,ethanol,2.48,238,7.8,111.9,16.2,86.2,Form_A
CRYST-0044,71.2,9.0,1.3,197.3,ethanol,4.25,80,4.5,88.2,32.6,78.1,Form_B
CRYST-0045,75.5,18.3,0.23,146.7,methanol,4.46,177,4.5,128.2,18.2,72.6,Form_A
CRYST-0046,66.6,8.4,1.11,237.5,methanol,3.18,140,7.6,79.1,22.3,80.7,Form_B
CRYST-0047,65.8,6.7,0.99,230.6,ethanol,0.08,186,7.1,84.5,25.5,76.6,Form_B
CRYST-0048,62.1,9.9,0.45,211.2,water,1.49,176,1.4,84.2,25.5,79.1,Form_A
CRYST-0049,60.4,12.0,0.23,198.7,aceton,1.29,103,9.2,76.3,19.3,79.1,Form_B
CRYST-0050,70.9,6.6,1.78,137.7,water,3.26,216,9.8,78.0,34.9,71.6,Form_B
CRYST-0051,71.3,10.5,1.23,179.4,methanol,4.83,71,0.7,93.5,26.1,72.8,Form_A
CRYST-0052,67.7,16.8,0.98,258.4,methanol,3.11,122,1.4,94.6,27.2,84.0,Form_B
CRYST-0053,66.4,14.5,0.9,204.7,water,0.86,119,9.5,69.6,33.8,76.7,Form_A
CRYST-0054,79.5,19.5,1.32,182.4,ethanol,2.37,268,5.6,101.1,22.3,75.9,Form_B
CRYST-0055,61.5,16.8,0.73,190.8,ethanol,0.42,298,7.1,95.9,20.3,71.9,Form_B
CRYST-0056,63.9,21.3,1.48,281.0,water,0.96,101,3.8,48.9,40.9,79.1,Form_B
CRYST-0057,75.1,17.8,0.46,227.9,methanol,1.9,196,3.5,108.3,15.0,84.3,Form_B
CRYST-0058,64.2,7.3,0.5,162.6,aceton,2.67,260,6.6,117.6,14.4,77.4,Form_A
CRYST-0059,74.2,19.1,1.82,136.2,ethanol,0.56,105,7.0,63.1,42.8,71.5,Form_B
CRYST-0060,78.8,11.5,0.76,254.0,water,0.88,284,0.6,111.8,16.4,90.1,Form_A
CRYST-0061,74.5,5.5,1.57,239.6,aceton,2.6,180,9.9,73.1,25.3,83.2,Form_B
CRYST-0062,76.1,5.1,0.18,198.9,water,4.17,297,6.8,145.4,10.9,80.8,Form_A
CRYST-0063,75.8,9.5,1.04,216.8,ethanol,3.92,248,0.6,113.6,23.0,77.0,Form_A
CRYST-0064,68.1,8.8,0.95,164.9,ethanol,1.93,184,0.6,126.2,24.1,70.5,Form_B
CRYST-0065,63.2,12.9,0.24,144.6,aceton,0.46,145,9.5,78.2,21.4,71.7,Form_B
CRYST-0066,64.2,23.5,1.45,124.7,water,3.99,249,2.9,80.1,24.9,62.0,Form_B
CRYST-0067,78.7,16.5,0.72,158.7,ethanol,2.38,202,3.1,121.3,22.6,77.1,Form_A
CRYST-0068,61.6,5.2,1.59,134.7,methanol,1.43,177,4.8,62.0,34.0,63.7,Form_B
CRYST-0069,67.5,22.6,0.58,196.0,ethanol,2.61,85,2.0,94.1,28.3,76.3,Form_A
CRYST-0070,72.5,6.0,0.69,295.8,ethanol,2.9,205,0.4,119.5,21.4,94.0,Form_A
CRYST-0071,63.5,24.1,0.31,191.9,methanol,1.51,201,3.2,101.1,20.7,83.3,Form_A
CRYST-0072,62.8,23.3,0.49,100.5,methanol,3.1,169,1.5,113.1,19.0,73.5,Form_A
CRYST-0073,72.4,13.8,1.91,283.2,ethanol,0.06,105,6.1,44.9,48.4,80.3,Form_B
CRYST-0074,77.4,16.2,1.29,180.2,water,1.52,123,1.2,67.1,37.3,77.8,Form_A
CRYST-0075,78.4,12.9,1.64,122.6,water,4.75,115,9.6,76.9,34.7,70.5,Form_B
CRYST-0076,73.7,6.8,0.29,188.6,ethanol,4.07,143,7.7,128.3,14.4,83.9,Form_A
CRYST-0077,74.3,5.3,1.0,243.4,methanol,0.06,153,8.6,63.5,29.3,83.2,Form_B
CRYST-0078,78.8,14.5,0.12,166.4,aceton,2.89,95,6.7,99.0,25.4,78.0,Form_A
CRYST-0079,67.8,23.5,0.26,220.0,methanol,4.0,184,9.2,123.8,14.7,81.7,Form_A
CRYST-0080,79.5,6.1,0.42,126.6,methanol,1.41,237,4.1,112.7,18.8,74.1,Form_A
CRYST-0081,66.1,19.6,1.36,298.2,aceton,2.85,102,1.2,64.8,38.9,79.3,Form_B
CRYST-0082,67.3,7.8,1.1,206.2,water,3.85,293,6.1,99.9,20.7,76.2,Form_B
CRYST-0083,75.2,19.6,1.7,102.0,methanol,1.21,96,8.2,41.1,38.8,64.4,Form_B
CRYST-0084,74.3,14.1,0.96,240.8,aceton,3.88,233,9.0,82.4,19.5,77.0,Form_A
CRYST-0085,67.4,13.8,1.24,218.9,aceton,3.62,220,3.0,82.5,20.4,74.5,Form_B
CRYST-0086,61.0,21.1,1.29,106.8,aceton,0.91,78,0.9,46.8,35.7,60.4,Form_B
CRYST-0087,72.7,8.5,0.24,113.4,methanol,1.91,273,3.7,132.4,11.2,68.6,Form_A
CRYST-0088,72.1,14.1,1.75,138.8,water,3.9,176,4.2,67.9,31.2,68.2,Form_B
CRYST-0089,77.7,6.6,1.02,129.1,methanol,3.18,80,1.0,106.0,29.8,68.3,Form_B
CRYST-0090,66.0,18.8,1.41,215.6,ethanol,2.56,118,4.2,66.8,31.2,76.7,Form_B
CRYST-0091,78.2,9.1,0.94,180.8,ethanol,1.95,127,4.7,104.0,27.7,72.6,Form_B
CRYST-0092,71.5,17.0,1.17,122.5,water,1.67,106,6.7,71.9,34.0,69.8,Form_B
CRYST-0093,64.3,13.6,1.0,100.3,water,2.3,193,1.4,79.9,24.5,65.9,Form_A
CRYST-0094,67.9,22.9,1.35,188.7,aceton,2.08,164,4.3,58.8,26.2,74.6,Form_A
CRYST-0095,64.0,15.2,0.31,292.0,ethanol,1.11,106,10.0,99.8,24.6,88.1,Form_A
CRYST-0096,69.2,21.2,1.32,155.1,methanol,4.01,200,3.1,92.5,23.5,66.1,Form_B
CRYST-0097,69.5,23.1,1.58,137.9,ethanol,4.88,254,2.2,104.1,28.8,66.7,Form_B
CRYST-0098,75.9,6.2,0.23,238.9,ethanol,2.48,266,0.6,148.4,12.7,90.1,Form_A
CRYST-0099,74.9,9.8,1.19,252.2,methanol,4.88,163,0.9,111.6,27.2,86.6,Form_B
CRYST-0100,71.6,7.5,0.24,121.9,aceton,1.83,288,5.2,110.4,9.7,73.0,Form_A
CRYST-0101,70.9,7.4,0.6,132.5,water,1.7,96,3.3,81.8,25.4,74.3,Form_B
CRYST-0102,73.8,5.5,0.57,222.4,aceton,4.51,155,8.1,101.8,21.6,80.7,Form_A
CRYST-0103,63.0,16.1,1.82,171.7,aceton,4.82,173,0.2,63.7,27.8,63.4,Form_B
CRYST-0104,71.7,10.8,0.52,120.1,ethanol,1.36,157,7.8,97.0,26.5,69.3,Form_A
CRYST-0105,78.2,13.4,0.58,220.1,water,4.64,111,8.1,99.3,17.1,81.2,Form_A
CRYST-0106,66.1,17.5,0.92,233.4,ethanol,0.65,228,1.7,78.9,23.4,76.3,Form_A
CRYST-0107,60.5,16.4,0.26,233.3,water,3.36,72,8.5,103.9,21.8,83.2,Form_A
CRYST-0108,60.1,13.9,0.82,189.0,methanol,4.42,198,1.1,107.7,18.1,74.0,Form_A
CRYST-0109,60.7,16.8,1.22,282.2,methanol,2.04,199,5.5,78.0,28.2,78.9,Form_B
CRYST-0110,74.9,8.3,0.4,181.4,aceton,0.76,101,6.0,72.9,26.4,82.6,Form_A
CRYST-0111,77.3,15.1,1.87,164.4,ethanol,4.48,101,6.1,82.9,30.8,70.8,Form_B
CRYST-0112,60.1,24.2,0.71,179.3,water,3.87,256,5.1,89.5,16.9,72.7,Form_B
CRYST-0113,73.9,23.9,0.73,247.8,ethanol,0.31,233,6.5,92.9,19.7,79.5,Form_A
CRYST-0114,66.0,20.9,0.94,218.9,water,2.16,168,4.1,76.4,26.8,74.8,Form_A
CRYST-0115,67.8,17.2,0.61,165.9,methanol,3.63,151,10.0,93.1,18.3,71.2,Form_B
CRYST-0116,78.5,12.6,1.4,203.0,aceton,2.42,248,5.7,78.8,21.6,76.0,Form_B
CRYST-0117,73.7,7.7,0.8,180.3,methanol,4.58,262,1.5,112.9,16.1,75.7,Form_B
CRYST-0118,70.7,22.3,0.64,294.4,methanol,0.19,224,4.8,80.7,22.0,84.4,Form_A
CRYST-0119,69.7,21.1,0.27,204.4,water,3.57,84,8.8,109.5,23.4,77.8,Form_B
CRYST-0120,71.2,13.5,1.44,129.3,ethanol,4.68,138,1.6,86.3,29.0,66.8,Form_A
CRYST-0121,64.7,16.7,1.13,189.2,water,1.24,74,5.7,53.1,32.0,76.0,Form_A
CRYST-0122,73.7,15.9,1.92,148.6,methanol,3.73,237,8.5,79.5,26.7,72.7,Form_B
CRYST-0123,62.4,7.2,0.42,183.9,ethanol,1.84,148,6.6,83.9,19.0,75.3,Form_A
CRYST-0124,75.9,19.8,0.58,139.4,water,1.68,77,2.1,91.6,23.4,73.0,Form_A
CRYST-0125,64.9,11.8,1.8,170.1,methanol,2.61,240,5.3,76.3,31.6,67.9,Form_B
CRYST-0126,60.0,13.6,1.96,274.5,ethanol,3.14,172,6.6,70.9,38.2,76.4,Form_B
CRYST-0127,74.9,16.5,0.4,147.8,aceton,3.41,194,0.3,104.2,14.3,71.9,Form_A
CRYST-0128,76.6,24.4,0.36,230.6,aceton,2.4,66,6.2,78.0,30.5,80.2,Form_A
CRYST-0129,75.1,17.2,1.92,193.1,methanol,4.64,158,7.5,84.8,32.5,75.9,Form_B
CRYST-0130,65.8,10.9,1.93,295.3,water,1.1,100,5.5,44.4,39.6,84.6,Form_B
CRYST-0131,63.2,5.5,1.71,104.7,aceton,4.23,187,4.4,64.9,29.5,58.8,Form_B
CRYST-0132,60.3,11.2,1.21,181.0,aceton,4.19,200,5.5,81.8,27.9,73.3,Form_B
CRYST-0133,61.6,16.5,1.55,207.6,ethanol,0.64,171,0.4,49.5,32.2,74.6,Form_A
CRYST-0134,67.7,15.6,1.58,160.6,ethanol,1.84,92,4.3,78.3,34.3,69.8,Form_A
CRYST-0135,65.7,21.0,0.83,291.8,methanol,2.79,277,1.5,99.4,11.3,80.7,Form_B
CRYST-0136,78.4,5.1,1.31,278.5,ethanol,3.68,207,7.3,92.9,23.4,86.0,Form_A
CRYST-0137,64.6,23.6,1.89,155.2,aceton,4.49,121,8.7,55.2,32.3,65.8,Form_B
CRYST-0138,70.4,21.6,0.85,141.5,aceton,4.85,217,6.9,103.1,18.9,73.1,Form_A
CRYST-0139,79.2,9.5,0.6,107.9,water,1.42,243,4.7,113.4,18.0,67.1,Form_A
CRYST-0140,68.7,7.1,1.54,133.2,methanol,3.47,197,0.7,82.3,25.0,66.7,Form_B
CRYST-0141,78.0,19.5,1.89,262.9,methanol,3.84,121,4.4,68.3,35.6,78.0,Form_B
CRYST-0142,75.6,15.9,1.18,278.0,ethanol,2.06,258,9.0,93.2,21.9,81.3,Form_A
CRYST-0143,66.8,20.4,1.31,146.0,methanol,1.21,85,2.1,65.0,28.6,68.8,Form_B
CRYST-0144,73.5,8.9,0.67,230.1,aceton,3.72,263,7.9,109.9,15.7,81.3,Form_A
CRYST-0145,65.9,16.8,0.85,192.5,water,2.03,60,3.2,86.7,30.7,72.8,Form_A
CRYST-0146,66.2,23.2,1.14,109.0,water,0.95,214,9.3,68.3,28.3,62.5,Form_A
CRYST-0147,73.8,24.6,1.76,127.6,water,0.09,272,7.1,53.3,28.0,58.1,Form_B
CRYST-0148,70.9,20.0,1.78,149.7,ethanol,1.89,177,4.2,70.0,33.4,60.2,Form_B
CRYST-0149,60.1,24.8,1.33,296.6,methanol,0.99,241,0.4,57.4,34.4,83.9,Form_B
CRYST-0150,76.4,24.2,1.17,205.0,ethanol,3.24,217,1.1,94.2,29.2,76.5,Form_B
CRYST-0151,62.0,24.3,1.15,220.1,methanol,3.83,109,7.5,70.6,23.3,78.0,Form_A
CRYST-0152,72.7,13.3,0.14,231.9,ethanol,0.98,194,8.7,114.0,12.5,90.8,Form_A
CRYST-0153,72.7,7.5,1.32,196.1,ethanol,4.82,121,8.9,96.9,29.7,72.7,Form_B
CRYST-0154,65.2,7.7,0.54,259.7,water,0.96,296,9.3,108.7,11.7,87.1,Form_A
CRYST-0155,60.1,6.7,0.65,262.8,ethanol,1.55,257,6.3,94.3,16.4,78.5,Form_A
CRYST-0156,73.9,5.0,1.92,104.1,aceton,1.98,268,1.3,80.6,34.0,62.4,Form_B
CRYST-0157,79.8,12.9,0.61,260.8,water,3.59,294,0.6,121.9,13.4,87.2,Form_A
CRYST-0158,71.1,24.4,1.86,124.8,aceton,4.21,73,2.2,58.2,29.8,65.4,Form_B
CRYST-0159,77.9,6.6,1.05,275.8,ethanol,2.85,112,2.6,93.5,28.8,87.1,Form_B
CRYST-0160,75.7,15.7,0.28,104.5,methanol,0.41,201,9.2,92.9,20.1,70.6,Form_A
CRYST-0161,69.2,21.5,0.41,245.7,ethanol,4.52,51,7.8,107.7,25.0,83.5,Form_A
CRYST-0162,70.9,24.2,0.42,294.3,methanol,1.35,87,4.1,73.7,24.4,86.3,Form_B
CRYST-0163,73.6,18.1,0.68,133.9,aceton,3.26,156,4.1,106.1,30.6,71.0,Form_B
CRYST-0164,75.3,23.0,0.81,261.4,aceton,4.13,234,0.3,114.7,17.6,82.4,Form_A
CRYST-0165,64.0,14.4,0.98,161.8,ethanol,4.32,263,9.4,99.7,20.0,74.8,Form_B
CRYST-0166,67.3,10.0,1.2,180.2,aceton,0.92,205,3.1,73.3,31.4,77.6,Form_A
CRYST-0167,73.8,6.6,1.6,226.8,methanol,0.02,81,0.4,37.8,46.0,78.1,Form_B
CRYST-0168,68.6,11.9,0.61,264.8,ethanol,4.72,77,2.1,110.8,18.9,83.5,Form_A
CRYST-0169,71.0,16.7,0.74,206.7,methanol,1.73,172,2.3,95.4,28.2,73.6,Form_B
CRYST-0170,74.5,24.6,1.56,253.7,ethanol,2.93,239,9.7,100.7,25.9,78.7,Form_B
CRYST-0171,61.4,9.2,1.19,269.1,methanol,4.02,73,3.2,86.3,31.2,83.8,Form_B
CRYST-0172,79.0,16.0,1.47,283.4,aceton,1.52,107,8.8,54.2,29.2,86.4,Form_B
CRYST-0173,75.4,15.8,1.37,211.9,ethanol,4.95,148,6.5,88.1,21.1,81.9,Form_B
CRYST-0174,66.4,7.8,0.45,172.9,water,0.36,203,4.0,90.2,23.5,70.2,Form_B
CRYST-0175,78.7,5.5,1.21,241.0,aceton,1.89,234,3.3,83.6,28.9,89.9,Form_B
CRYST-0176,65.9,24.2,1.7,282.5,ethanol,1.16,183,3.6,51.4,29.7,77.2,Form_B
CRYST-0177,79.8,24.2,1.98,146.6,methanol,0.74,153,3.6,55.2,34.1,63.4,Form_B
CRYST-0178,69.5,12.4,0.25,217.1,water,1.74,59,6.7,96.9,24.6,83.4,Form_A
CRYST-0179,69.1,9.1,0.65,162.6,water,1.95,126,4.7,98.1,22.1,75.0,Form_A
CRYST-0180,71.5,21.1,0.11,224.6,water,4.24,145,8.1,130.1,17.5,78.7,Form_A
CRYST-0181,78.7,8.1,0.44,230.9,aceton,3.43,73,8.3,92.4,20.4,83.1,Form_A
CRYST-0182,79.7,22.0,1.37,284.0,aceton,3.75,165,9.5,72.7,27.2,83.0,Form_B
CRYST-0183,64.4,13.8,0.96,192.6,aceton,3.24,205,0.9,89.8,26.5,73.3,Form_A
CRYST-0184,64.6,7.1,1.17,191.6,methanol,3.39,225,7.1,101.3,26.0,76.6,Form_A
CRYST-0185,68.0,24.5,0.25,295.7,water,1.21,167,3.5,100.1,15.3,83.3,Form_B
CRYST-0186,76.6,6.0,0.91,250.6,water,3.65,81,3.6,96.2,27.5,90.4,Form_A
CRYST-0187,72.6,12.6,0.47,162.0,water,2.93,189,5.1,102.9,18.0,81.4,Form_A
CRYST-0188,62.8,17.2,1.41,205.1,water,3.86,89,9.8,68.3,28.5,78.1,Form_A
CRYST-0189,70.5,9.0,0.9,163.7,ethanol,1.88,117,5.3,98.1,30.2,72.9,Form_B
CRYST-0190,76.7,17.6,1.35,215.0,water,1.65,83,3.0,62.2,36.3,80.5,Form_B
CRYST-0191,60.5,15.3,0.33,256.8,methanol,0.78,72,1.0,87.6,30.5,84.8,Form_A
CRYST-0192,68.6,16.1,0.32,145.5,methanol,2.83,92,5.5,112.0,20.4,71.8,Form_A
CRYST-0193,62.4,12.0,1.21,155.6,water,1.63,152,5.1,70.1,29.6,70.6,Form_B
CRYST-0194,69.4,23.2,1.79,143.0,water,3.58,161,4.5,62.8,37.3,66.9,Form_B
CRYST-0195,60.7,20.9,1.52,129.9,water,4.11,207,4.8,71.2,30.8,65.5,Form_B
CRYST-0196,70.6,13.2,1.63,127.4,methanol,3.94,77,2.2,80.1,33.6,63.2,Form_B
CRYST-0197,78.9,18.7,0.48,218.7,aceton,3.07,129,3.6,102.3,21.5,81.9,Form_A
CRYST-0198,66.9,10.8,1.07,119.2,ethanol,0.72,241,4.8,88.4,22.2,61.2,Form_A
CRYST-0199,66.2,23.0,1.78,224.2,ethanol,2.25,270,0.5,74.7,33.0,70.7,Form_B
CRYST-0200,76.4,15.8,1.88,245.8,methanol,4.15,201,2.2,83.6,34.0,75.5,Form_B
CRYST-0201,64.1,16.0,0.21,212.9,ethanol,3.2,264,5.9,133.3,12.8,81.8,Form_A
CRYST-0202,67.5,5.2,0.4,129.6,ethanol,3.18,148,8.0,119.8,22.6,78.2,Form_A
CRYST-0203,79.2,17.8,0.3,242.0,methanol,3.72,75,9.4,118.9,15.7,92.9,Form_A
CRYST-0204,73.1,5.6,0.42,293.4,aceton,0.64,220,9.0,93.7,23.0,90.9,Form_A
CRYST-0205,73.6,18.7,0.4,224.4,methanol,3.36,236,3.5,124.1,17.7,79.9,Form_A
CRYST-0206,71.4,14.1,1.0,190.7,methanol,1.35,78,1.3,71.8,31.8,81.5,Form_B
CRYST-0207,61.5,15.3,0.74,156.6,aceton,2.96,81,2.3,81.8,25.4,70.9,Form_B
CRYST-0208,73.7,23.8,0.25,236.8,ethanol,3.0,50,7.7,94.6,21.4,83.1,Form_A
CRYST-0209,76.1,23.4,0.71,245.6,ethanol,0.91,207,1.8,81.1,25.3,82.1,Form_B
CRYST-0210,74.6,6.1,1.81,211.9,methanol,3.36,138,9.2,67.2,33.6,74.9,Form_B
CRYST-0211,62.3,24.0,0.98,153.8,water,3.55,157,6.7,79.0,27.1,67.2,Form_A
CRYST-0212,70.6,6.8,1.5,293.4,water,2.08,66,4.3,66.4,37.0,87.2,Form_B
CRYST-0213,62.8,11.1,0.56,131.5,ethanol,2.89,52,5.6,96.3,27.1,75.7,Form_A
CRYST-0214,74.6,16.4,0.99,292.5,aceton,1.84,143,4.2,79.7,26.1,89.6,Form_B
CRYST-0215,79.5,19.0,1.78,108.0,methanol,4.26,220,7.1,83.4,32.9,60.8,Form_B
CRYST-0216,70.0,21.4,1.8,148.2,ethanol,3.23,54,0.4,56.9,40.0,69.7,Form_B
CRYST-0217,63.2,15.4,0.38,223.6,water,2.72,54,0.1,106.9,23.5,80.9,Form_A
CRYST-0218,67.6,11.4,0.74,215.1,water,4.72,77,1.5,90.3,26.1,74.8,Form_A
CRYST-0219,69.6,15.8,0.75,224.2,water,3.82,286,1.9,108.9,16.1,79.1,Form_A
CRYST-0220,70.9,6.8,0.65,243.9,methanol,1.52,246,7.8,116.2,21.2,82.7,Form_A
CRYST-0221,69.1,7.3,0.89,115.3,aceton,0.74,117,4.7,66.8,30.8,67.2,Form_A
CRYST-0222,64.2,17.8,0.99,230.0,methanol,0.17,76,8.7,63.6,39.3,77.0,Form_B
CRYST-0223,69.9,12.2,1.11,245.6,methanol,2.79,74,3.1,88.9,30.0,79.9,Form_B
CRYST-0224,79.9,5.9,0.18,264.6,water,1.18,136,3.9,96.0,22.8,92.6,Form_A
CRYST-0225,77.6,16.7,0.54,235.2,ethanol,4.28,86,9.1,116.0,22.2,78.3,Form_A
CRYST-0226,75.3,24.0,1.33,173.9,methanol,0.03,107,3.2,50.3,37.1,72.1,Form_B
CRYST-0227,76.9,12.2,1.36,250.9,water,0.79,140,5.2,62.0,33.2,84.4,Form_A
CRYST-0228,67.5,15.8,1.25,145.3,aceton,1.85,162,9.0,49.9,29.1,67.6,Form_B
CRYST-0229,64.7,24.2,0.49,123.5,ethanol,3.43,65,9.2,101.1,22.6,70.8,Form_A
CRYST-0230,64.1,10.0,0.89,197.2,aceton,2.73,269,9.8,93.5,19.8,74.9,Form_B
CRYST-0231,63.1,21.2,1.1,185.9,water,1.66,63,2.5,57.8,29.8,70.9,Form_B
CRYST-0232,68.0,10.4,0.43,228.7,ethanol,1.19,281,3.1,115.4,19.3,74.0,Form_A
CRYST-0233,76.5,22.2,1.91,222.8,aceton,1.15,113,2.6,36.9,43.7,75.3,Form_B
CRYST-0234,74.3,8.8,1.13,113.0,water,4.13,113,9.5,85.8,20.1,69.5,Form_A
CRYST-0235,78.1,9.0,0.22,227.3,ethanol,1.53,275,2.4,131.6,13.6,84.6,Form_A
CRYST-0236,65.1,5.5,1.58,159.0,ethanol,4.53,181,2.6,91.4,28.7,72.8,Form_B
CRYST-0237,77.3,8.3,2.0,247.5,ethanol,0.13,120,4.1,43.6,44.0,78.3,Form_A
CRYST-0238,72.8,12.2,0.38,195.3,ethanol,0.2,181,6.7,86.0,25.5,78.1,Form_A
CRYST-0239,70.0,15.5,0.16,221.2,methanol,4.98,296,8.5,142.2,7.9,82.3,Form_A
CRYST-0240,74.2,22.8,1.14,222.1,aceton,3.08,264,7.0,80.2,20.2,79.9,Form_B
CRYST-0241,71.5,17.6,0.21,176.9,ethanol,4.8,106,9.8,120.0,15.8,78.0,Form_A
CRYST-0242,76.5,14.1,0.26,202.1,water,0.91,62,9.4,97.2,27.9,75.2,Form_A
CRYST-0243,63.8,23.7,1.12,201.8,aceton,4.39,243,6.6,85.6,22.1,72.3,Form_B
CRYST-0244,68.4,12.4,1.92,247.6,water,3.31,80,7.4,59.3,41.2,67.5,Form_B
CRYST-0245,74.5,7.1,0.25,179.8,ethanol,1.03,197,4.0,107.1,21.2,83.5,Form_A
CRYST-0246,74.7,23.9,1.15,211.4,water,3.89,210,8.1,82.9,21.9,71.7,Form_A
CRYST-0247,65.5,17.3,1.07,207.3,water,1.97,114,3.1,87.5,31.4,77.6,Form_B
CRYST-0248,68.8,21.8,1.27,160.0,ethanol,2.57,192,5.6,101.0,26.8,69.7,Form_B
CRYST-0249,65.0,6.3,1.77,296.8,methanol,4.57,185,6.8,58.7,26.0,83.5,Form_B
CRYST-0250,72.9,24.0,1.0,119.4,aceton,1.85,225,7.6,76.6,27.2,69.4,Form_A
CRYST-0251,79.5,24.6,1.18,171.8,ethanol,2.67,275,0.8,99.8,24.3,70.3,Form_B
CRYST-0252,69.8,5.2,1.2,292.7,aceton,1.42,83,8.5,59.4,33.3,87.1,Form_B
CRYST-0253,70.8,16.6,0.37,226.9,ethanol,2.29,193,1.2,108.2,15.8,81.8,Form_A
CRYST-0254,71.9,13.3,0.58,131.5,methanol,1.15,186,1.8,98.8,20.5,69.3,Form_A
CRYST-0255,78.8,15.2,0.51,116.7,ethanol,3.3,175,7.6,128.5,18.9,73.1,Form_B
CRYST-0256,77.9,8.6,0.72,174.3,ethanol,2.34,148,7.1,117.5,25.2,78.7,Form_A
CRYST-0257,71.5,20.3,0.54,130.0,methanol,3.77,297,9.6,117.0,12.5,72.6,Form_A
CRYST-0258,68.0,10.3,0.75,222.3,aceton,4.34,235,7.7,91.2,16.7,80.8,Form_A
CRYST-0259,72.8,17.5,1.37,241.1,methanol,3.09,233,6.3,91.3,19.8,79.7,Form_B
CRYST-0260,63.8,7.3,0.67,285.9,water,0.71,233,3.9,79.8,17.0,86.2,Form_A
CRYST-0261,75.3,16.0,1.03,128.3,ethanol,2.02,75,3.4,90.6,21.8,67.5,Form_A
CRYST-0262,64.0,13.6,1.82,116.5,ethanol,1.14,84,9.5,59.2,42.0,60.5,Form_B
CRYST-0263,72.5,7.2,1.84,225.1,ethanol,4.53,91,6.6,74.3,37.3,72.6,Form_B
CRYST-0264,64.9,5.9,1.8,149.2,water,2.38,136,7.9,46.2,36.1,68.8,Form_B
CRYST-0265,79.3,22.1,0.89,168.6,water,1.78,142,2.8,76.5,31.3,73.4,Form_B
CRYST-0266,72.6,15.8,1.43,134.2,aceton,4.39,114,0.4,75.5,28.0,66.5,Form_A
CRYST-0267,78.4,18.5,0.66,171.6,methanol,2.33,169,0.4,108.2,22.9,72.7,Form_A
CRYST-0268,77.2,18.7,1.51,156.4,aceton,1.6,236,9.5,69.4,24.8,71.6,Form_B
CRYST-0269,73.9,10.7,1.92,266.6,water,4.93,108,8.6,54.0,36.6,77.7,Form_B
CRYST-0270,71.9,19.6,1.72,129.5,methanol,1.16,92,2.2,51.4,40.0,64.0,Form_A
CRYST-0271,78.3,5.8,0.51,184.6,aceton,2.0,285,1.5,121.9,15.6,80.4,Form_A
CRYST-0272,70.3,6.5,1.08,172.2,water,3.52,86,0.5,78.5,28.0,66.3,Form_B
CRYST-0273,76.2,8.1,1.72,138.3,ethanol,1.66,288,8.6,78.4,28.0,67.7,Form_B
CRYST-0274,62.9,15.8,1.64,163.5,ethanol,2.53,222,4.6,63.9,27.5,64.9,Form_B
CRYST-0275,70.2,22.2,0.74,248.2,ethanol,0.11,208,3.4,62.0,26.9,83.7,Form_B
CRYST-0276,69.2,14.2,1.87,261.5,water,1.11,253,6.1,56.1,29.6,74.6,Form_B
CRYST-0277,67.9,19.2,1.69,170.5,aceton,4.12,67,7.6,48.7,35.5,70.9,Form_A
CRYST-0278,64.2,11.5,0.2,176.6,ethanol,0.51,89,9.2,88.0,31.1,78.6,Form_A
CRYST-0279,63.2,10.0,1.99,230.4,aceton,2.87,69,7.0,47.6,37.2,71.7,Form_B
CRYST-0280,77.8,21.3,1.36,209.4,water,1.08,228,0.6,71.9,30.4,73.9,Form_B
CRYST-0281,70.6,10.5,1.58,199.0,ethanol,2.16,66,3.0,89.1,41.4,67.6,Form_B
CRYST-0282,79.7,13.4,0.52,258.7,water,3.63,50,9.3,107.6,25.9,90.2,Form_A
CRYST-0283,61.6,21.8,1.99,280.7,methanol,2.24,76,5.5,52.7,42.0,77.4,Form_B
CRYST-0284,76.0,17.0,1.14,168.3,ethanol,2.48,76,9.7,92.8,34.6,72.2,Form_B
CRYST-0285,61.8,17.0,1.38,106.3,ethanol,4.87,61,9.8,88.6,30.4,61.0,Form_B
CRYST-0286,61.3,6.9,1.02,175.6,aceton,0.9,150,5.5,62.4,23.9,67.1,Form_A
CRYST-0287,66.2,10.2,1.71,162.3,water,3.13,266,6.4,66.8,26.6,70.7,Form_B
CRYST-0288,78.3,12.3,0.58,231.9,methanol,1.03,236,2.9,106.2,18.7,83.7,Form_A
CRYST-0289,78.9,14.7,0.31,259.3,water,4.26,240,6.8,124.2,17.0,89.9,Form_A
CRYST-0290,65.1,17.0,1.28,162.8,methanol,3.5,62,8.3,83.5,29.2,70.8,Form_A
CRYST-0291,71.2,5.9,0.15,116.1,ethanol,3.92,208,2.9,140.3,16.3,71.1,Form_A
CRYST-0292,62.0,23.8,0.18,173.9,aceton,3.74,141,9.0,105.9,16.4,77.7,Form_A
CRYST-0293,77.9,23.2,0.5,197.3,water,1.37,296,2.6,101.1,17.7,77.2,Form_A
CRYST-0294,61.9,22.0,0.11,155.1,aceton,3.6,102,6.5,90.1,15.7,74.0,Form_A
CRYST-0295,63.2,16.3,0.24,170.0,water,2.28,104,9.4,89.7,16.8,76.5,Form_A
CRYST-0296,65.5,17.8,0.88,210.5,methanol,1.93,80,3.8,71.4,29.8,75.9,Form_B
CRYST-0297,65.0,20.0,0.85,247.3,aceton,1.81,201,6.2,72.6,23.3,84.4,Form_A
CRYST-0298,68.5,8.6,1.19,210.4,ethanol,3.46,178,0.3,103.5,24.3,75.9,Form_B
CRYST-0299,62.3,24.2,0.59,181.3,water,2.79,120,8.1,82.1,26.6,77.4,Form_A
CRYST-0300,66.3,19.0,0.8,277.6,aceton,2.14,202,4.4,90.3,24.1,81.0,Form_A
CRYST-0301,75.3,7.1,1.48,245.2,ethanol,4.16,170,7.5,102.7,29.5,79.3,Form_A
CRYST-0302,68.0,16.0,0.55,271.5,methanol,3.6,184,8.3,107.6,15.8,87.8,Form_A
CRYST-0303,77.0,9.6,0.14,238.5,methanol,0.56,123,4.5,118.9,23.2,93.1,Form_A
CRYST-0304,65.8,9.8,0.48,168.9,aceton,1.64,205,7.1,90.6,15.5,73.0,Form_A
CRYST-0305,69.0,19.3,0.86,202.8,aceton,3.88,277,4.7,99.8,20.6,73.2,Form_A
CRYST-0306,67.9,13.5,1.74,249.6,aceton,3.26,88,9.4,62.8,37.2,74.9,Form_A
CRYST-0307,70.9,7.2,1.5,278.3,ethanol,2.14,55,9.3,70.3,33.0,83.9,Form_B
CRYST-0308,79.5,8.0,1.31,219.2,aceton,2.31,263,6.3,92.8,16.3,80.1,Form_B
CRYST-0309,62.2,6.8,0.75,231.9,water,2.88,249,8.6,95.2,19.7,82.3,Form_A
CRYST-0310,79.9,5.6,1.42,270.7,methanol,0.64,111,6.1,59.3,33.9,82.0,Form_B
CRYST-0311,64.2,21.8,1.2,183.8,methanol,0.95,257,8.3,83.5,25.0,71.3,Form_B
CRYST-0312,63.5,6.1,1.42,186.0,methanol,0.65,220,2.1,74.5,31.9,72.3,Form_B
CRYST-0313,73.9,14.9,2.0,285.6,ethanol,0.48,250,4.9,42.5,32.5,79.1,Form_B
CRYST-0314,75.7,5.7,1.62,273.0,methanol,3.41,278,2.4,96.1,24.9,84.3,Form_B
CRYST-0315,68.2,19.8,0.97,213.7,methanol,1.01,144,9.2,60.5,27.6,77.5,Form_A
CRYST-0316,74.8,6.1,1.93,296.3,aceton,0.71,251,6.8,37.2,32.4,88.7,Form_B
CRYST-0317,68.5,6.2,0.48,293.4,water,3.75,228,8.6,114.2,16.1,90.8,Form_A
CRYST-0318,74.4,12.3,1.3,220.9,water,2.59,195,0.0,84.1,26.6,80.2,Form_B
CRYST-0319,76.2,12.2,0.73,164.5,methanol,2.22,285,5.2,124.3,24.9,79.6,Form_A
CRYST-0320,73.8,10.3,0.29,131.6,ethanol,1.78,216,2.8,117.6,17.0,76.0,Form_A
CRYST-0321,67.3,23.9,1.95,187.0,methanol,2.97,197,8.2,60.4,30.0,65.1,Form_B
CRYST-0322,61.5,11.5,1.04,255.4,ethanol,4.16,196,7.0,111.4,20.4,81.8,Form_B
CRYST-0323,68.0,7.4,0.89,171.6,ethanol,1.98,200,4.4,101.8,18.5,71.4,Form_A
CRYST-0324,66.2,24.2,0.38,157.9,aceton,0.04,274,6.8,80.1,18.4,64.4,Form_A
CRYST-0325,76.4,17.5,1.59,236.7,methanol,4.43,121,5.9,77.8,31.3,80.2,Form_B
CRYST-0326,76.7,5.0,0.52,221.0,ethanol,2.69,227,1.3,111.2,20.1,77.3,Form_A
CRYST-0327,66.2,11.7,0.93,228.7,aceton,0.65,101,8.0,77.1,35.9,75.1,Form_B
CRYST-0328,70.0,23.0,0.99,110.3,ethanol,0.25,117,4.3,49.9,31.9,62.3,Form_A
CRYST-0329,67.2,16.3,0.42,189.4,water,2.72,214,0.0,110.7,15.5,74.9,Form_A
CRYST-0330,79.4,11.4,1.58,262.2,ethanol,2.46,179,2.4,93.7,30.3,82.1,Form_B
CRYST-0331,72.1,8.3,1.65,296.9,methanol,0.53,276,2.0,75.6,29.3,80.0,Form_B
CRYST-0332,77.3,19.2,1.92,123.9,aceton,2.96,215,6.5,71.9,31.6,64.3,Form_B
CRYST-0333,70.8,16.1,1.05,244.6,ethanol,3.34,151,5.1,105.8,31.0,84.4,Form_B
CRYST-0334,64.6,20.7,0.85,167.6,ethanol,3.2,84,7.4,92.1,23.6,73.0,Form_B
CRYST-0335,66.6,16.9,0.78,179.9,methanol,1.99,71,5.0,81.7,34.9,75.5,Form_A
CRYST-0336,70.9,21.1,1.89,215.5,methanol,1.81,174,3.8,66.8,28.3,73.7,Form_B
CRYST-0337,68.7,10.2,1.54,129.7,methanol,3.14,194,2.8,66.3,30.8,68.3,Form_B
CRYST-0338,76.3,8.7,1.08,123.8,methanol,1.8,171,7.8,81.6,27.4,69.6,Form_A
CRYST-0339,61.7,17.2,1.48,136.7,water,2.98,158,1.8,71.2,31.6,60.3,Form_B
CRYST-0340,64.8,19.6,0.94,124.0,water,4.56,186,4.5,91.7,21.7,67.9,Form_B
CRYST-0341,78.9,24.4,1.56,104.4,ethanol,3.08,153,10.0,77.3,34.3,59.6,Form_B
CRYST-0342,72.9,17.4,1.87,285.5,methanol,3.58,66,5.9,52.7,35.3,83.7,Form_B
CRYST-0343,76.0,19.6,0.51,287.2,ethanol,4.04,86,1.8,100.0,26.2,84.8,Form_A
CRYST-0344,79.9,12.4,0.8,117.9,aceton,4.98,79,2.2,93.6,31.7,71.9,Form_A
CRYST-0345,74.6,19.0,1.33,296.5,water,3.13,136,7.1,69.4,33.0,84.5,Form_B
CRYST-0346,60.4,20.5,1.09,193.4,ethanol,2.11,68,2.7,74.4,28.9,73.7,Form_A
CRYST-0347,65.5,12.6,1.02,109.6,methanol,2.21,127,0.4,87.5,26.9,63.6,Form_B
CRYST-0348,73.9,22.4,1.69,277.1,ethanol,3.76,72,8.5,62.5,38.2,80.8,Form_B
CRYST-0349,77.3,17.3,1.52,235.8,methanol,4.85,183,2.1,100.3,20.4,77.9,Form_A
CRYST-0350,78.9,5.6,1.1,290.1,aceton,0.65,280,5.6,70.2,25.6,85.4,Form_B
CRYST-0351,61.1,10.0,0.57,278.0,aceton,3.4,216,2.1,106.9,17.6,85.1,Form_A
CRYST-0352,61.0,19.4,1.57,200.7,methanol,2.14,71,0.9,44.1,34.0,72.5,Form_B
CRYST-0353,72.7,15.2,0.93,147.9,ethanol,2.9,63,9.7,78.2,28.2,73.7,Form_A
CRYST-0354,73.3,13.8,1.85,190.8,water,2.07,246,0.3,71.2,30.2,74.6,Form_B
CRYST-0355,68.9,24.4,0.11,108.3,methanol,0.72,69,8.4,99.6,24.7,67.3,Form_B
CRYST-0356,79.0,13.0,1.18,210.9,ethanol,2.26,281,9.4,95.6,23.4,73.7,Form_A
CRYST-0357,77.7,7.4,1.27,152.9,methanol,4.75,104,5.0,90.4,31.6,71.8,Form_A
CRYST-0358,68.3,12.3,0.36,264.4,methanol,0.41,172,1.7,91.3,17.3,85.0,Form_A
CRYST-0359,71.2,24.3,1.06,109.8,methanol,4.96,163,1.6,100.7,22.9,62.8,Form_A
CRYST-0360,76.4,22.9,0.32,234.1,water,0.25,250,1.8,84.1,19.8,85.1,Form_A
CRYST-0361,72.1,21.8,0.86,250.6,aceton,1.98,138,1.6,65.5,26.2,83.6,Form_A
CRYST-0362,63.9,20.6,1.39,273.9,ethanol,3.6,124,8.8,84.1,32.1,87.8,Form_B
CRYST-0363,65.7,15.6,1.4,196.6,water,3.16,180,7.1,71.2,26.1,69.3,Form_B
CRYST-0364,65.1,12.0,1.01,168.7,water,1.07,168,3.1,82.4,28.5,75.3,Form_B
CRYST-0365,68.7,20.7,1.67,217.4,ethanol,1.5,250,0.7,84.1,28.7,79.2,Form_B
CRYST-0366,74.3,9.4,1.2,147.9,methanol,2.72,249,8.3,86.4,23.7,71.2,Form_B
CRYST-0367,69.4,13.9,1.24,211.8,aceton,4.95,195,3.8,87.1,23.3,76.5,Form_B
CRYST-0368,79.0,21.9,0.43,275.6,methanol,1.01,295,8.7,118.9,15.4,83.6,Form_A
CRYST-0369,78.0,12.2,0.99,281.3,aceton,2.67,259,3.1,94.9,16.0,83.7,Form_B
CRYST-0370,73.6,19.4,0.19,202.7,methanol,2.77,115,4.8,112.1,19.1,77.5,Form_A
CRYST-0371,60.9,14.0,0.59,205.1,ethanol,2.87,65,1.9,110.0,25.5,76.4,Form_B
CRYST-0372,66.3,7.8,0.49,116.1,ethanol,3.75,205,3.3,120.5,13.9,69.8,Form_B
CRYST-0373,76.5,14.3,0.81,157.5,ethanol,1.1,103,6.9,98.4,27.8,76.7,Form_A
CRYST-0374,63.4,5.0,1.0,234.9,ethanol,0.98,213,5.8,91.8,20.2,82.6,Form_A
CRYST-0375,77.8,20.3,0.53,287.6,water,4.58,90,7.9,112.8,18.8,89.9,Form_A
CRYST-0376,73.1,9.3,0.21,179.6,ethanol,2.65,260,0.9,141.3,17.6,79.5,Form_A
CRYST-0377,73.5,12.4,0.76,205.5,water,1.18,127,9.9,69.3,26.8,81.3,Form_B
CRYST-0378,62.9,12.0,0.29,273.6,ethanol,0.99,110,7.2,105.4,23.2,84.2,Form_A
CRYST-0379,72.4,14.9,0.36,134.7,ethanol,0.5,135,0.3,107.3,23.3,72.0,Form_A
CRYST-0380,77.0,19.9,1.63,282.3,aceton,0.89,236,3.0,61.5,30.7,87.0,Form_B
CRYST-0381,68.9,18.1,0.89,200.6,ethanol,4.73,200,2.0,112.7,14.0,81.5,Form_B
CRYST-0382,60.8,17.9,0.76,146.3,ethanol,2.29,65,3.7,89.0,32.3,72.8,Form_A
CRYST-0383,70.3,24.2,0.22,251.8,methanol,2.63,77,9.9,93.8,21.8,84.4,Form_A
CRYST-0384,75.0,6.5,0.85,107.2,water,0.68,257,1.4,89.2,28.0,71.0,Form_B
CRYST-0385,69.1,8.2,1.16,100.3,water,2.75,196,8.5,95.0,26.5,65.9,Form_B
CRYST-0386,67.1,6.1,0.73,177.1,ethanol,3.52,124,9.2,96.9,18.9,74.0,Form_B
CRYST-0387,76.3,10.7,1.17,272.4,methanol,1.79,136,4.4,79.6,31.1,83.1,Form_A
CRYST-0388,64.7,8.2,2.0,144.2,water,4.78,144,5.1,68.7,38.7,71.4,Form_B
CRYST-0389,61.1,11.8,0.88,149.4,ethanol,3.28,69,4.3,90.9,21.8,72.6,Form_B
CRYST-0390,78.7,16.4,1.17,240.4,water,3.77,119,4.3,89.7,26.8,81.9,Form_B
CRYST-0391,70.3,7.8,0.45,163.8,aceton,3.57,125,9.6,96.8,20.5,71.1,Form_A
CRYST-0392,64.2,7.5,1.41,241.3,methanol,3.99,289,2.0,95.0,24.0,78.0,Form_B
CRYST-0393,79.3,17.3,0.12,184.9,water,2.43,89,9.8,103.3,19.6,88.0,Form_A
CRYST-0394,79.1,9.9,0.45,202.0,water,4.47,95,8.4,124.2,15.8,82.1,Form_A
CRYST-0395,76.5,10.4,0.79,188.3,ethanol,4.26,268,7.0,134.3,18.7,75.3,Form_B
CRYST-0396,72.7,10.8,1.53,237.3,aceton,2.89,279,0.1,87.1,20.4,78.8,Form_B
CRYST-0397,73.5,9.8,1.48,199.9,water,1.26,236,6.9,84.8,30.6,76.5,Form_B
CRYST-0398,75.3,16.9,1.78,259.8,aceton,3.24,84,2.0,46.1,39.3,76.9,Form_B
CRYST-0399,60.3,7.7,1.94,216.4,ethanol,0.33,163,0.2,47.2,36.1,76.1,Form_B
CRYST-0400,68.5,10.5,0.47,264.7,methanol,3.62,190,9.9,127.1,19.5,83.5,Form_A
CRYST-0401,68.3,24.6,1.91,218.0,aceton,2.67,187,9.1,47.8,30.2,73.9,Form_B
CRYST-0402,70.5,12.8,0.56,204.1,methanol,3.41,233,4.3,117.6,15.2,76.1,Form_A
CRYST-0403,66.0,15.3,1.28,169.8,methanol,2.74,177,7.3,85.5,24.2,72.5,Form_A
CRYST-0404,64.0,10.7,0.41,220.5,water,4.16,215,9.2,119.0,15.4,80.5,Form_A
CRYST-0405,61.6,19.8,0.14,221.4,ethanol,3.66,294,2.4,141.0,6.7,85.2,Form_A
CRYST-0406,63.9,15.6,0.7,124.2,methanol,4.49,111,9.3,103.5,20.1,69.8,Form_A
CRYST-0407,73.8,13.1,0.52,124.2,ethanol,1.54,131,3.5,98.9,27.0,71.7,Form_B
CRYST-0408,69.9,24.6,0.75,127.2,aceton,4.53,104,7.3,79.3,21.7,65.2,Form_A
CRYST-0409,78.6,5.6,0.63,179.0,water,2.1,114,0.6,105.3,29.0,78.7,Form_A
CRYST-0410,64.2,9.0,0.32,277.6,water,4.68,96,3.9,114.4,12.4,86.9,Form_A
CRYST-0411,68.2,23.7,0.5,280.6,water,1.88,107,4.7,85.2,24.5,82.8,Form_A
CRYST-0412,65.5,24.9,0.27,170.7,water,3.76,260,0.2,123.8,17.2,75.2,Form_A
CRYST-0413,62.0,15.7,1.11,156.1,aceton,4.19,124,8.1,78.2,26.7,67.1,Form_A
CRYST-0414,61.2,23.1,1.67,108.0,methanol,2.09,283,2.2,77.2,32.0,60.9,Form_B
CRYST-0415,74.7,18.9,1.19,147.7,methanol,2.73,266,8.9,91.4,22.2,67.1,Form_B
CRYST-0416,79.7,24.1,0.72,170.8,methanol,3.03,79,8.1,96.9,31.0,70.1,Form_A
CRYST-0417,69.8,13.1,1.71,286.5,ethanol,0.26,225,7.7,54.9,34.8,82.0,Form_B
CRYST-0418,60.3,17.2,0.39,121.8,ethanol,2.29,129,6.9,110.6,20.6,61.0,Form_A
CRYST-0419,77.6,21.8,1.67,113.8,methanol,0.95,135,4.3,60.0,30.4,64.5,Form_B
CRYST-0420,62.6,8.4,1.27,144.5,aceton,3.16,172,0.5,76.3,23.8,67.0,Form_B
CRYST-0421,62.7,8.1,0.48,260.8,ethanol,4.68,84,9.5,124.4,21.2,82.5,Form_A
CRYST-0422,61.5,13.3,0.5,207.6,aceton,1.61,282,5.3,95.7,12.7,78.5,Form_A
CRYST-0423,61.4,7.6,0.21,218.9,aceton,1.95,291,7.7,118.3,7.9,78.9,Form_A
CRYST-0424,74.4,10.0,1.78,188.0,water,4.21,86,6.4,78.2,37.2,76.2,Form_B
CRYST-0425,64.5,18.4,1.53,246.6,aceton,3.78,101,8.5,56.1,29.6,78.4,Form_B
CRYST-0426,65.8,8.4,1.87,223.5,aceton,4.36,55,7.2,47.8,37.4,75.2,Form_B
CRYST-0427,68.8,18.5,0.53,160.9,methanol,3.49,113,3.6,110.1,21.8,73.1,Form_A
CRYST-0428,65.7,13.3,0.19,259.6,methanol,2.49,219,8.8,107.0,18.9,85.3,Form_A
CRYST-0429,65.3,24.8,1.04,154.6,methanol,1.58,198,2.0,80.8,20.7,71.1,Form_A
CRYST-0430,65.1,21.9,0.7,293.1,water,4.74,202,4.0,100.4,20.3,79.3,Form_B
CRYST-0431,71.0,20.9,0.89,274.1,ethanol,3.21,100,4.7,87.9,19.4,80.5,Form_B
CRYST-0432,66.9,10.9,0.98,205.8,methanol,2.1,153,9.6,87.8,26.1,80.5,Form_A
CRYST-0433,74.2,20.8,1.61,288.5,aceton,2.96,253,3.6,69.5,26.7,75.8,Form_B
CRYST-0434,67.8,13.0,1.46,117.8,aceton,4.3,116,5.0,80.5,36.6,65.4,Form_B
CRYST-0435,67.6,16.4,1.58,135.1,aceton,1.27,198,4.2,49.6,29.9,68.4,Form_B
CRYST-0436,77.7,14.2,0.53,259.4,methanol,3.88,116,7.9,116.6,23.2,84.5,Form_A
CRYST-0437,66.6,20.4,0.18,204.0,ethanol,2.77,171,0.5,111.6,14.3,78.1,Form_A
CRYST-0438,77.0,15.9,1.77,239.7,ethanol,3.31,243,5.4,86.7,27.7,80.0,Form_B
CRYST-0439,75.9,17.5,0.81,186.0,ethanol,3.72,155,4.7,116.4,19.1,74.5,Form_B
CRYST-0440,74.2,16.2,0.74,180.8,methanol,1.09,242,4.5,81.5,18.7,74.1,Form_A
CRYST-0441,66.2,22.9,1.5,266.0,aceton,4.84,119,5.4,59.0,35.1,76.2,Form_B
CRYST-0442,70.5,23.9,0.33,255.6,ethanol,1.88,158,8.3,99.2,21.7,85.6,Form_A
CRYST-0443,61.0,13.6,0.8,151.5,water,3.05,124,3.4,96.7,25.3,71.8,Form_A
CRYST-0444,60.7,15.1,0.97,178.0,aceton,3.28,297,4.7,99.1,22.1,74.1,Form_B
CRYST-0445,63.0,8.5,1.98,238.1,water,2.5,259,8.9,74.3,30.3,76.4,Form_B
CRYST-0446,69.7,11.2,1.56,194.4,methanol,0.39,112,9.2,47.7,42.3,74.6,Form_B
CRYST-0447,76.5,20.2,1.74,146.7,aceton,3.48,96,8.4,54.5,38.1,71.6,Form_B
CRYST-0448,72.8,17.9,1.66,196.8,aceton,0.82,206,7.1,43.3,33.1,69.5,Form_B
CRYST-0449,68.6,17.2,0.64,168.2,methanol,3.95,100,9.6,101.4,24.2,69.5,Form_A
CRYST-0450,69.0,14.3,0.43,160.9,ethanol,3.63,88,8.5,121.2,27.1,75.3,Form_A
CRYST-0451,79.8,13.1,1.89,106.5,water,4.38,66,8.8,53.4,31.4,62.6,Form_B
CRYST-0452,67.8,9.7,0.22,234.0,water,2.46,135,0.9,106.5,17.3,84.6,Form_A
CRYST-0453,66.4,23.3,1.18,246.6,methanol,1.23,121,0.9,56.0,31.2,75.1,Form_B
CRYST-0454,67.9,24.5,0.74,151.7,ethanol,2.18,89,6.4,79.2,25.2,65.8,Form_A
CRYST-0455,78.9,9.3,1.47,295.4,aceton,1.72,246,8.8,88.1,27.6,87.2,Form_B
CRYST-0456,61.3,13.2,0.58,296.7,water,3.13,61,1.6,83.8,23.2,86.9,Form_A
CRYST-0457,72.6,8.4,1.55,287.8,methanol,0.54,278,3.4,73.9,29.4,84.3,Form_B
CRYST-0458,77.5,19.2,0.94,126.0,water,2.69,226,9.6,80.2,19.8,69.3,Form_B
CRYST-0459,70.4,18.3,1.07,277.1,ethanol,3.11,141,6.5,92.9,29.1,81.8,Form_A
CRYST-0460,67.3,5.4,1.56,166.0,methanol,1.66,240,6.4,78.8,32.2,72.9,Form_B
CRYST-0461,67.0,11.2,1.31,130.8,water,0.2,148,6.1,59.2,38.7,74.3,Form_A
CRYST-0462,61.3,11.5,1.44,216.4,methanol,1.76,264,6.8,69.4,25.9,75.2,Form_B
CRYST-0463,70.7,19.3,1.25,122.0,methanol,2.67,116,1.5,70.9,24.2,66.3,Form_A
CRYST-0464,76.4,8.5,1.81,175.9,water,0.27,138,7.2,45.1,40.4,75.7,Form_B
CRYST-0465,75.0,23.4,0.57,147.7,ethanol,3.02,187,0.7,106.6,14.5,71.0,Form_B
CRYST-0466,67.1,6.6,0.63,206.6,ethanol,3.7,272,2.4,125.6,18.1,84.3,Form_A
CRYST-0467,77.6,9.3,1.63,215.8,methanol,1.93,229,7.6,85.8,30.2,78.1,Form_B
CRYST-0468,63.0,5.5,0.21,229.0,water,2.63,240,5.3,109.0,12.8,79.9,Form_A
CRYST-0469,76.7,24.8,0.7,189.8,water,2.71,98,3.9,72.1,24.4,72.5,Form_A
CRYST-0470,77.4,21.6,1.85,175.3,water,3.64,146,6.6,67.9,35.4,68.3,Form_B
CRYST-0471,75.9,18.6,0.74,200.8,ethanol,4.54,235,9.7,117.8,14.4,80.6,Form_A
CRYST-0472,78.9,24.7,1.87,179.7,aceton,4.41,295,1.2,75.5,24.8,69.0,Form_B
CRYST-0473,78.7,5.3,1.7,292.2,aceton,0.91,146,1.3,60.0,33.1,80.2,Form_B
CRYST-0474,60.4,21.8,1.67,287.2,water,0.28,286,3.4,51.4,32.1,79.6,Form_B
CRYST-0475,70.3,18.7,0.3,211.0,methanol,1.77,184,8.5,113.3,18.8,77.3,Form_A
CRYST-0476,62.8,8.2,0.15,184.5,methanol,4.53,238,6.6,132.2,9.5,76.2,Form_A
CRYST-0477,78.7,20.9,1.73,191.4,aceton,4.13,63,7.3,66.7,32.4,73.9,Form_B
CRYST-0478,70.1,20.5,1.45,297.8,aceton,3.39,53,7.7,55.4,35.4,78.4,Form_B
CRYST-0479,69.9,11.0,0.81,161.5,ethanol,0.28,287,4.4,86.6,27.2,77.0,Form_B
CRYST-0480,72.7,14.5,0.74,191.4,water,0.88,77,3.0,88.5,32.1,80.3,Form_A
CRYST-0481,63.4,5.7,0.24,214.7,water,4.65,258,7.0,128.2,10.7,79.4,Form_A
CRYST-0482,72.2,5.1,1.13,116.9,ethanol,0.17,92,4.7,65.1,38.7,65.5,Form_A
CRYST-0483,67.4,10.2,1.08,179.4,water,4.0,208,9.8,96.6,20.4,70.4,Form_B
CRYST-0484,70.8,11.1,1.3,150.9,aceton,2.32,178,2.8,73.7,25.4,68.1,Form_B
CRYST-0485,78.2,22.1,1.54,213.0,methanol,3.74,81,4.5,89.5,30.5,76.6,Form_B
CRYST-0486,79.7,14.2,0.74,155.6,ethanol,0.29,104,1.2,72.8,28.8,78.3,Form_A
CRYST-0487,62.7,23.8,1.06,192.9,water,1.71,208,2.8,76.4,25.2,72.2,Form_A
CRYST-0488,68.5,18.2,0.86,203.0,ethanol,3.11,269,4.3,108.1,24.2,73.2,Form_A
CRYST-0489,64.0,17.5,0.18,160.0,water,1.06,93,3.3,83.0,29.0,72.2,Form_A
CRYST-0490,75.2,11.5,0.53,250.3,water,0.7,182,3.2,82.6,25.0,84.7,Form_B
CRYST-0491,63.5,9.6,1.71,120.3,water,0.13,299,9.7,44.5,32.4,69.3,Form_B
CRYST-0492,66.2,14.2,1.08,132.6,aceton,4.8,164,6.1,85.9,25.7,73.2,Form_A
CRYST-0493,72.2,20.0,1.27,105.6,ethanol,3.65,88,2.3,85.1,32.8,61.0,Form_B
CRYST-0494,67.0,12.3,1.37,120.4,water,1.31,278,0.0,82.7,23.4,63.6,Form_B
CRYST-0495,69.0,21.8,1.8,157.6,aceton,2.8,273,8.9,69.6,24.1,69.9,Form_B
CRYST-0496,61.2,19.0,0.94,122.7,aceton,3.26,59,6.1,67.0,28.5,62.2,Form_A
CRYST-0497,69.4,8.1,1.84,187.5,water,2.16,148,2.8,53.1,32.5,67.8,Form_B
CRYST-0498,70.2,11.8,1.99,151.5,aceton,0.35,291,2.9,58.7,35.1,67.2,Form_B
CRYST-0499,76.0,5.9,1.49,205.3,aceton,1.95,168,2.8,74.0,22.2,77.6,Form_B
CRYST-0500,68.2,12.8,1.59,230.3,methanol,0.59,203,2.4,69.5,33.7,79.5,Form_B
CRYST-0501,65.5,14.7,1.92,291.4,aceton,0.73,107,1.6,35.1,44.4,79.6,Form_B
CRYST-0502,78.8,21.6,1.13,291.0,aceton,3.24,225,0.9,90.5,18.2,88.9,Form_A
CRYST-0503,67.6,13.2,1.06,243.2,ethanol,1.69,191,2.9,86.1,21.0,79.7,Form_B
CRYST-0504,62.3,17.4,0.11,232.4,methanol,1.6,193,8.7,96.8,16.7,82.9,Form_A
CRYST-0505,76.4,12.2,0.58,195.9,ethanol,4.4,199,1.1,128.6,17.4,76.8,Form_A
CRYST-0506,62.4,18.7,1.17,235.9,methanol,2.19,53,2.6,60.2,33.7,77.7,Form_A
CRYST-0507,69.6,8.5,1.94,271.7,ethanol,4.17,67,2.9,57.0,36.5,75.5,Form_B
CRYST-0508,77.4,9.4,0.85,288.3,aceton,4.52,261,3.1,109.8,14.5,87.2,Form_A
CRYST-0509,75.9,22.2,1.8,256.5,ethanol,4.7,204,2.3,89.2,29.7,80.3,Form_B
CRYST-0510,73.6,12.1,0.46,260.4,water,3.94,250,1.6,114.5,10.8,82.3,Form_A
CRYST-0511,71.1,10.0,1.02,145.1,ethanol,2.16,202,2.4,104.1,23.0,69.2,Form_A
CRYST-0512,76.6,5.2,0.73,275.2,ethanol,0.79,79,9.0,94.3,27.2,91.3,Form_B
CRYST-0513,61.0,19.3,1.42,251.3,water,2.66,203,5.0,68.2,25.0,72.9,Form_B
CRYST-0514,79.5,14.4,1.68,167.4,methanol,1.97,103,9.2,63.8,29.8,69.5,Form_B
CRYST-0515,60.1,8.5,0.11,129.2,water,0.84,206,6.8,98.9,18.5,70.8,Form_A
CRYST-0516,70.4,22.5,0.17,145.5,methanol,4.79,212,5.1,131.0,16.7,73.6,Form_B
CRYST-0517,64.4,21.0,1.19,124.0,water,4.38,181,4.0,71.6,29.0,65.1,Form_A
CRYST-0518,77.7,10.5,1.11,181.7,aceton,3.96,58,8.7,73.3,28.6,75.4,Form_B
CRYST-0519,78.2,9.5,1.2,298.4,water,1.04,77,5.3,61.3,34.4,85.7,Form_B
CRYST-0520,65.1,13.3,0.28,136.8,methanol,4.61,190,3.3,127.1,16.0,71.7,Form_A
CRYST-0521,79.1,12.3,0.78,200.1,ethanol,1.14,90,0.2,94.7,27.9,78.6,Form_A
CRYST-0522,74.1,8.1,0.13,108.9,aceton,4.69,76,5.4,104.0,14.7,68.5,Form_A
CRYST-0523,78.0,24.6,1.89,276.0,ethanol,3.99,84,6.2,61.5,37.4,78.1,Form_B
CRYST-0524,73.2,11.7,0.68,268.3,methanol,3.75,242,6.2,123.0,15.0,84.8,Form_B
CRYST-0525,79.7,15.6,0.31,103.4,ethanol,4.99,164,8.5,131.7,16.9,64.2,Form_A
CRYST-0526,65.7,19.9,1.39,157.8,ethanol,2.53,102,5.2,80.1,33.6,67.2,Form_B
CRYST-0527,62.0,23.6,0.37,198.6,ethanol,1.99,169,7.8,114.8,16.8,79.0,Form_A
CRYST-0528,74.3,8.0,0.18,182.4,aceton,4.25,242,7.6,123.9,13.3,79.6,Form_A
CRYST-0529,71.2,7.8,0.66,230.4,ethanol,3.62,289,1.0,119.6,11.3,78.0,Form_A
CRYST-0530,76.5,17.1,1.84,166.5,methanol,3.29,263,4.5,91.6,30.8,71.6,Form_B
CRYST-0531,69.8,10.2,1.39,117.4,aceton,1.71,123,4.8,62.0,31.3,61.2,Form_A
CRYST-0532,78.3,18.3,0.11,258.5,methanol,3.52,141,7.3,124.1,15.7,87.1,Form_A
CRYST-0533,70.1,8.2,1.89,251.0,aceton,1.56,231,3.3,59.2,29.7,76.7,Form_B
CRYST-0534,76.8,16.5,1.79,176.1,water,2.66,237,8.1,73.7,29.4,72.0,Form_B
CRYST-0535,76.4,19.6,0.44,122.3,methanol,1.78,68,6.0,94.9,23.6,71.6,Form_A
CRYST-0536,66.1,19.4,1.07,162.3,water,1.23,97,0.9,64.0,29.9,68.7,Form_A
CRYST-0537,72.2,19.6,1.87,261.1,methanol,0.76,84,5.0,33.1,39.9,77.3,Form_B
CRYST-0538,66.3,18.0,1.35,217.6,methanol,0.68,243,8.0,53.9,31.9,81.0,Form_A
CRYST-0539,71.2,24.9,0.11,154.9,water,4.49,199,9.3,107.0,17.4,74.0,Form_A
CRYST-0540,73.8,24.2,0.4,110.9,aceton,3.39,249,0.6,107.9,15.7,68.7,Form_A
CRYST-0541,75.6,6.9,0.12,273.4,methanol,0.63,274,5.9,107.5,12.6,92.9,Form_A
CRYST-0542,72.8,12.4,1.49,152.3,ethanol,4.51,244,8.0,102.2,24.4,76.1,Form_B
CRYST-0543,79.3,21.2,1.43,184.7,ethanol,3.35,65,3.8,74.6,34.9,68.8,Form_B
CRYST-0544,67.1,14.2,0.77,176.7,aceton,3.29,193,3.9,96.2,19.1,75.8,Form_A
CRYST-0545,68.5,10.9,0.45,216.8,methanol,3.78,146,7.9,114.8,23.6,76.2,Form_A
CRYST-0546,71.1,22.8,2.0,183.3,water,3.4,126,0.3,42.8,34.8,68.5,Form_A
CRYST-0547,72.2,12.8,1.16,270.4,ethanol,2.39,202,2.1,99.4,19.6,84.0,Form_B
CRYST-0548,70.1,5.5,1.0,168.4,methanol,0.91,123,9.7,87.3,30.8,74.4,Form_A
CRYST-0549,65.8,14.2,1.62,242.1,methanol,1.29,164,6.1,58.1,37.0,73.3,Form_B
CRYST-0550,64.4,13.1,1.22,118.6,methanol,1.28,110,8.2,70.4,34.8,68.7,Form_B
CRYST-0551,73.4,9.4,0.4,136.3,methanol,3.71,288,7.8,128.1,9.4,72.2,Form_A
CRYST-0552,78.3,12.2,0.54,215.3,aceton,1.06,129,8.6,78.5,31.7,83.2,Form_A
CRYST-0553,77.4,7.5,1.67,120.1,water,1.48,246,6.1,82.7,24.1,65.9,Form_B
CRYST-0554,72.0,16.5,1.03,175.9,water,3.14,259,1.7,89.1,17.4,67.8,Form_B
CRYST-0555,64.6,13.4,0.43,280.6,water,0.35,71,5.9,63.6,27.4,86.8,Form_B
CRYST-0556,78.9,7.1,1.92,154.7,water,3.43,85,3.3,67.7,36.5,69.5,Form_B
CRYST-0557,68.6,24.9,1.61,174.1,aceton,2.93,145,7.8,49.5,32.2,68.4,Form_B
CRYST-0558,61.8,24.5,1.66,162.9,water,2.09,122,6.6,55.4,30.4,68.2,Form_B
CRYST-0559,73.4,22.1,1.81,181.4,aceton,0.23,295,1.3,57.2,31.4,69.5,Form_B
CRYST-0560,78.5,10.0,0.72,281.5,methanol,1.15,69,8.3,79.5,31.8,92.9,Form_B
CRYST-0561,63.2,6.9,0.51,124.0,ethanol,1.41,290,5.4,116.6,16.6,70.8,Form_A
CRYST-0562,71.1,12.8,0.46,114.8,aceton,0.11,140,6.5,73.9,27.1,72.8,Form_A
CRYST-0563,73.9,20.5,1.42,112.9,water,0.8,170,2.4,52.7,35.4,66.4,Form_B
CRYST-0564,62.4,22.4,0.55,296.9,water,0.05,207,6.1,65.5,22.8,82.6,Form_A
CRYST-0565,67.6,12.8,1.14,254.8,ethanol,0.24,205,2.6,77.7,30.1,80.0,Form_A
CRYST-0566,72.9,13.2,1.79,240.4,water,0.6,135,5.1,45.1,39.3,75.5,Form_B
CRYST-0567,78.6,5.2,0.15,249.8,aceton,1.69,166,4.9,96.4,12.6,91.4,Form_A
CRYST-0568,65.5,22.0,0.34,125.2,methanol,1.72,119,7.3,92.9,15.0,67.4,Form_A
CRYST-0569,60.9,12.6,0.91,164.5,water,4.09,114,0.9,87.5,28.9,68.3,Form_A
CRYST-0570,73.7,24.7,1.87,177.0,ethanol,2.74,70,1.0,56.6,41.7,72.0,Form_B
CRYST-0571,68.2,11.9,1.0,192.9,ethanol,0.29,156,5.3,78.1,31.6,75.4,Form_B
CRYST-0572,78.3,5.1,1.05,113.3,water,0.23,138,1.1,68.3,29.5,67.1,Form_A
CRYST-0573,64.6,9.3,0.19,162.7,methanol,1.73,108,8.0,110.5,24.9,77.0,Form_A
CRYST-0574,61.5,15.8,1.18,163.7,ethanol,3.32,82,8.5,71.7,25.4,69.0,Form_A
CRYST-0575,73.7,21.0,2.0,259.5,methanol,2.77,75,2.9,47.3,41.3,73.5,Form_B
CRYST-0576,78.9,5.5,1.34,163.4,ethanol,0.88,140,6.2,71.5,32.5,73.3,Form_B
CRYST-0577,71.2,5.3,1.93,219.6,water,2.55,173,3.5,47.1,32.6,73.4,Form_B
CRYST-0578,69.4,10.4,1.86,195.3,water,4.15,226,1.5,73.6,26.6,70.3,Form_B
CRYST-0579,64.7,8.6,1.69,210.3,ethanol,1.02,223,9.8,66.0,32.4,76.4,Form_A
CRYST-0580,62.0,14.7,0.51,104.2,methanol,3.11,69,7.9,82.6,19.3,68.5,Form_A
CRYST-0581,76.8,23.0,0.99,255.3,aceton,4.61,65,10.0,67.6,30.0,77.5,Form_A
CRYST-0582,66.6,9.7,1.22,153.7,methanol,2.85,239,0.5,95.6,25.3,70.1,Form_B
CRYST-0583,62.6,12.3,1.4,201.6,water,4.46,250,2.7,79.2,22.8,74.5,Form_B
CRYST-0584,68.1,19.5,1.16,274.1,methanol,1.04,158,1.0,70.3,32.0,84.4,Form_B
CRYST-0585,75.7,16.0,1.2,101.7,aceton,2.09,126,4.2,70.9,30.3,64.3,Form_B
CRYST-0586,69.2,8.7,0.56,180.6,ethanol,2.86,88,6.8,97.5,23.0,75.0,Form_A
CRYST-0587,67.0,10.6,0.45,274.1,ethanol,0.52,103,6.9,86.4,25.6,87.2,Form_A
CRYST-0588,65.5,20.3,0.49,253.2,ethanol,2.86,148,9.6,108.5,19.1,81.3,Form_A
CRYST-0589,69.8,7.3,0.64,203.8,aceton,2.47,292,6.9,103.1,15.9,80.7,Form_A
CRYST-0590,71.7,5.8,0.51,122.1,aceton,2.78,198,5.6,109.7,19.3,78.1,Form_A
CRYST-0591,61.6,21.2,0.76,155.8,ethanol,3.84,179,1.6,109.3,19.6,71.3,Form_A
CRYST-0592,70.1,5.8,1.3,189.7,methanol,1.24,161,8.4,69.9,34.0,78.6,Form_B
CRYST-0593,61.8,10.5,1.46,147.3,aceton,2.33,51,3.1,46.5,38.5,65.7,Form_B
CRYST-0594,66.9,16.6,1.0,104.4,ethanol,2.44,95,2.6,94.3,33.7,73.4,Form_B
CRYST-0595,69.9,5.4,0.46,298.2,water,3.68,207,2.5,101.3,23.2,93.4,Form_A
CRYST-0596,69.1,23.0,1.31,194.0,aceton,3.05,200,4.6,75.3,24.8,74.8,Form_B
CRYST-0597,61.3,23.3,1.78,176.4,water,4.4,196,0.1,69.6,29.8,62.3,Form_A
CRYST-0598,66.1,12.8,1.49,228.2,ethanol,0.31,108,3.0,55.4,35.8,72.5,Form_B
CRYST-0599,67.3,21.9,0.27,223.8,water,1.29,124,6.2,83.8,26.5,83.7,Form_A
CRYST-0600,69.5,5.4,0.39,112.1,water,1.41,189,5.2,101.1,20.8,70.5,Form_A
CRYST-0601,75.2,7.4,1.18,148.1,water,4.18,91,1.8,90.1,29.5,70.6,Form_A
CRYST-0602,60.9,9.1,1.39,160.3,water,0.45,113,6.9,52.6,34.7,75.7,Form_A
CRYST-0603,70.7,10.4,0.63,210.2,water,4.18,251,8.6,107.3,13.1,76.9,Form_A
CRYST-0604,74.8,17.2,0.49,291.2,water,3.61,113,8.2,90.8,26.2,87.7,Form_A
CRYST-0605,66.7,24.4,0.84,230.5,methanol,0.98,204,9.9,79.7,23.3,76.2,Form_B
CRYST-0606,67.3,8.1,0.45,285.2,ethanol,3.35,201,9.8,130.0,18.5,91.0,Form_A
CRYST-0607,70.9,21.9,1.06,296.4,aceton,0.97,288,8.6,85.3,17.0,86.8,Form_B
CRYST-0608,79.6,20.3,0.24,113.6,water,1.4,185,5.9,115.3,14.5,72.3,Form_A
CRYST-0609,61.1,12.6,1.6,205.1,ethanol,3.36,166,8.2,82.1,33.2,73.8,Form_B
CRYST-0610,70.0,16.4,1.52,167.0,ethanol,1.44,134,9.9,76.9,34.9,73.0,Form_B
CRYST-0611,67.4,12.1,0.46,162.2,water,0.26,101,5.1,59.9,27.4,78.2,Form_B
CRYST-0612,74.1,9.9,1.47,154.1,aceton,1.77,121,3.0,58.4,35.9,70.9,Form_B
CRYST-0613,61.1,7.7,0.86,151.3,aceton,3.18,290,5.5,90.6,19.3,76.9,Form_A
CRYST-0614,67.1,18.2,1.01,204.6,aceton,0.95,290,8.7,77.7,19.6,76.1,Form_B
CRYST-0615,60.0,8.6,0.82,297.6,methanol,3.99,96,3.7,96.2,26.7,84.7,Form_B
CRYST-0616,70.3,22.3,1.83,197.4,aceton,0.63,65,2.2,12.1,44.7,67.2,Form_B
CRYST-0617,61.7,16.9,1.35,232.3,aceton,3.46,124,5.1,56.6,33.9,79.2,Form_B
CRYST-0618,76.8,18.7,0.69,206.0,ethanol,1.62,242,9.1,100.4,19.3,78.6,Form_B
CRYST-0619,77.3,17.3,1.56,278.7,aceton,2.79,146,1.9,46.2,34.2,85.2,Form_B
CRYST-0620,75.0,17.9,0.79,143.1,aceton,4.69,125,4.4,84.4,21.9,73.5,Form_B
CRYST-0621,61.7,22.9,0.23,120.6,methanol,4.9,143,5.2,108.9,19.8,69.1,Form_A
CRYST-0622,65.3,11.5,0.74,188.2,water,2.65,104,4.4,87.7,21.5,79.9,Form_A
CRYST-0623,60.2,19.2,0.16,216.2,methanol,0.71,207,1.3,89.8,21.7,80.5,Form_B
CRYST-0624,74.9,8.3,0.33,131.1,ethanol,4.27,196,0.9,137.2,11.5,74.5,Form_B
CRYST-0625,77.2,17.8,0.19,225.5,aceton,3.69,138,2.5,107.9,21.6,88.6,Form_B
CRYST-0626,71.1,13.1,0.84,151.3,ethanol,2.59,170,3.5,100.4,21.6,67.7,Form_A
CRYST-0627,77.9,21.9,1.96,118.1,ethanol,1.54,51,1.0,55.7,39.6,62.4,Form_B
CRYST-0628,61.0,11.9,1.75,283.2,methanol,2.33,182,4.3,69.3,36.3,76.8,Form_B
CRYST-0629,70.9,22.1,1.69,108.5,water,1.71,259,4.1,60.8,31.6,61.7,Form_B
CRYST-0630,75.4,14.1,0.11,109.9,aceton,3.73,85,6.9,96.6,14.5,69.0,Form_A
CRYST-0631,76.8,22.9,0.63,297.0,methanol,3.71,285,4.7,113.7,13.1,89.3,Form_A
CRYST-0632,61.6,25.0,0.49,170.0,ethanol,0.04,181,7.7,81.1,26.9,69.8,Form_A
CRYST-0633,67.6,24.6,1.62,213.6,ethanol,0.61,261,5.1,72.1,27.1,70.4,Form_B
CRYST-0634,61.3,13.8,0.17,138.2,water,2.59,123,9.0,93.4,18.9,72.3,Form_A
CRYST-0635,72.1,24.3,1.52,186.4,methanol,4.13,208,6.8,77.2,25.2,67.2,Form_A
CRYST-0636,66.6,22.0,1.24,114.8,aceton,4.78,120,8.8,81.9,30.1,63.5,Form_B
CRYST-0637,78.7,5.2,0.44,105.3,ethanol,3.14,254,0.6,125.1,12.4,71.6,Form_A
CRYST-0638,66.0,11.5,1.33,299.9,aceton,1.64,280,9.4,74.4,21.9,77.7,Form_A
CRYST-0639,70.4,6.8,0.64,140.9,ethanol,1.15,280,0.4,100.6,16.0,72.6,Form_A
CRYST-0640,63.1,7.7,0.39,177.3,water,4.23,247,9.5,112.3,10.2,72.4,Form_A
CRYST-0641,67.2,23.2,0.77,218.6,methanol,4.3,289,7.4,115.3,14.0,80.7,Form_A
CRYST-0642,78.8,11.0,1.85,203.5,methanol,2.49,252,7.8,72.5,28.6,77.2,Form_B
CRYST-0643,76.1,16.6,1.27,172.2,water,2.56,272,2.1,81.1,18.5,72.7,Form_B
CRYST-0644,62.5,14.2,1.17,104.1,water,1.09,131,6.8,64.8,33.8,57.4,Form_A
CRYST-0645,75.2,23.4,1.49,200.5,ethanol,2.3,214,6.2,87.7,32.4,73.7,Form_B
CRYST-0646,67.1,9.7,0.9,289.0,aceton,3.12,98,3.1,83.3,26.5,82.5,Form_A
CRYST-0647,65.8,13.8,1.19,248.0,methanol,1.89,128,4.6,63.9,29.8,78.8,Form_A
CRYST-0648,77.4,6.7,0.58,243.4,aceton,4.44,192,7.2,117.8,15.9,88.0,Form_A
CRYST-0649,67.6,17.6,1.01,289.3,aceton,4.39,164,5.8,91.0,20.9,82.4,Form_A
CRYST-0650,78.8,22.7,1.57,138.4,water,4.62,273,2.5,100.6,26.4,65.9,Form_B
CRYST-0651,61.0,11.1,1.48,294.6,water,0.13,99,1.3,49.1,38.5,77.3,Form_B
CRYST-0652,67.0,20.9,1.63,296.5,ethanol,0.5,210,1.9,54.2,34.6,81.2,Form_A
CRYST-0653,74.8,7.7,1.22,198.7,ethanol,0.55,146,9.7,72.1,31.3,72.9,Form_B
CRYST-0654,62.7,14.3,1.7,255.4,water,2.95,125,1.4,51.1,34.8,77.4,Form_B
CRYST-0655,61.5,10.5,0.32,104.5,water,0.81,76,4.1,73.1,28.9,66.4,Form_A
CRYST-0656,70.7,18.4,1.85,293.9,ethanol,2.52,227,5.6,69.2,38.3,76.7,Form_A
CRYST-0657,72.6,18.8,0.34,190.4,methanol,4.08,156,4.4,120.8,21.4,80.2,Form_B
CRYST-0658,60.5,13.2,1.34,298.0,methanol,3.48,259,0.8,86.4,19.6,84.7,Form_B
CRYST-0659,70.1,11.7,1.29,186.3,ethanol,1.32,243,6.2,91.2,27.3,72.7,Form_B
CRYST-0660,73.9,20.5,1.48,231.7,methanol,2.77,159,3.0,66.6,31.9,69.0,Form_B
CRYST-0661,72.4,15.9,0.64,123.6,methanol,3.09,114,7.8,96.4,24.5,68.1,Form_A
CRYST-0662,62.3,15.9,1.35,130.9,aceton,2.08,248,6.2,68.2,23.5,71.4,Form_B
CRYST-0663,77.4,20.8,0.2,189.5,aceton,0.73,73,9.5,63.8,25.0,80.8,Form_A
CRYST-0664,61.9,17.4,0.76,176.2,water,4.35,154,1.3,96.9,23.2,75.7,Form_B
CRYST-0665,68.3,8.0,1.4,124.5,aceton,4.43,246,5.3,75.5,22.6,70.2,Form_B
CRYST-0666,65.0,7.2,0.96,107.6,methanol,4.08,92,9.4,85.6,29.9,65.7,Form_A
CRYST-0667,72.5,10.2,1.99,252.3,water,4.32,178,4.8,54.6,27.8,73.6,Form_B
CRYST-0668,67.3,12.3,1.02,135.1,methanol,3.36,246,3.2,112.7,17.5,69.3,Form_A
CRYST-0669,70.4,10.4,1.38,274.3,ethanol,2.06,56,8.4,69.1,31.5,85.0,Form_A
CRYST-0670,74.6,9.7,1.61,182.6,methanol,0.58,236,0.6,56.8,34.5,72.4,Form_B
CRYST-0671,69.0,6.2,1.77,186.5,water,4.06,116,6.6,76.6,33.7,70.8,Form_B
CRYST-0672,73.8,15.3,1.19,159.8,ethanol,1.35,240,2.6,86.2,22.7,71.8,Form_B
CRYST-0673,77.2,5.4,1.54,150.1,water,0.86,155,1.5,71.0,28.7,69.2,Form_B
CRYST-0674,63.9,15.3,1.71,171.0,ethanol,1.98,56,9.4,46.4,38.6,69.1,Form_B
CRYST-0675,69.2,7.7,0.39,261.7,ethanol,3.31,191,7.4,130.7,20.0,87.2,Form_A
CRYST-0676,72.8,22.5,0.58,236.4,methanol,2.84,210,8.8,112.3,19.8,80.0,Form_A
CRYST-0677,72.1,12.9,0.14,285.2,methanol,2.7,93,5.3,110.3,17.8,90.4,Form_A
CRYST-0678,68.2,20.5,1.31,198.8,water,0.61,177,2.5,46.0,33.9,74.8,Form_B
CRYST-0679,65.2,10.0,1.2,261.3,ethanol,0.76,241,5.8,81.1,29.2,82.2,Form_B
CRYST-0680,60.3,24.8,1.68,139.9,water,0.1,66,9.7,28.8,38.5,58.9,Form_B
CRYST-0681,79.0,14.1,0.98,113.1,aceton,1.24,264,1.8,94.1,23.4,71.8,Form_B
CRYST-0682,61.5,18.7,1.22,151.4,methanol,2.74,138,9.0,68.4,26.5,65.7,Form_B
CRYST-0683,69.0,23.1,1.67,267.0,ethanol,0.62,292,4.4,62.2,27.9,75.3,Form_A
CRYST-0684,68.5,10.9,0.17,293.4,water,0.79,256,4.3,112.5,21.8,90.9,Form_A
CRYST-0685,78.5,13.0,0.3,241.5,water,3.77,240,4.8,125.4,7.2,84.9,Form_A
CRYST-0686,64.3,18.1,0.68,182.3,ethanol,1.42,90,8.5,72.4,27.0,76.2,Form_A
CRYST-0687,75.5,8.2,0.54,263.5,methanol,3.21,175,5.8,117.7,22.7,85.7,Form_A
CRYST-0688,62.3,19.0,0.43,228.7,ethanol,4.8,136,7.5,124.0,10.7,82.2,Form_A
CRYST-0689,61.2,21.3,0.15,118.1,methanol,4.17,249,5.9,119.6,15.5,73.6,Form_A
CRYST-0690,79.2,17.0,1.97,286.8,water,4.6,133,1.1,55.4,36.5,83.5,Form_B
CRYST-0691,61.5,11.4,1.38,128.0,water,4.45,220,6.7,85.7,20.8,67.9,Form_B
CRYST-0692,63.3,17.4,1.38,191.3,ethanol,0.41,162,2.7,69.8,32.8,74.0,Form_B
CRYST-0693,75.1,22.8,1.48,297.4,aceton,3.24,242,0.8,86.1,27.3,83.1,Form_B
CRYST-0694,75.8,10.1,1.91,161.4,aceton,4.02,91,1.7,55.6,32.9,68.1,Form_B
CRYST-0695,61.6,22.4,1.0,128.2,water,1.84,127,6.3,87.2,24.4,66.5,Form_B
CRYST-0696,63.8,19.7,1.36,239.6,ethanol,0.42,85,7.9,51.2,35.7,78.8,Form_B
CRYST-0697,63.3,13.8,1.78,170.2,aceton,0.25,193,3.3,32.1,41.4,63.6,Form_B
CRYST-0698,74.0,25.0,0.97,211.0,aceton,1.69,141,4.3,75.7,33.7,74.1,Form_B
CRYST-0699,76.7,7.8,1.18,276.0,water,4.0,246,4.1,101.8,22.1,87.1,Form_A
CRYST-0700,64.5,13.7,0.5,133.1,water,3.53,120,4.8,116.6,21.5,69.8,Form_A
CRYST-0701,78.4,19.0,1.16,201.0,ethanol,3.73,201,4.7,110.4,25.9,78.6,Form_A
CRYST-0702,61.5,5.3,1.33,123.7,water,0.45,185,0.0,69.3,32.3,65.9,Form_B
CRYST-0703,74.9,22.9,0.32,207.7,ethanol,0.92,228,8.5,109.4,15.7,86.5,Form_A
CRYST-0704,61.4,12.0,1.12,269.9,aceton,3.54,233,3.8,91.7,18.1,79.1,Form_B
CRYST-0705,77.3,9.1,0.47,237.3,methanol,4.9,278,7.0,132.4,11.4,89.6,Form_A
CRYST-0706,79.1,11.2,1.53,138.1,aceton,0.85,198,0.7,58.2,29.1,63.1,Form_A
CRYST-0707,61.6,9.0,1.8,233.3,aceton,1.94,227,9.0,58.1,27.4,73.6,Form_B
CRYST-0708,68.1,5.1,1.99,192.5,aceton,2.12,291,8.2,57.9,33.5,73.3,Form_B
CRYST-0709,77.1,6.0,0.17,173.2,ethanol,4.37,228,6.6,141.3,11.1,84.3,Form_B
CRYST-0710,79.2,8.5,1.15,138.1,aceton,0.74,297,0.2,81.1,27.4,72.3,Form_A
CRYST-0711,69.4,18.4,1.19,158.6,water,1.83,196,8.6,66.0,26.1,67.4,Form_A
CRYST-0712,70.1,5.0,1.77,107.4,water,2.12,297,7.2,78.2,22.6,66.1,Form_B
CRYST-0713,63.0,18.9,1.18,278.8,aceton,0.36,95,9.5,46.6,33.9,84.7,Form_B
CRYST-0714,63.8,7.8,0.31,162.5,ethanol,3.5,205,8.3,129.1,14.1,72.0,Form_A
CRYST-0715,75.9,15.1,1.39,279.9,water,4.62,139,9.5,98.3,28.0,80.2,Form_B
CRYST-0716,69.1,12.3,0.82,288.7,aceton,3.96,201,4.6,103.2,19.3,85.0,Form_A
CRYST-0717,75.2,14.5,0.11,240.2,ethanol,0.72,63,8.3,97.9,25.3,84.4,Form_B
CRYST-0718,70.2,18.5,1.83,218.1,aceton,1.29,129,5.3,22.4,38.3,69.8,Form_B
CRYST-0719,78.8,8.9,1.03,273.4,methanol,2.52,55,9.6,80.0,35.2,88.2,Form_A
CRYST-0720,63.4,8.1,1.56,115.6,ethanol,0.58,172,0.3,72.3,36.7,64.4,Form_B
CRYST-0721,61.4,23.6,1.62,223.3,aceton,2.81,179,2.8,49.6,33.9,69.9,Form_B
CRYST-0722,67.4,5.9,1.13,284.9,aceton,0.89,174,0.5,59.3,26.1,84.7,Form_B
CRYST-0723,76.1,15.4,1.17,279.2,methanol,4.48,278,4.7,112.8,18.5,82.0,Form_B
CRYST-0724,68.5,15.5,0.48,254.1,methanol,2.16,157,7.7,95.6,23.8,83.2,Form_B
CRYST-0725,74.4,5.4,1.28,148.7,water,0.78,103,6.0,77.5,34.1,75.1,Form_B
CRYST-0726,73.4,13.1,0.12,234.0,ethanol,1.33,261,7.8,127.2,11.7,78.2,Form_A
CRYST-0727,78.1,13.8,0.2,279.2,water,0.13,283,5.2,114.1,20.4,93.5,Form_B
CRYST-0728,71.8,23.0,1.59,171.6,water,1.88,102,0.5,56.8,29.6,66.8,Form_B
CRYST-0729,70.2,6.8,0.62,228.6,aceton,2.01,108,8.5,85.2,25.3,79.7,Form_A
CRYST-0730,62.2,19.9,0.83,182.6,aceton,3.06,85,5.2,67.3,26.7,71.9,Form_B
CRYST-0731,61.1,16.6,1.67,280.7,methanol,1.32,243,7.2,71.7,31.0,79.1,Form_B
CRYST-0732,60.2,22.3,1.19,147.4,water,4.43,273,2.9,82.4,26.2,64.9,Form_B
CRYST-0733,76.8,5.9,1.43,156.2,water,0.47,252,10.0,61.2,33.4,74.3,Form_B
CRYST-0734,67.3,13.4,0.82,236.2,aceton,4.06,149,3.9,82.1,23.4,77.4,Form_A
CRYST-0735,62.2,16.1,1.98,103.3,water,1.8,92,9.0,44.5,40.2,56.1,Form_B
CRYST-0736,72.0,7.9,0.92,155.9,water,0.7,288,1.8,85.6,19.8,74.8,Form_A
CRYST-0737,68.0,8.8,1.69,157.7,water,2.0,124,6.8,61.7,39.1,69.4,Form_B
CRYST-0738,64.2,16.3,0.71,240.1,aceton,3.66,279,4.8,115.4,13.3,81.3,Form_A
CRYST-0739,73.2,16.7,1.57,201.4,aceton,0.79,229,9.8,57.0,31.1,77.3,Form_B
CRYST-0740,68.3,7.7,0.28,112.2,aceton,0.17,280,6.7,102.5,16.3,76.0,Form_A
CRYST-0741,67.8,14.5,1.99,185.8,ethanol,0.96,219,2.2,70.9,34.2,68.2,Form_B
CRYST-0742,77.1,7.9,1.66,298.3,aceton,3.49,94,3.5,60.6,38.9,84.2,Form_A
CRYST-0743,78.0,6.4,0.57,278.7,water,1.58,164,5.2,102.9,22.8,87.5,Form_A
CRYST-0744,74.2,20.9,0.65,263.2,methanol,4.85,86,8.7,112.1,22.6,84.7,Form_A
CRYST-0745,78.6,7.3,0.73,223.9,ethanol,0.29,105,5.1,86.1,29.7,84.1,Form_A
CRYST-0746,76.7,7.4,0.85,125.4,methanol,4.19,137,0.8,96.6,22.0,78.5,Form_B
CRYST-0747,62.4,16.8,0.75,279.8,aceton,4.69,87,1.4,83.2,22.2,81.6,Form_A
CRYST-0748,73.7,10.4,0.41,172.0,aceton,1.4,126,4.6,91.6,26.3,73.9,Form_A
CRYST-0749,61.1,15.5,1.8,134.1,methanol,2.21,74,1.3,56.2,39.5,55.2,Form_B
CRYST-0750,63.2,5.9,0.71,127.6,methanol,2.78,62,4.2,76.8,21.8,69.6,Form_A
CRYST-0751,80.0,16.5,0.8,269.5,methanol,2.01,88,3.1,91.1,25.5,86.9,Form_B
CRYST-0752,76.8,15.4,0.77,226.9,ethanol,1.14,103,0.3,89.1,25.7,81.4,Form_A
CRYST-0753,65.1,24.3,1.44,121.5,aceton,1.8,119,9.8,40.4,32.7,59.4,Form_B
CRYST-0754,66.0,19.0,0.35,269.7,methanol,3.42,203,7.5,116.1,17.3,82.9,Form_A
CRYST-0755,79.2,24.9,0.55,151.1,water,1.91,102,6.0,78.6,23.9,73.8,Form_A
CRYST-0756,66.4,21.6,0.64,219.7,methanol,1.75,270,2.9,100.6,15.7,74.8,Form_B
CRYST-0757,70.8,24.3,1.35,292.1,ethanol,1.31,69,1.6,61.4,31.3,81.5,Form_B
CRYST-0758,79.1,23.0,1.03,258.0,water,4.89,245,4.0,111.7,23.3,85.4,Form_A
CRYST-0759,66.7,24.1,0.22,234.6,aceton,4.63,249,0.1,112.2,7.8,76.2,Form_A
CRYST-0760,61.9,19.1,1.94,254.0,ethanol,3.89,141,5.4,67.6,35.3,74.2,Form_B
CRYST-0761,75.9,7.9,0.3,207.7,water,4.63,207,0.0,126.4,11.4,84.9,Form_A
CRYST-0762,63.1,23.2,1.08,181.5,water,2.35,199,2.9,91.4,24.5,73.1,Form_A
CRYST-0763,73.9,15.2,0.46,103.5,water,1.7,276,1.7,108.9,20.7,67.7,Form_A
CRYST-0764,61.0,15.0,1.19,100.0,aceton,3.75,294,8.9,77.9,24.2,64.2,Form_A
CRYST-0765,64.3,16.0,1.17,285.3,ethanol,3.37,130,8.6,86.7,30.6,81.7,Form_B
CRYST-0766,63.4,9.2,1.24,120.4,methanol,4.55,178,7.8,89.9,22.7,67.3,Form_B
CRYST-0767,68.1,9.2,1.94,219.6,ethanol,0.6,83,7.3,41.2,44.2,69.3,Form_B
CRYST-0768,64.7,16.4,1.18,213.4,methanol,3.84,238,7.9,90.3,20.4,71.2,Form_A
CRYST-0769,79.6,20.5,0.68,220.1,water,2.16,283,1.1,82.2,13.7,78.5,Form_A
CRYST-0770,65.7,7.0,0.17,201.1,water,3.91,79,7.4,129.6,20.8,81.4,Form_A
CRYST-0771,66.3,19.8,0.92,289.3,water,2.38,238,8.5,87.4,21.2,84.7,Form_A
CRYST-0772,63.1,8.7,1.67,170.0,water,3.31,175,2.6,72.7,27.8,72.9,Form_B
CRYST-0773,76.6,13.3,0.52,161.5,methanol,3.42,292,6.0,133.5,11.6,71.7,Form_A
CRYST-0774,79.5,6.4,1.78,172.8,aceton,3.58,72,5.6,57.6,39.2,72.7,Form_B
CRYST-0775,68.4,17.3,0.86,141.2,aceton,2.32,270,2.4,96.2,15.9,69.3,Form_A
CRYST-0776,77.8,22.0,1.04,244.6,methanol,3.06,194,0.4,88.9,25.5,78.5,Form_B
CRYST-0777,77.4,14.2,1.09,169.3,water,3.95,197,9.0,96.0,22.4,70.6,Form_B
CRYST-0778,73.7,22.2,1.38,112.4,aceton,2.31,75,5.7,59.2,30.4,60.0,Form_B
CRYST-0779,76.1,19.0,0.79,123.4,ethanol,0.46,121,4.5,81.0,29.5,69.4,Form_B
CRYST-0780,74.7,19.9,1.33,253.9,ethanol,1.85,125,8.6,72.1,31.9,83.7,Form_B
CRYST-0781,73.6,12.3,0.14,119.3,methanol,1.89,95,7.2,103.4,18.8,74.0,Form_A
CRYST-0782,64.8,11.8,0.31,142.5,methanol,4.86,124,1.7,113.8,18.8,75.3,Form_A
CRYST-0783,71.3,7.7,1.83,175.1,water,3.24,102,5.0,71.9,39.2,70.5,Form_A
CRYST-0784,61.5,16.5,0.86,258.7,water,3.02,186,6.4,82.0,28.2,78.5,Form_A
CRYST-0785,72.1,24.8,0.2,115.2,water,2.25,136,7.1,95.3,22.2,70.3,Form_A
CRYST-0786,73.2,15.7,0.31,139.0,ethanol,0.28,164,6.1,104.1,25.5,73.6,Form_A
CRYST-0787,76.0,15.8,0.57,139.8,methanol,4.31,150,4.8,132.8,20.9,67.4,Form_B
CRYST-0788,70.1,12.4,0.17,193.0,aceton,3.91,143,0.1,114.3,19.0,77.5,Form_A
CRYST-0789,63.2,9.8,1.31,180.6,ethanol,0.32,55,3.5,61.2,45.6,67.6,Form_B
CRYST-0790,68.3,24.5,1.04,261.1,methanol,2.0,208,5.9,80.1,24.4,82.5,Form_B
CRYST-0791,79.2,13.5,1.76,155.3,water,4.36,217,4.6,101.8,27.2,71.8,Form_B
CRYST-0792,77.4,7.9,1.44,125.2,ethanol,2.11,226,0.2,104.6,27.1,71.7,Form_B
CRYST-0793,79.7,11.2,0.48,147.7,ethanol,1.46,238,0.3,119.2,17.0,72.6,Form_A
CRYST-0794,68.4,19.6,0.45,163.0,methanol,1.16,224,9.5,105.9,21.6,72.6,Form_A
CRYST-0795,76.1,24.2,1.5,217.6,ethanol,1.19,161,2.3,63.4,33.7,72.9,Form_A
CRYST-0796,63.1,9.8,0.9,177.3,ethanol,1.14,114,7.6,68.6,33.5,75.0,Form_B
CRYST-0797,79.9,14.5,1.14,144.3,aceton,0.59,181,6.1,79.5,29.5,70.2,Form_A
CRYST-0798,78.4,11.2,1.88,121.8,aceton,1.57,298,7.2,61.1,24.9,67.5,Form_B
CRYST-0799,78.9,11.6,0.16,217.5,water,4.04,117,0.3,127.7,18.0,81.3,Form_A
