sample_nr,subgroep,meetwaarde_g,doel_g,UCL_g,LCL_g,buiten_limieten,patroon
1,0,500.25,500.0,506.0,494.0,0,normaal
2,0,501.13,500.0,506.0,494.0,0,normaal
3,0,495.34,500.0,506.0,494.0,0,normaal
4,0,499.55,500.0,506.0,494.0,0,normaal
5,0,497.91,500.0,506.0,494.0,0,normaal
6,1,501.63,500.0,506.0,494.0,0,normaal
7,1,503.06,500.0,506.0,494.0,0,normaal
8,1,498.73,500.0,506.0,494.0,0,normaal
9,1,496.95,500.0,506.0,494.0,0,normaal
10,1,499.3,500.0,506.0,494.0,0,normaal
11,2,498.98,500.0,506.0,494.0,0,normaal
12,2,498.41,500.0,506.0,494.0,0,normaal
13,2,503.58,500.0,506.0,494.0,0,normaal
14,2,501.98,500.0,506.0,494.0,0,normaal
15,2,498.12,500.0,506.0,494.0,0,normaal
16,3,497.68,500.0,506.0,494.0,0,normaal
17,3,503.78,500.0,506.0,494.0,0,normaal
18,3,503.85,500.0,506.0,494.0,0,normaal
19,3,497.26,500.0,506.0,494.0,0,normaal
20,3,502.93,500.0,506.0,494.0,0,normaal
21,4,503.27,500.0,506.0,494.0,0,normaal
22,4,503.11,500.0,506.0,494.0,0,normaal
23,4,497.55,500.0,506.0,494.0,0,normaal
24,4,498.3,500.0,506.0,494.0,0,normaal
25,4,499.67,500.0,506.0,494.0,0,normaal
26,5,501.23,500.0,506.0,494.0,0,normaal
27,5,501.15,500.0,506.0,494.0,0,normaal
28,5,499.82,500.0,506.0,494.0,0,normaal
29,5,499.06,500.0,506.0,494.0,0,normaal
30,5,502.95,500.0,506.0,494.0,0,normaal
31,6,498.47,500.0,506.0,494.0,0,normaal
32,6,499.19,500.0,506.0,494.0,0,normaal
33,6,502.04,500.0,506.0,494.0,0,normaal
34,6,499.73,500.0,506.0,494.0,0,normaal
35,6,500.43,500.0,506.0,494.0,0,normaal
36,7,501.4,500.0,506.0,494.0,0,normaal
37,7,501.23,500.0,506.0,494.0,0,normaal
38,7,497.82,500.0,506.0,494.0,0,normaal
39,7,497.46,500.0,506.0,494.0,0,normaal
40,7,501.77,500.0,506.0,494.0,0,normaal
41,8,499.83,500.0,506.0,494.0,0,normaal
42,8,503.61,500.0,506.0,494.0,0,normaal
43,8,500.35,500.0,506.0,494.0,0,normaal
44,8,501.18,500.0,506.0,494.0,0,normaal
45,8,500.32,500.0,506.0,494.0,0,normaal
46,9,499.19,500.0,506.0,494.0,0,normaal
47,9,504.2,500.0,506.0,494.0,0,normaal
48,9,499.58,500.0,506.0,494.0,0,normaal
49,9,498.06,500.0,506.0,494.0,0,normaal
50,9,503.03,500.0,506.0,494.0,0,normaal
51,10,500.54,500.0,506.0,494.0,0,normaal
52,10,504.02,500.0,506.0,494.0,0,normaal
53,10,497.82,500.0,506.0,494.0,0,normaal
54,10,498.53,500.0,506.0,494.0,0,normaal
55,10,500.53,500.0,506.0,494.0,0,normaal
56,11,497.99,500.0,506.0,494.0,0,normaal
57,11,504.57,500.0,506.0,494.0,0,normaal
58,11,500.74,500.0,506.0,494.0,0,normaal
59,11,503.06,500.0,506.0,494.0,0,normaal
60,11,500.09,500.0,506.0,494.0,0,normaal
61,12,498.67,500.0,506.0,494.0,0,normaal
62,12,501.7,500.0,506.0,494.0,0,normaal
63,12,501.75,500.0,506.0,494.0,0,normaal
64,12,497.18,500.0,506.0,494.0,0,normaal
65,12,501.0,500.0,506.0,494.0,0,normaal
66,13,500.07,500.0,506.0,494.0,0,normaal
67,13,500.27,500.0,506.0,494.0,0,normaal
68,13,502.86,500.0,506.0,494.0,0,normaal
69,13,501.92,500.0,506.0,494.0,0,normaal
70,13,501.65,500.0,506.0,494.0,0,normaal
71,14,500.42,500.0,506.0,494.0,0,normaal
72,14,496.62,500.0,506.0,494.0,0,normaal
73,14,497.33,500.0,506.0,494.0,0,normaal
74,14,501.32,500.0,506.0,494.0,0,normaal
75,14,501.12,500.0,506.0,494.0,0,normaal
76,15,494.27,500.0,506.0,494.0,0,normaal
77,15,497.39,500.0,506.0,494.0,0,normaal
78,15,501.57,500.0,506.0,494.0,0,normaal
79,15,499.07,500.0,506.0,494.0,0,normaal
80,15,500.68,500.0,506.0,494.0,0,normaal
81,16,498.58,500.0,506.0,494.0,0,normaal
82,16,496.17,500.0,506.0,494.0,0,normaal
83,16,495.94,500.0,506.0,494.0,0,normaal
84,16,500.91,500.0,506.0,494.0,0,normaal
85,16,500.21,500.0,506.0,494.0,0,normaal
86,17,499.81,500.0,506.0,494.0,0,normaal
87,17,502.12,500.0,506.0,494.0,0,normaal
88,17,502.32,500.0,506.0,494.0,0,normaal
89,17,501.36,500.0,506.0,494.0,0,normaal
90,17,495.52,500.0,506.0,494.0,0,normaal
91,18,497.94,500.0,506.0,494.0,0,normaal
92,18,501.67,500.0,506.0,494.0,0,normaal
93,18,502.82,500.0,506.0,494.0,0,normaal
94,18,499.26,500.0,506.0,494.0,0,normaal
95,18,502.54,500.0,506.0,494.0,0,normaal
96,19,499.42,500.0,506.0,494.0,0,normaal
97,19,497.81,500.0,506.0,494.0,0,normaal
98,19,500.05,500.0,506.0,494.0,0,normaal
99,19,499.39,500.0,506.0,494.0,0,normaal
100,19,498.86,500.0,506.0,494.0,0,normaal
101,20,502.47,500.0,506.0,494.0,0,normaal
102,20,497.34,500.0,506.0,494.0,0,normaal
103,20,499.37,500.0,506.0,494.0,0,normaal
104,20,498.67,500.0,506.0,494.0,0,normaal
105,20,498.86,500.0,506.0,494.0,0,normaal
106,21,498.21,500.0,506.0,494.0,0,normaal
107,21,497.45,500.0,506.0,494.0,0,normaal
108,21,498.94,500.0,506.0,494.0,0,normaal
109,21,501.06,500.0,506.0,494.0,0,normaal
110,21,503.79,500.0,506.0,494.0,0,normaal
111,22,502.86,500.0,506.0,494.0,0,normaal
112,22,500.77,500.0,506.0,494.0,0,normaal
113,22,498.97,500.0,506.0,494.0,0,normaal
114,22,500.85,500.0,506.0,494.0,0,normaal
115,22,498.98,500.0,506.0,494.0,0,normaal
116,23,501.59,500.0,506.0,494.0,0,normaal
117,23,497.84,500.0,506.0,494.0,0,normaal
118,23,501.99,500.0,506.0,494.0,0,normaal
119,23,500.27,500.0,506.0,494.0,0,normaal
120,23,499.42,500.0,506.0,494.0,0,normaal
121,24,500.79,500.0,506.0,494.0,0,normaal
122,24,501.5,500.0,506.0,494.0,0,normaal
123,24,501.86,500.0,506.0,494.0,0,normaal
124,24,498.07,500.0,506.0,494.0,0,normaal
125,24,498.48,500.0,506.0,494.0,0,normaal
126,25,499.23,500.0,506.0,494.0,0,normaal
127,25,498.87,500.0,506.0,494.0,0,normaal
128,25,500.16,500.0,506.0,494.0,0,normaal
129,25,502.83,500.0,506.0,494.0,0,normaal
130,25,501.14,500.0,506.0,494.0,0,normaal
131,26,500.24,500.0,506.0,494.0,0,normaal
132,26,499.86,500.0,506.0,494.0,0,normaal
133,26,499.96,500.0,506.0,494.0,0,normaal
134,26,502.02,500.0,506.0,494.0,0,normaal
135,26,500.16,500.0,506.0,494.0,0,normaal
136,27,499.22,500.0,506.0,494.0,0,normaal
137,27,498.6,500.0,506.0,494.0,0,normaal
138,27,501.48,500.0,506.0,494.0,0,normaal
139,27,501.8,500.0,506.0,494.0,0,normaal
140,27,499.28,500.0,506.0,494.0,0,normaal
141,28,502.3,500.0,506.0,494.0,0,normaal
142,28,500.08,500.0,506.0,494.0,0,normaal
143,28,497.62,500.0,506.0,494.0,0,normaal
144,28,500.36,500.0,506.0,494.0,0,normaal
145,28,500.73,500.0,506.0,494.0,0,normaal
146,29,501.88,500.0,506.0,494.0,0,normaal
147,29,500.3,500.0,506.0,494.0,0,normaal
148,29,495.99,500.0,506.0,494.0,0,normaal
149,29,499.33,500.0,506.0,494.0,0,normaal
150,29,499.77,500.0,506.0,494.0,0,normaal
151,30,500.7,500.0,506.0,494.0,0,normaal
152,30,501.34,500.0,506.0,494.0,0,normaal
153,30,500.41,500.0,506.0,494.0,0,normaal
154,30,500.34,500.0,506.0,494.0,0,normaal
155,30,497.33,500.0,506.0,494.0,0,normaal
156,31,498.08,500.0,506.0,494.0,0,normaal
157,31,499.85,500.0,506.0,494.0,0,normaal
158,31,500.62,500.0,506.0,494.0,0,normaal
159,31,503.02,500.0,506.0,494.0,0,normaal
160,31,502.75,500.0,506.0,494.0,0,normaal
161,32,500.54,500.0,506.0,494.0,0,normaal
162,32,500.0,500.0,506.0,494.0,0,normaal
163,32,501.21,500.0,506.0,494.0,0,normaal
164,32,499.05,500.0,506.0,494.0,0,normaal
165,32,496.14,500.0,506.0,494.0,0,normaal
166,33,499.77,500.0,506.0,494.0,0,normaal
167,33,500.52,500.0,506.0,494.0,0,normaal
168,33,498.41,500.0,506.0,494.0,0,normaal
169,33,501.45,500.0,506.0,494.0,0,normaal
170,33,498.4,500.0,506.0,494.0,0,normaal
171,34,498.21,500.0,506.0,494.0,0,normaal
172,34,497.74,500.0,506.0,494.0,0,normaal
173,34,500.12,500.0,506.0,494.0,0,normaal
174,34,500.18,500.0,506.0,494.0,0,normaal
175,34,501.25,500.0,506.0,494.0,0,normaal
176,35,499.41,500.0,506.0,494.0,0,normaal
177,35,502.56,500.0,506.0,494.0,0,normaal
178,35,497.67,500.0,506.0,494.0,0,normaal
179,35,500.75,500.0,506.0,494.0,0,normaal
180,35,500.22,500.0,506.0,494.0,0,normaal
181,36,499.49,500.0,506.0,494.0,0,normaal
182,36,501.2,500.0,506.0,494.0,0,normaal
183,36,499.76,500.0,506.0,494.0,0,normaal
184,36,500.17,500.0,506.0,494.0,0,normaal
185,36,500.55,500.0,506.0,494.0,0,normaal
186,37,499.14,500.0,506.0,494.0,0,normaal
187,37,494.03,500.0,506.0,494.0,0,normaal
188,37,499.89,500.0,506.0,494.0,0,normaal
189,37,499.5,500.0,506.0,494.0,0,normaal
190,37,500.96,500.0,506.0,494.0,0,normaal
191,38,498.47,500.0,506.0,494.0,0,normaal
192,38,498.31,500.0,506.0,494.0,0,normaal
193,38,497.29,500.0,506.0,494.0,0,normaal
194,38,500.01,500.0,506.0,494.0,0,normaal
195,38,505.77,500.0,506.0,494.0,0,normaal
196,39,500.75,500.0,506.0,494.0,0,normaal
197,39,501.28,500.0,506.0,494.0,0,normaal
198,39,499.27,500.0,506.0,494.0,0,normaal
199,39,499.71,500.0,506.0,494.0,0,normaal
200,39,501.78,500.0,506.0,494.0,0,normaal
201,40,499.27,500.0,506.0,494.0,0,trend_omhoog
202,40,499.88,500.0,506.0,494.0,0,trend_omhoog
203,40,497.79,500.0,506.0,494.0,0,trend_omhoog
204,40,499.79,500.0,506.0,494.0,0,trend_omhoog
205,40,499.77,500.0,506.0,494.0,0,trend_omhoog
206,41,502.2,500.0,506.0,494.0,0,trend_omhoog
207,41,497.1,500.0,506.0,494.0,0,trend_omhoog
208,41,501.11,500.0,506.0,494.0,0,trend_omhoog
209,41,496.39,500.0,506.0,494.0,0,trend_omhoog
210,41,498.83,500.0,506.0,494.0,0,trend_omhoog
211,42,502.71,500.0,506.0,494.0,0,trend_omhoog
212,42,499.93,500.0,506.0,494.0,0,trend_omhoog
213,42,502.91,500.0,506.0,494.0,0,trend_omhoog
214,42,501.48,500.0,506.0,494.0,0,trend_omhoog
215,42,503.42,500.0,506.0,494.0,0,trend_omhoog
216,43,501.74,500.0,506.0,494.0,0,trend_omhoog
217,43,501.71,500.0,506.0,494.0,0,trend_omhoog
218,43,501.55,500.0,506.0,494.0,0,trend_omhoog
219,43,502.66,500.0,506.0,494.0,0,trend_omhoog
220,43,499.13,500.0,506.0,494.0,0,trend_omhoog
221,44,499.06,500.0,506.0,494.0,0,trend_omhoog
222,44,501.76,500.0,506.0,494.0,0,trend_omhoog
223,44,502.23,500.0,506.0,494.0,0,trend_omhoog
224,44,498.72,500.0,506.0,494.0,0,trend_omhoog
225,44,501.9,500.0,506.0,494.0,0,trend_omhoog
226,45,501.81,500.0,506.0,494.0,0,trend_omhoog
227,45,500.28,500.0,506.0,494.0,0,trend_omhoog
228,45,502.17,500.0,506.0,494.0,0,trend_omhoog
229,45,501.89,500.0,506.0,494.0,0,trend_omhoog
230,45,503.14,500.0,506.0,494.0,0,trend_omhoog
231,46,502.45,500.0,506.0,494.0,0,trend_omhoog
232,46,498.58,500.0,506.0,494.0,0,trend_omhoog
233,46,502.62,500.0,506.0,494.0,0,trend_omhoog
234,46,502.73,500.0,506.0,494.0,0,trend_omhoog
235,46,503.36,500.0,506.0,494.0,0,trend_omhoog
236,47,503.03,500.0,506.0,494.0,0,trend_omhoog
237,47,500.77,500.0,506.0,494.0,0,trend_omhoog
238,47,502.06,500.0,506.0,494.0,0,trend_omhoog
239,47,502.45,500.0,506.0,494.0,0,trend_omhoog
240,47,507.79,500.0,506.0,494.0,1,trend_omhoog
241,48,503.22,500.0,506.0,494.0,0,trend_omhoog
242,48,502.85,500.0,506.0,494.0,0,trend_omhoog
243,48,502.5,500.0,506.0,494.0,0,trend_omhoog
244,48,504.81,500.0,506.0,494.0,0,trend_omhoog
245,48,501.67,500.0,506.0,494.0,0,trend_omhoog
246,49,503.57,500.0,506.0,494.0,0,trend_omhoog
247,49,507.03,500.0,506.0,494.0,1,trend_omhoog
248,49,503.9,500.0,506.0,494.0,0,trend_omhoog
249,49,503.31,500.0,506.0,494.0,0,trend_omhoog
250,49,503.33,500.0,506.0,494.0,0,trend_omhoog
251,50,506.62,500.0,506.0,494.0,1,trend_omhoog
252,50,501.79,500.0,506.0,494.0,0,trend_omhoog
253,50,503.68,500.0,506.0,494.0,0,trend_omhoog
254,50,502.02,500.0,506.0,494.0,0,trend_omhoog
255,50,501.39,500.0,506.0,494.0,0,trend_omhoog
256,51,505.71,500.0,506.0,494.0,0,trend_omhoog
257,51,505.59,500.0,506.0,494.0,0,trend_omhoog
258,51,504.36,500.0,506.0,494.0,0,trend_omhoog
259,51,504.57,500.0,506.0,494.0,0,trend_omhoog
260,51,506.95,500.0,506.0,494.0,1,trend_omhoog
261,52,503.2,500.0,506.0,494.0,0,trend_omhoog
262,52,506.82,500.0,506.0,494.0,1,trend_omhoog
263,52,508.21,500.0,506.0,494.0,1,trend_omhoog
264,52,506.86,500.0,506.0,494.0,1,trend_omhoog
265,52,504.6,500.0,506.0,494.0,0,trend_omhoog
266,53,502.05,500.0,506.0,494.0,0,trend_omhoog
267,53,502.24,500.0,506.0,494.0,0,trend_omhoog
268,53,504.37,500.0,506.0,494.0,0,trend_omhoog
269,53,504.97,500.0,506.0,494.0,0,trend_omhoog
270,53,504.92,500.0,506.0,494.0,0,trend_omhoog
271,54,504.85,500.0,506.0,494.0,0,trend_omhoog
272,54,507.33,500.0,506.0,494.0,1,trend_omhoog
273,54,505.77,500.0,506.0,494.0,0,trend_omhoog
274,54,508.0,500.0,506.0,494.0,1,trend_omhoog
275,54,507.76,500.0,506.0,494.0,1,trend_omhoog
276,55,507.78,500.0,506.0,494.0,1,trend_omhoog
277,55,505.29,500.0,506.0,494.0,0,trend_omhoog
278,55,506.51,500.0,506.0,494.0,1,trend_omhoog
279,55,508.81,500.0,506.0,494.0,1,trend_omhoog
280,55,506.35,500.0,506.0,494.0,1,trend_omhoog
281,56,509.07,500.0,506.0,494.0,1,trend_omhoog
282,56,509.92,500.0,506.0,494.0,1,trend_omhoog
283,56,507.69,500.0,506.0,494.0,1,trend_omhoog
284,56,505.32,500.0,506.0,494.0,0,trend_omhoog
285,56,506.39,500.0,506.0,494.0,1,trend_omhoog
286,57,506.28,500.0,506.0,494.0,1,trend_omhoog
287,57,507.37,500.0,506.0,494.0,1,trend_omhoog
288,57,504.76,500.0,506.0,494.0,0,trend_omhoog
289,57,504.91,500.0,506.0,494.0,0,trend_omhoog
290,57,508.08,500.0,506.0,494.0,1,trend_omhoog
291,58,506.51,500.0,506.0,494.0,1,trend_omhoog
292,58,506.88,500.0,506.0,494.0,1,trend_omhoog
293,58,504.62,500.0,506.0,494.0,0,trend_omhoog
294,58,504.34,500.0,506.0,494.0,0,trend_omhoog
295,58,509.74,500.0,506.0,494.0,1,trend_omhoog
296,59,508.07,500.0,506.0,494.0,1,trend_omhoog
297,59,506.62,500.0,506.0,494.0,1,trend_omhoog
298,59,506.78,500.0,506.0,494.0,1,trend_omhoog
299,59,508.74,500.0,506.0,494.0,1,trend_omhoog
300,59,510.65,500.0,506.0,494.0,1,trend_omhoog
301,60,499.15,500.0,506.0,494.0,0,normaal
302,60,499.23,500.0,506.0,494.0,0,normaal
303,60,497.7,500.0,506.0,494.0,0,normaal
304,60,501.65,500.0,506.0,494.0,0,normaal
305,60,498.69,500.0,506.0,494.0,0,normaal
306,61,501.79,500.0,506.0,494.0,0,normaal
307,61,500.88,500.0,506.0,494.0,0,normaal
308,61,502.75,500.0,506.0,494.0,0,normaal
309,61,497.62,500.0,506.0,494.0,0,normaal
310,61,499.61,500.0,506.0,494.0,0,normaal
311,62,498.84,500.0,506.0,494.0,0,normaal
312,62,499.13,500.0,506.0,494.0,0,normaal
313,62,499.43,500.0,506.0,494.0,0,normaal
314,62,501.68,500.0,506.0,494.0,0,normaal
315,62,501.69,500.0,506.0,494.0,0,normaal
316,63,499.68,500.0,506.0,494.0,0,normaal
317,63,498.55,500.0,506.0,494.0,0,normaal
318,63,502.17,500.0,506.0,494.0,0,normaal
319,63,501.13,500.0,506.0,494.0,0,normaal
320,63,500.57,500.0,506.0,494.0,0,normaal
321,64,499.32,500.0,506.0,494.0,0,normaal
322,64,499.59,500.0,506.0,494.0,0,normaal
323,64,501.05,500.0,506.0,494.0,0,normaal
324,64,503.45,500.0,506.0,494.0,0,normaal
325,64,494.8,500.0,506.0,494.0,0,normaal
326,65,500.3,500.0,506.0,494.0,0,normaal
327,65,499.51,500.0,506.0,494.0,0,normaal
328,65,499.97,500.0,506.0,494.0,0,normaal
329,65,498.54,500.0,506.0,494.0,0,normaal
330,65,498.46,500.0,506.0,494.0,0,normaal
331,66,500.32,500.0,506.0,494.0,0,normaal
332,66,498.35,500.0,506.0,494.0,0,normaal
333,66,500.27,500.0,506.0,494.0,0,normaal
334,66,500.75,500.0,506.0,494.0,0,normaal
335,66,499.86,500.0,506.0,494.0,0,normaal
336,67,502.16,500.0,506.0,494.0,0,normaal
337,67,501.23,500.0,506.0,494.0,0,normaal
338,67,499.87,500.0,506.0,494.0,0,normaal
339,67,500.85,500.0,506.0,494.0,0,normaal
340,67,497.75,500.0,506.0,494.0,0,normaal
341,68,499.59,500.0,506.0,494.0,0,normaal
342,68,499.92,500.0,506.0,494.0,0,normaal
343,68,496.93,500.0,506.0,494.0,0,normaal
344,68,502.58,500.0,506.0,494.0,0,normaal
345,68,499.6,500.0,506.0,494.0,0,normaal
346,69,502.21,500.0,506.0,494.0,0,normaal
347,69,501.4,500.0,506.0,494.0,0,normaal
348,69,502.88,500.0,506.0,494.0,0,normaal
349,69,497.71,500.0,506.0,494.0,0,normaal
350,69,501.15,500.0,506.0,494.0,0,normaal
351,70,500.85,500.0,506.0,494.0,0,normaal
352,70,499.69,500.0,506.0,494.0,0,normaal
353,70,499.5,500.0,506.0,494.0,0,normaal
354,70,501.04,500.0,506.0,494.0,0,normaal
355,70,499.96,500.0,506.0,494.0,0,normaal
356,71,497.66,500.0,506.0,494.0,0,normaal
357,71,502.72,500.0,506.0,494.0,0,normaal
358,71,499.48,500.0,506.0,494.0,0,normaal
359,71,493.95,500.0,506.0,494.0,1,normaal
360,71,500.31,500.0,506.0,494.0,0,normaal
361,72,500.4,500.0,506.0,494.0,0,normaal
362,72,498.7,500.0,506.0,494.0,0,normaal
363,72,496.87,500.0,506.0,494.0,0,normaal
364,72,503.18,500.0,506.0,494.0,0,normaal
365,72,496.61,500.0,506.0,494.0,0,normaal
366,73,497.52,500.0,506.0,494.0,0,normaal
367,73,496.83,500.0,506.0,494.0,0,normaal
368,73,498.86,500.0,506.0,494.0,0,normaal
369,73,505.07,500.0,506.0,494.0,0,normaal
370,73,496.57,500.0,506.0,494.0,0,normaal
371,74,501.96,500.0,506.0,494.0,0,normaal
372,74,500.31,500.0,506.0,494.0,0,normaal
373,74,497.57,500.0,506.0,494.0,0,normaal
374,74,499.39,500.0,506.0,494.0,0,normaal
375,74,499.22,500.0,506.0,494.0,0,normaal
376,75,501.21,500.0,506.0,494.0,0,normaal
377,75,503.57,500.0,506.0,494.0,0,normaal
378,75,501.11,500.0,506.0,494.0,0,normaal
379,75,502.08,500.0,506.0,494.0,0,normaal
380,75,497.59,500.0,506.0,494.0,0,normaal
381,76,498.84,500.0,506.0,494.0,0,normaal
382,76,500.38,500.0,506.0,494.0,0,normaal
383,76,497.12,500.0,506.0,494.0,0,normaal
384,76,497.82,500.0,506.0,494.0,0,normaal
385,76,497.09,500.0,506.0,494.0,0,normaal
386,77,499.47,500.0,506.0,494.0,0,normaal
387,77,498.68,500.0,506.0,494.0,0,normaal
388,77,499.03,500.0,506.0,494.0,0,normaal
389,77,498.29,500.0,506.0,494.0,0,normaal
390,77,499.63,500.0,506.0,494.0,0,normaal
391,78,496.71,500.0,506.0,494.0,0,normaal
392,78,497.91,500.0,506.0,494.0,0,normaal
393,78,500.89,500.0,506.0,494.0,0,normaal
394,78,498.88,500.0,506.0,494.0,0,normaal
395,78,498.9,500.0,506.0,494.0,0,normaal
396,79,501.68,500.0,506.0,494.0,0,normaal
397,79,501.0,500.0,506.0,494.0,0,normaal
398,79,500.46,500.0,506.0,494.0,0,normaal
399,79,500.33,500.0,506.0,494.0,0,normaal
400,79,502.57,500.0,506.0,494.0,0,normaal
401,80,500.03,500.0,506.0,494.0,0,normaal
402,80,499.36,500.0,506.0,494.0,0,normaal
403,80,499.41,500.0,506.0,494.0,0,normaal
404,80,503.93,500.0,506.0,494.0,0,normaal
405,80,500.2,500.0,506.0,494.0,0,normaal
406,81,501.55,500.0,506.0,494.0,0,normaal
407,81,503.25,500.0,506.0,494.0,0,normaal
408,81,497.71,500.0,506.0,494.0,0,normaal
409,81,504.36,500.0,506.0,494.0,0,normaal
410,81,503.43,500.0,506.0,494.0,0,normaal
411,82,501.45,500.0,506.0,494.0,0,normaal
412,82,500.86,500.0,506.0,494.0,0,normaal
413,82,499.01,500.0,506.0,494.0,0,normaal
414,82,499.46,500.0,506.0,494.0,0,normaal
415,82,500.09,500.0,506.0,494.0,0,normaal
416,83,501.34,500.0,506.0,494.0,0,normaal
417,83,501.0,500.0,506.0,494.0,0,normaal
418,83,500.16,500.0,506.0,494.0,0,normaal
419,83,503.25,500.0,506.0,494.0,0,normaal
420,83,500.57,500.0,506.0,494.0,0,normaal
421,84,499.27,500.0,506.0,494.0,0,normaal
422,84,494.52,500.0,506.0,494.0,0,normaal
423,84,503.79,500.0,506.0,494.0,0,normaal
424,84,499.73,500.0,506.0,494.0,0,normaal
425,84,501.81,500.0,506.0,494.0,0,normaal
426,85,502.25,500.0,506.0,494.0,0,normaal
427,85,500.4,500.0,506.0,494.0,0,normaal
428,85,501.32,500.0,506.0,494.0,0,normaal
429,85,498.6,500.0,506.0,494.0,0,normaal
430,85,500.45,500.0,506.0,494.0,0,normaal
431,86,500.79,500.0,506.0,494.0,0,normaal
432,86,500.05,500.0,506.0,494.0,0,normaal
433,86,500.31,500.0,506.0,494.0,0,normaal
434,86,502.96,500.0,506.0,494.0,0,normaal
435,86,502.85,500.0,506.0,494.0,0,normaal
436,87,498.38,500.0,506.0,494.0,0,normaal
437,87,501.0,500.0,506.0,494.0,0,normaal
438,87,503.17,500.0,506.0,494.0,0,normaal
439,87,500.06,500.0,506.0,494.0,0,normaal
440,87,501.28,500.0,506.0,494.0,0,normaal
441,88,500.03,500.0,506.0,494.0,0,normaal
442,88,497.73,500.0,506.0,494.0,0,normaal
443,88,498.88,500.0,506.0,494.0,0,normaal
444,88,501.19,500.0,506.0,494.0,0,normaal
445,88,499.29,500.0,506.0,494.0,0,normaal
446,89,499.4,500.0,506.0,494.0,0,normaal
447,89,501.78,500.0,506.0,494.0,0,normaal
448,89,501.86,500.0,506.0,494.0,0,normaal
449,89,500.64,500.0,506.0,494.0,0,normaal
450,89,500.99,500.0,506.0,494.0,0,normaal
451,90,498.35,500.0,506.0,494.0,0,normaal
452,90,497.32,500.0,506.0,494.0,0,normaal
453,90,500.43,500.0,506.0,494.0,0,normaal
454,90,503.29,500.0,506.0,494.0,0,normaal
455,90,500.37,500.0,506.0,494.0,0,normaal
456,91,497.12,500.0,506.0,494.0,0,normaal
457,91,500.22,500.0,506.0,494.0,0,normaal
458,91,502.05,500.0,506.0,494.0,0,normaal
459,91,501.18,500.0,506.0,494.0,0,normaal
460,91,497.6,500.0,506.0,494.0,0,normaal
461,92,499.61,500.0,506.0,494.0,0,normaal
462,92,500.14,500.0,506.0,494.0,0,normaal
463,92,500.09,500.0,506.0,494.0,0,normaal
464,92,499.53,500.0,506.0,494.0,0,normaal
465,92,499.4,500.0,506.0,494.0,0,normaal
466,93,499.68,500.0,506.0,494.0,0,normaal
467,93,501.43,500.0,506.0,494.0,0,normaal
468,93,496.52,500.0,506.0,494.0,0,normaal
469,93,500.07,500.0,506.0,494.0,0,normaal
470,93,501.11,500.0,506.0,494.0,0,normaal
471,94,499.55,500.0,506.0,494.0,0,normaal
472,94,500.17,500.0,506.0,494.0,0,normaal
473,94,502.8,500.0,506.0,494.0,0,normaal
474,94,497.62,500.0,506.0,494.0,0,normaal
475,94,500.73,500.0,506.0,494.0,0,normaal
476,95,504.02,500.0,506.0,494.0,0,normaal
477,95,501.06,500.0,506.0,494.0,0,normaal
478,95,499.86,500.0,506.0,494.0,0,normaal
479,95,497.7,500.0,506.0,494.0,0,normaal
480,95,499.85,500.0,506.0,494.0,0,normaal
481,96,503.95,500.0,506.0,494.0,0,normaal
482,96,498.98,500.0,506.0,494.0,0,normaal
483,96,501.48,500.0,506.0,494.0,0,normaal
484,96,497.13,500.0,506.0,494.0,0,normaal
485,96,499.34,500.0,506.0,494.0,0,normaal
486,97,499.85,500.0,506.0,494.0,0,normaal
487,97,499.43,500.0,506.0,494.0,0,normaal
488,97,499.79,500.0,506.0,494.0,0,normaal
489,97,501.79,500.0,506.0,494.0,0,normaal
490,97,500.66,500.0,506.0,494.0,0,normaal
491,98,498.92,500.0,506.0,494.0,0,normaal
492,98,497.05,500.0,506.0,494.0,0,normaal
493,98,499.87,500.0,506.0,494.0,0,normaal
494,98,501.88,500.0,506.0,494.0,0,normaal
495,98,495.07,500.0,506.0,494.0,0,normaal
496,99,500.58,500.0,506.0,494.0,0,normaal
497,99,500.5,500.0,506.0,494.0,0,normaal
498,99,502.95,500.0,506.0,494.0,0,normaal
499,99,499.95,500.0,506.0,494.0,0,normaal
500,99,497.69,500.0,506.0,494.0,0,normaal
501,100,503.91,500.0,506.0,494.0,0,shift_omhoog
502,100,505.41,500.0,506.0,494.0,0,shift_omhoog
503,100,502.8,500.0,506.0,494.0,0,shift_omhoog
504,100,505.85,500.0,506.0,494.0,0,shift_omhoog
505,100,507.34,500.0,506.0,494.0,1,shift_omhoog
506,101,507.77,500.0,506.0,494.0,1,shift_omhoog
507,101,505.29,500.0,506.0,494.0,0,shift_omhoog
508,101,502.41,500.0,506.0,494.0,0,shift_omhoog
509,101,507.57,500.0,506.0,494.0,1,shift_omhoog
510,101,506.91,500.0,506.0,494.0,1,shift_omhoog
511,102,505.34,500.0,506.0,494.0,0,shift_omhoog
512,102,505.48,500.0,506.0,494.0,0,shift_omhoog
513,102,509.83,500.0,506.0,494.0,1,shift_omhoog
514,102,507.59,500.0,506.0,494.0,1,shift_omhoog
515,102,499.95,500.0,506.0,494.0,0,shift_omhoog
516,103,503.86,500.0,506.0,494.0,0,shift_omhoog
517,103,501.05,500.0,506.0,494.0,0,shift_omhoog
518,103,503.03,500.0,506.0,494.0,0,shift_omhoog
519,103,501.65,500.0,506.0,494.0,0,shift_omhoog
520,103,505.1,500.0,506.0,494.0,0,shift_omhoog
521,104,503.2,500.0,506.0,494.0,0,shift_omhoog
522,104,504.0,500.0,506.0,494.0,0,shift_omhoog
523,104,505.46,500.0,506.0,494.0,0,shift_omhoog
524,104,504.31,500.0,506.0,494.0,0,shift_omhoog
525,104,506.46,500.0,506.0,494.0,1,shift_omhoog
526,105,505.5,500.0,506.0,494.0,0,shift_omhoog
527,105,504.62,500.0,506.0,494.0,0,shift_omhoog
528,105,504.65,500.0,506.0,494.0,0,shift_omhoog
529,105,505.15,500.0,506.0,494.0,0,shift_omhoog
530,105,505.46,500.0,506.0,494.0,0,shift_omhoog
531,106,504.01,500.0,506.0,494.0,0,shift_omhoog
532,106,501.5,500.0,506.0,494.0,0,shift_omhoog
533,106,506.91,500.0,506.0,494.0,1,shift_omhoog
534,106,506.56,500.0,506.0,494.0,1,shift_omhoog
535,106,506.02,500.0,506.0,494.0,1,shift_omhoog
536,107,505.29,500.0,506.0,494.0,0,shift_omhoog
537,107,506.66,500.0,506.0,494.0,1,shift_omhoog
538,107,501.51,500.0,506.0,494.0,0,shift_omhoog
539,107,504.98,500.0,506.0,494.0,0,shift_omhoog
540,107,505.96,500.0,506.0,494.0,0,shift_omhoog
541,108,504.4,500.0,506.0,494.0,0,shift_omhoog
542,108,505.57,500.0,506.0,494.0,0,shift_omhoog
543,108,506.27,500.0,506.0,494.0,1,shift_omhoog
544,108,507.01,500.0,506.0,494.0,1,shift_omhoog
545,108,505.95,500.0,506.0,494.0,0,shift_omhoog
546,109,502.77,500.0,506.0,494.0,0,shift_omhoog
547,109,505.67,500.0,506.0,494.0,0,shift_omhoog
548,109,501.22,500.0,506.0,494.0,0,shift_omhoog
549,109,503.38,500.0,506.0,494.0,0,shift_omhoog
550,109,505.69,500.0,506.0,494.0,0,shift_omhoog
551,110,502.61,500.0,506.0,494.0,0,shift_omhoog
552,110,506.04,500.0,506.0,494.0,1,shift_omhoog
553,110,504.05,500.0,506.0,494.0,0,shift_omhoog
554,110,507.28,500.0,506.0,494.0,1,shift_omhoog
555,110,508.09,500.0,506.0,494.0,1,shift_omhoog
556,111,506.75,500.0,506.0,494.0,1,shift_omhoog
557,111,506.12,500.0,506.0,494.0,1,shift_omhoog
558,111,508.22,500.0,506.0,494.0,1,shift_omhoog
559,111,508.01,500.0,506.0,494.0,1,shift_omhoog
560,111,503.37,500.0,506.0,494.0,0,shift_omhoog
561,112,504.99,500.0,506.0,494.0,0,shift_omhoog
562,112,505.75,500.0,506.0,494.0,0,shift_omhoog
563,112,508.02,500.0,506.0,494.0,1,shift_omhoog
564,112,503.86,500.0,506.0,494.0,0,shift_omhoog
565,112,507.11,500.0,506.0,494.0,1,shift_omhoog
566,113,504.69,500.0,506.0,494.0,0,shift_omhoog
567,113,505.75,500.0,506.0,494.0,0,shift_omhoog
568,113,505.64,500.0,506.0,494.0,0,shift_omhoog
569,113,505.21,500.0,506.0,494.0,0,shift_omhoog
570,113,506.39,500.0,506.0,494.0,1,shift_omhoog
571,114,504.73,500.0,506.0,494.0,0,shift_omhoog
572,114,507.87,500.0,506.0,494.0,1,shift_omhoog
573,114,507.6,500.0,506.0,494.0,1,shift_omhoog
574,114,506.0,500.0,506.0,494.0,1,shift_omhoog
575,114,505.09,500.0,506.0,494.0,0,shift_omhoog
576,115,504.16,500.0,506.0,494.0,0,shift_omhoog
577,115,504.34,500.0,506.0,494.0,0,shift_omhoog
578,115,509.58,500.0,506.0,494.0,1,shift_omhoog
579,115,507.24,500.0,506.0,494.0,1,shift_omhoog
580,115,503.39,500.0,506.0,494.0,0,shift_omhoog
581,116,499.87,500.0,506.0,494.0,0,normaal
582,116,500.88,500.0,506.0,494.0,0,normaal
583,116,497.25,500.0,506.0,494.0,0,normaal
584,116,503.7,500.0,506.0,494.0,0,normaal
585,116,504.32,500.0,506.0,494.0,0,normaal
586,117,501.25,500.0,506.0,494.0,0,normaal
587,117,500.13,500.0,506.0,494.0,0,normaal
588,117,501.45,500.0,506.0,494.0,0,normaal
589,117,497.07,500.0,506.0,494.0,0,normaal
590,117,499.52,500.0,506.0,494.0,0,normaal
591,118,499.88,500.0,506.0,494.0,0,normaal
592,118,498.66,500.0,506.0,494.0,0,normaal
593,118,499.15,500.0,506.0,494.0,0,normaal
594,118,499.78,500.0,506.0,494.0,0,normaal
595,118,504.45,500.0,506.0,494.0,0,normaal
596,119,501.39,500.0,506.0,494.0,0,normaal
597,119,499.39,500.0,506.0,494.0,0,normaal
598,119,503.24,500.0,506.0,494.0,0,normaal
599,119,500.5,500.0,506.0,494.0,0,normaal
600,119,501.15,500.0,506.0,494.0,0,normaal
601,120,497.46,500.0,506.0,494.0,0,normaal
602,120,503.49,500.0,506.0,494.0,0,normaal
603,120,494.33,500.0,506.0,494.0,0,normaal
604,120,500.69,500.0,506.0,494.0,0,normaal
605,120,499.87,500.0,506.0,494.0,0,normaal
606,121,501.58,500.0,506.0,494.0,0,normaal
607,121,501.43,500.0,506.0,494.0,0,normaal
608,121,502.73,500.0,506.0,494.0,0,normaal
609,121,499.19,500.0,506.0,494.0,0,normaal
610,121,500.18,500.0,506.0,494.0,0,normaal
611,122,500.97,500.0,506.0,494.0,0,normaal
612,122,502.88,500.0,506.0,494.0,0,normaal
613,122,497.99,500.0,506.0,494.0,0,normaal
614,122,501.69,500.0,506.0,494.0,0,normaal
615,122,501.33,500.0,506.0,494.0,0,normaal
616,123,499.25,500.0,506.0,494.0,0,normaal
617,123,500.47,500.0,506.0,494.0,0,normaal
618,123,500.04,500.0,506.0,494.0,0,normaal
619,123,500.42,500.0,506.0,494.0,0,normaal
620,123,498.56,500.0,506.0,494.0,0,normaal
621,124,498.18,500.0,506.0,494.0,0,normaal
622,124,500.18,500.0,506.0,494.0,0,normaal
623,124,499.0,500.0,506.0,494.0,0,normaal
624,124,500.99,500.0,506.0,494.0,0,normaal
625,124,500.05,500.0,506.0,494.0,0,normaal
626,125,496.96,500.0,506.0,494.0,0,normaal
627,125,501.7,500.0,506.0,494.0,0,normaal
628,125,500.5,500.0,506.0,494.0,0,normaal
629,125,500.53,500.0,506.0,494.0,0,normaal
630,125,499.78,500.0,506.0,494.0,0,normaal
631,126,498.84,500.0,506.0,494.0,0,normaal
632,126,504.08,500.0,506.0,494.0,0,normaal
633,126,501.35,500.0,506.0,494.0,0,normaal
634,126,497.33,500.0,506.0,494.0,0,normaal
635,126,497.66,500.0,506.0,494.0,0,normaal
636,127,499.69,500.0,506.0,494.0,0,normaal
637,127,499.13,500.0,506.0,494.0,0,normaal
638,127,496.52,500.0,506.0,494.0,0,normaal
639,127,499.17,500.0,506.0,494.0,0,normaal
640,127,501.21,500.0,506.0,494.0,0,normaal
641,128,503.14,500.0,506.0,494.0,0,normaal
642,128,500.15,500.0,506.0,494.0,0,normaal
643,128,499.27,500.0,506.0,494.0,0,normaal
644,128,499.35,500.0,506.0,494.0,0,normaal
645,128,500.68,500.0,506.0,494.0,0,normaal
646,129,502.93,500.0,506.0,494.0,0,normaal
647,129,498.55,500.0,506.0,494.0,0,normaal
648,129,499.28,500.0,506.0,494.0,0,normaal
649,129,497.65,500.0,506.0,494.0,0,normaal
650,129,501.07,500.0,506.0,494.0,0,normaal
651,130,499.18,500.0,506.0,494.0,0,normaal
652,130,500.29,500.0,506.0,494.0,0,normaal
653,130,499.32,500.0,506.0,494.0,0,normaal
654,130,501.18,500.0,506.0,494.0,0,normaal
655,130,504.23,500.0,506.0,494.0,0,normaal
656,131,500.63,500.0,506.0,494.0,0,normaal
657,131,500.46,500.0,506.0,494.0,0,normaal
658,131,502.09,500.0,506.0,494.0,0,normaal
659,131,500.99,500.0,506.0,494.0,0,normaal
660,131,502.04,500.0,506.0,494.0,0,normaal
661,132,502.08,500.0,506.0,494.0,0,normaal
662,132,496.87,500.0,506.0,494.0,0,normaal
663,132,502.57,500.0,506.0,494.0,0,normaal
664,132,499.52,500.0,506.0,494.0,0,normaal
665,132,498.18,500.0,506.0,494.0,0,normaal
666,133,500.36,500.0,506.0,494.0,0,normaal
667,133,500.11,500.0,506.0,494.0,0,normaal
668,133,500.33,500.0,506.0,494.0,0,normaal
669,133,500.76,500.0,506.0,494.0,0,normaal
670,133,498.87,500.0,506.0,494.0,0,normaal
671,134,500.38,500.0,506.0,494.0,0,normaal
672,134,502.34,500.0,506.0,494.0,0,normaal
673,134,498.34,500.0,506.0,494.0,0,normaal
674,134,497.27,500.0,506.0,494.0,0,normaal
675,134,499.71,500.0,506.0,494.0,0,normaal
676,135,499.18,500.0,506.0,494.0,0,normaal
677,135,501.44,500.0,506.0,494.0,0,normaal
678,135,500.98,500.0,506.0,494.0,0,normaal
679,135,504.46,500.0,506.0,494.0,0,normaal
680,135,496.21,500.0,506.0,494.0,0,normaal
681,136,501.61,500.0,506.0,494.0,0,normaal
682,136,497.71,500.0,506.0,494.0,0,normaal
683,136,498.67,500.0,506.0,494.0,0,normaal
684,136,504.79,500.0,506.0,494.0,0,normaal
685,136,499.81,500.0,506.0,494.0,0,normaal
686,137,498.74,500.0,506.0,494.0,0,normaal
687,137,502.99,500.0,506.0,494.0,0,normaal
688,137,502.18,500.0,506.0,494.0,0,normaal
689,137,498.1,500.0,506.0,494.0,0,normaal
690,137,499.98,500.0,506.0,494.0,0,normaal
691,138,501.69,500.0,506.0,494.0,0,normaal
692,138,499.79,500.0,506.0,494.0,0,normaal
693,138,495.16,500.0,506.0,494.0,0,normaal
694,138,499.69,500.0,506.0,494.0,0,normaal
695,138,501.26,500.0,506.0,494.0,0,normaal
696,139,497.76,500.0,506.0,494.0,0,normaal
697,139,498.02,500.0,506.0,494.0,0,normaal
698,139,503.57,500.0,506.0,494.0,0,normaal
699,139,502.92,500.0,506.0,494.0,0,normaal
700,139,505.47,500.0,506.0,494.0,0,normaal
701,140,501.02,500.0,506.0,494.0,0,normaal
702,140,497.03,500.0,506.0,494.0,0,normaal
703,140,496.29,500.0,506.0,494.0,0,normaal
704,140,501.87,500.0,506.0,494.0,0,normaal
705,140,502.07,500.0,506.0,494.0,0,normaal
706,141,499.78,500.0,506.0,494.0,0,normaal
707,141,503.07,500.0,506.0,494.0,0,normaal
708,141,500.99,500.0,506.0,494.0,0,normaal
709,141,500.5,500.0,506.0,494.0,0,normaal
710,141,501.1,500.0,506.0,494.0,0,normaal
711,142,501.72,500.0,506.0,494.0,0,normaal
712,142,500.69,500.0,506.0,494.0,0,normaal
713,142,495.26,500.0,506.0,494.0,0,normaal
714,142,501.39,500.0,506.0,494.0,0,normaal
715,142,496.07,500.0,506.0,494.0,0,normaal
716,143,500.21,500.0,506.0,494.0,0,normaal
717,143,500.44,500.0,506.0,494.0,0,normaal
718,143,499.72,500.0,506.0,494.0,0,normaal
719,143,500.16,500.0,506.0,494.0,0,normaal
720,143,499.53,500.0,506.0,494.0,0,normaal
721,144,499.7,500.0,506.0,494.0,0,normaal
722,144,500.11,500.0,506.0,494.0,0,normaal
723,144,500.72,500.0,506.0,494.0,0,normaal
724,144,498.63,500.0,506.0,494.0,0,normaal
725,144,501.44,500.0,506.0,494.0,0,normaal
726,145,497.73,500.0,506.0,494.0,0,normaal
727,145,497.05,500.0,506.0,494.0,0,normaal
728,145,501.17,500.0,506.0,494.0,0,normaal
729,145,496.99,500.0,506.0,494.0,0,normaal
730,145,502.76,500.0,506.0,494.0,0,normaal
731,146,503.06,500.0,506.0,494.0,0,normaal
732,146,499.53,500.0,506.0,494.0,0,normaal
733,146,499.99,500.0,506.0,494.0,0,normaal
734,146,496.77,500.0,506.0,494.0,0,normaal
735,146,500.31,500.0,506.0,494.0,0,normaal
736,147,501.67,500.0,506.0,494.0,0,normaal
737,147,499.5,500.0,506.0,494.0,0,normaal
738,147,499.8,500.0,506.0,494.0,0,normaal
739,147,498.2,500.0,506.0,494.0,0,normaal
740,147,498.51,500.0,506.0,494.0,0,normaal
741,148,497.13,500.0,506.0,494.0,0,normaal
742,148,503.22,500.0,506.0,494.0,0,normaal
743,148,499.62,500.0,506.0,494.0,0,normaal
744,148,501.35,500.0,506.0,494.0,0,normaal
745,148,501.23,500.0,506.0,494.0,0,normaal
746,149,498.79,500.0,506.0,494.0,0,normaal
747,149,499.59,500.0,506.0,494.0,0,normaal
748,149,498.21,500.0,506.0,494.0,0,normaal
749,149,500.92,500.0,506.0,494.0,0,normaal
750,149,498.63,500.0,506.0,494.0,0,normaal
751,150,500.1,500.0,506.0,494.0,0,normaal
752,150,497.99,500.0,506.0,494.0,0,normaal
753,150,500.73,500.0,506.0,494.0,0,normaal
754,150,501.82,500.0,506.0,494.0,0,normaal
755,150,502.36,500.0,506.0,494.0,0,normaal
756,151,499.28,500.0,506.0,494.0,0,normaal
757,151,497.89,500.0,506.0,494.0,0,normaal
758,151,502.18,500.0,506.0,494.0,0,normaal
759,151,498.25,500.0,506.0,494.0,0,normaal
760,151,500.44,500.0,506.0,494.0,0,normaal
761,152,503.33,500.0,506.0,494.0,0,normaal
762,152,499.46,500.0,506.0,494.0,0,normaal
763,152,499.61,500.0,506.0,494.0,0,normaal
764,152,498.18,500.0,506.0,494.0,0,normaal
765,152,503.61,500.0,506.0,494.0,0,normaal
766,153,501.83,500.0,506.0,494.0,0,normaal
767,153,500.73,500.0,506.0,494.0,0,normaal
768,153,501.98,500.0,506.0,494.0,0,normaal
769,153,497.93,500.0,506.0,494.0,0,normaal
770,153,498.79,500.0,506.0,494.0,0,normaal
771,154,500.31,500.0,506.0,494.0,0,normaal
772,154,499.25,500.0,506.0,494.0,0,normaal
773,154,498.55,500.0,506.0,494.0,0,normaal
774,154,500.37,500.0,506.0,494.0,0,normaal
775,154,500.87,500.0,506.0,494.0,0,normaal
776,155,500.94,500.0,506.0,494.0,0,normaal
777,155,498.87,500.0,506.0,494.0,0,normaal
778,155,504.49,500.0,506.0,494.0,0,normaal
779,155,498.19,500.0,506.0,494.0,0,normaal
780,155,501.82,500.0,506.0,494.0,0,normaal
781,156,497.86,500.0,506.0,494.0,0,normaal
782,156,501.17,500.0,506.0,494.0,0,normaal
783,156,499.87,500.0,506.0,494.0,0,normaal
784,156,495.83,500.0,506.0,494.0,0,normaal
785,156,496.96,500.0,506.0,494.0,0,normaal
786,157,500.84,500.0,506.0,494.0,0,normaal
787,157,501.76,500.0,506.0,494.0,0,normaal
788,157,502.29,500.0,506.0,494.0,0,normaal
789,157,496.23,500.0,506.0,494.0,0,normaal
790,157,499.42,500.0,506.0,494.0,0,normaal
791,158,497.39,500.0,506.0,494.0,0,normaal
792,158,500.96,500.0,506.0,494.0,0,normaal
793,158,500.16,500.0,506.0,494.0,0,normaal
794,158,502.87,500.0,506.0,494.0,0,normaal
795,158,500.31,500.0,506.0,494.0,0,normaal
796,159,496.53,500.0,506.0,494.0,0,normaal
797,159,496.85,500.0,506.0,494.0,0,normaal
798,159,502.11,500.0,506.0,494.0,0,normaal
799,159,497.42,500.0,506.0,494.0,0,normaal
800,159,499.01,500.0,506.0,494.0,0,normaal
801,160,496.81,500.0,506.0,494.0,0,verhoogde_variatie
802,160,502.45,500.0,506.0,494.0,0,verhoogde_variatie
803,160,498.91,500.0,506.0,494.0,0,verhoogde_variatie
804,160,504.74,500.0,506.0,494.0,0,verhoogde_variatie
805,160,498.13,500.0,506.0,494.0,0,verhoogde_variatie
806,161,507.07,500.0,506.0,494.0,1,verhoogde_variatie
807,161,500.05,500.0,506.0,494.0,0,verhoogde_variatie
808,161,494.53,500.0,506.0,494.0,0,verhoogde_variatie
809,161,500.7,500.0,506.0,494.0,0,verhoogde_variatie
810,161,503.05,500.0,506.0,494.0,0,verhoogde_variatie
811,162,498.87,500.0,506.0,494.0,0,verhoogde_variatie
812,162,501.38,500.0,506.0,494.0,0,verhoogde_variatie
813,162,505.13,500.0,506.0,494.0,0,verhoogde_variatie
814,162,494.8,500.0,506.0,494.0,0,verhoogde_variatie
815,162,496.74,500.0,506.0,494.0,0,verhoogde_variatie
816,163,503.82,500.0,506.0,494.0,0,verhoogde_variatie
817,163,494.2,500.0,506.0,494.0,0,verhoogde_variatie
818,163,496.56,500.0,506.0,494.0,0,verhoogde_variatie
819,163,500.06,500.0,506.0,494.0,0,verhoogde_variatie
820,163,505.66,500.0,506.0,494.0,0,verhoogde_variatie
821,164,502.19,500.0,506.0,494.0,0,verhoogde_variatie
822,164,497.13,500.0,506.0,494.0,0,verhoogde_variatie
823,164,494.7,500.0,506.0,494.0,0,verhoogde_variatie
824,164,500.15,500.0,506.0,494.0,0,verhoogde_variatie
825,164,500.24,500.0,506.0,494.0,0,verhoogde_variatie
826,165,499.43,500.0,506.0,494.0,0,verhoogde_variatie
827,165,501.53,500.0,506.0,494.0,0,verhoogde_variatie
828,165,499.03,500.0,506.0,494.0,0,verhoogde_variatie
829,165,503.08,500.0,506.0,494.0,0,verhoogde_variatie
830,165,496.96,500.0,506.0,494.0,0,verhoogde_variatie
831,166,510.13,500.0,506.0,494.0,1,verhoogde_variatie
832,166,495.86,500.0,506.0,494.0,0,verhoogde_variatie
833,166,495.72,500.0,506.0,494.0,0,verhoogde_variatie
834,166,505.09,500.0,506.0,494.0,0,verhoogde_variatie
835,166,506.15,500.0,506.0,494.0,1,verhoogde_variatie
836,167,499.27,500.0,506.0,494.0,0,verhoogde_variatie
837,167,499.39,500.0,506.0,494.0,0,verhoogde_variatie
838,167,503.24,500.0,506.0,494.0,0,verhoogde_variatie
839,167,505.54,500.0,506.0,494.0,0,verhoogde_variatie
840,167,506.2,500.0,506.0,494.0,1,verhoogde_variatie
841,168,496.59,500.0,506.0,494.0,0,verhoogde_variatie
842,168,498.2,500.0,506.0,494.0,0,verhoogde_variatie
843,168,502.93,500.0,506.0,494.0,0,verhoogde_variatie
844,168,500.56,500.0,506.0,494.0,0,verhoogde_variatie
845,168,499.57,500.0,506.0,494.0,0,verhoogde_variatie
846,169,492.31,500.0,506.0,494.0,1,verhoogde_variatie
847,169,506.3,500.0,506.0,494.0,1,verhoogde_variatie
848,169,496.89,500.0,506.0,494.0,0,verhoogde_variatie
849,169,491.92,500.0,506.0,494.0,1,verhoogde_variatie
850,169,498.32,500.0,506.0,494.0,0,verhoogde_variatie
851,170,497.46,500.0,506.0,494.0,0,verhoogde_variatie
852,170,502.39,500.0,506.0,494.0,0,verhoogde_variatie
853,170,497.02,500.0,506.0,494.0,0,verhoogde_variatie
854,170,496.8,500.0,506.0,494.0,0,verhoogde_variatie
855,170,505.61,500.0,506.0,494.0,0,verhoogde_variatie
856,171,494.07,500.0,506.0,494.0,0,verhoogde_variatie
857,171,500.32,500.0,506.0,494.0,0,verhoogde_variatie
858,171,494.79,500.0,506.0,494.0,0,verhoogde_variatie
859,171,498.08,500.0,506.0,494.0,0,verhoogde_variatie
860,171,495.89,500.0,506.0,494.0,0,verhoogde_variatie
861,172,500.13,500.0,506.0,494.0,0,verhoogde_variatie
862,172,493.48,500.0,506.0,494.0,1,verhoogde_variatie
863,172,501.24,500.0,506.0,494.0,0,verhoogde_variatie
864,172,493.84,500.0,506.0,494.0,1,verhoogde_variatie
865,172,490.84,500.0,506.0,494.0,1,verhoogde_variatie
866,173,494.11,500.0,506.0,494.0,0,verhoogde_variatie
867,173,500.29,500.0,506.0,494.0,0,verhoogde_variatie
868,173,504.32,500.0,506.0,494.0,0,verhoogde_variatie
869,173,486.37,500.0,506.0,494.0,1,verhoogde_variatie
870,173,506.77,500.0,506.0,494.0,1,verhoogde_variatie
871,174,507.85,500.0,506.0,494.0,1,verhoogde_variatie
872,174,500.58,500.0,506.0,494.0,0,verhoogde_variatie
873,174,506.54,500.0,506.0,494.0,1,verhoogde_variatie
874,174,494.08,500.0,506.0,494.0,0,verhoogde_variatie
875,174,499.63,500.0,506.0,494.0,0,verhoogde_variatie
876,175,502.05,500.0,506.0,494.0,0,verhoogde_variatie
877,175,499.02,500.0,506.0,494.0,0,verhoogde_variatie
878,175,491.19,500.0,506.0,494.0,1,verhoogde_variatie
879,175,507.2,500.0,506.0,494.0,1,verhoogde_variatie
880,175,499.08,500.0,506.0,494.0,0,verhoogde_variatie
881,176,491.36,500.0,506.0,494.0,1,verhoogde_variatie
882,176,492.39,500.0,506.0,494.0,1,verhoogde_variatie
883,176,497.66,500.0,506.0,494.0,0,verhoogde_variatie
884,176,502.28,500.0,506.0,494.0,0,verhoogde_variatie
885,176,509.08,500.0,506.0,494.0,1,verhoogde_variatie
886,177,499.66,500.0,506.0,494.0,0,verhoogde_variatie
887,177,505.51,500.0,506.0,494.0,0,verhoogde_variatie
888,177,500.41,500.0,506.0,494.0,0,verhoogde_variatie
889,177,497.46,500.0,506.0,494.0,0,verhoogde_variatie
890,177,501.47,500.0,506.0,494.0,0,verhoogde_variatie
891,178,500.28,500.0,506.0,494.0,0,verhoogde_variatie
892,178,497.82,500.0,506.0,494.0,0,verhoogde_variatie
893,178,494.35,500.0,506.0,494.0,0,verhoogde_variatie
894,178,504.16,500.0,506.0,494.0,0,verhoogde_variatie
895,178,500.93,500.0,506.0,494.0,0,verhoogde_variatie
896,179,512.37,500.0,506.0,494.0,1,verhoogde_variatie
897,179,493.67,500.0,506.0,494.0,1,verhoogde_variatie
898,179,498.92,500.0,506.0,494.0,0,verhoogde_variatie
899,179,505.87,500.0,506.0,494.0,0,verhoogde_variatie
900,179,498.65,500.0,506.0,494.0,0,verhoogde_variatie
901,180,501.77,500.0,506.0,494.0,0,normaal
902,180,498.01,500.0,506.0,494.0,0,normaal
903,180,497.92,500.0,506.0,494.0,0,normaal
904,180,502.82,500.0,506.0,494.0,0,normaal
905,180,500.7,500.0,506.0,494.0,0,normaal
906,181,500.85,500.0,506.0,494.0,0,normaal
907,181,499.21,500.0,506.0,494.0,0,normaal
908,181,496.95,500.0,506.0,494.0,0,normaal
909,181,505.12,500.0,506.0,494.0,0,normaal
910,181,502.0,500.0,506.0,494.0,0,normaal
911,182,502.5,500.0,506.0,494.0,0,normaal
912,182,502.24,500.0,506.0,494.0,0,normaal
913,182,498.62,500.0,506.0,494.0,0,normaal
914,182,500.84,500.0,506.0,494.0,0,normaal
915,182,500.66,500.0,506.0,494.0,0,normaal
916,183,499.19,500.0,506.0,494.0,0,normaal
917,183,500.47,500.0,506.0,494.0,0,normaal
918,183,500.29,500.0,506.0,494.0,0,normaal
919,183,500.82,500.0,506.0,494.0,0,normaal
920,183,496.31,500.0,506.0,494.0,0,normaal
921,184,501.95,500.0,506.0,494.0,0,normaal
922,184,498.83,500.0,506.0,494.0,0,normaal
923,184,501.17,500.0,506.0,494.0,0,normaal
924,184,501.01,500.0,506.0,494.0,0,normaal
925,184,500.36,500.0,506.0,494.0,0,normaal
926,185,501.2,500.0,506.0,494.0,0,normaal
927,185,498.34,500.0,506.0,494.0,0,normaal
928,185,500.26,500.0,506.0,494.0,0,normaal
929,185,503.54,500.0,506.0,494.0,0,normaal
930,185,500.24,500.0,506.0,494.0,0,normaal
931,186,497.47,500.0,506.0,494.0,0,normaal
932,186,497.65,500.0,506.0,494.0,0,normaal
933,186,496.98,500.0,506.0,494.0,0,normaal
934,186,497.38,500.0,506.0,494.0,0,normaal
935,186,498.13,500.0,506.0,494.0,0,normaal
936,187,500.92,500.0,506.0,494.0,0,normaal
937,187,502.17,500.0,506.0,494.0,0,normaal
938,187,496.81,500.0,506.0,494.0,0,normaal
939,187,499.81,500.0,506.0,494.0,0,normaal
940,187,500.09,500.0,506.0,494.0,0,normaal
941,188,500.12,500.0,506.0,494.0,0,normaal
942,188,502.79,500.0,506.0,494.0,0,normaal
943,188,500.42,500.0,506.0,494.0,0,normaal
944,188,498.95,500.0,506.0,494.0,0,normaal
945,188,498.44,500.0,506.0,494.0,0,normaal
946,189,500.79,500.0,506.0,494.0,0,normaal
947,189,501.78,500.0,506.0,494.0,0,normaal
948,189,499.89,500.0,506.0,494.0,0,normaal
949,189,496.73,500.0,506.0,494.0,0,normaal
950,189,500.04,500.0,506.0,494.0,0,normaal
951,190,500.45,500.0,506.0,494.0,0,normaal
952,190,501.76,500.0,506.0,494.0,0,normaal
953,190,502.17,500.0,506.0,494.0,0,normaal
954,190,495.14,500.0,506.0,494.0,0,normaal
955,190,500.32,500.0,506.0,494.0,0,normaal
956,191,503.7,500.0,506.0,494.0,0,normaal
957,191,501.02,500.0,506.0,494.0,0,normaal
958,191,498.07,500.0,506.0,494.0,0,normaal
959,191,500.14,500.0,506.0,494.0,0,normaal
960,191,501.44,500.0,506.0,494.0,0,normaal
961,192,502.82,500.0,506.0,494.0,0,normaal
962,192,504.45,500.0,506.0,494.0,0,normaal
963,192,499.73,500.0,506.0,494.0,0,normaal
964,192,497.37,500.0,506.0,494.0,0,normaal
965,192,498.37,500.0,506.0,494.0,0,normaal
966,193,501.53,500.0,506.0,494.0,0,normaal
967,193,498.58,500.0,506.0,494.0,0,normaal
968,193,500.39,500.0,506.0,494.0,0,normaal
969,193,497.22,500.0,506.0,494.0,0,normaal
970,193,501.78,500.0,506.0,494.0,0,normaal
971,194,498.42,500.0,506.0,494.0,0,normaal
972,194,502.47,500.0,506.0,494.0,0,normaal
973,194,500.02,500.0,506.0,494.0,0,normaal
974,194,501.57,500.0,506.0,494.0,0,normaal
975,194,503.09,500.0,506.0,494.0,0,normaal
976,195,498.28,500.0,506.0,494.0,0,normaal
977,195,499.98,500.0,506.0,494.0,0,normaal
978,195,500.39,500.0,506.0,494.0,0,normaal
979,195,497.86,500.0,506.0,494.0,0,normaal
980,195,497.22,500.0,506.0,494.0,0,normaal
981,196,500.61,500.0,506.0,494.0,0,normaal
982,196,500.09,500.0,506.0,494.0,0,normaal
983,196,497.7,500.0,506.0,494.0,0,normaal
984,196,494.93,500.0,506.0,494.0,0,normaal
985,196,500.28,500.0,506.0,494.0,0,normaal
986,197,498.02,500.0,506.0,494.0,0,normaal
987,197,501.41,500.0,506.0,494.0,0,normaal
988,197,503.08,500.0,506.0,494.0,0,normaal
989,197,500.84,500.0,506.0,494.0,0,normaal
990,197,497.46,500.0,506.0,494.0,0,normaal
991,198,500.92,500.0,506.0,494.0,0,normaal
992,198,498.86,500.0,506.0,494.0,0,normaal
993,198,502.11,500.0,506.0,494.0,0,normaal
994,198,501.73,500.0,506.0,494.0,0,normaal
995,198,500.46,500.0,506.0,494.0,0,normaal
996,199,503.18,500.0,506.0,494.0,0,normaal
997,199,501.13,500.0,506.0,494.0,0,normaal
998,199,501.94,500.0,506.0,494.0,0,normaal
999,199,498.94,500.0,506.0,494.0,0,normaal
1000,199,504.77,500.0,506.0,494.0,0,normaal
1001,200,500.18,500.0,506.0,494.0,0,normaal
1002,200,498.45,500.0,506.0,494.0,0,normaal
1003,200,496.67,500.0,506.0,494.0,0,normaal
1004,200,500.93,500.0,506.0,494.0,0,normaal
1005,200,499.64,500.0,506.0,494.0,0,normaal
1006,201,500.93,500.0,506.0,494.0,0,normaal
1007,201,496.38,500.0,506.0,494.0,0,normaal
1008,201,500.6,500.0,506.0,494.0,0,normaal
1009,201,499.62,500.0,506.0,494.0,0,normaal
1010,201,498.49,500.0,506.0,494.0,0,normaal
1011,202,503.39,500.0,506.0,494.0,0,normaal
1012,202,496.91,500.0,506.0,494.0,0,normaal
1013,202,499.56,500.0,506.0,494.0,0,normaal
1014,202,499.62,500.0,506.0,494.0,0,normaal
1015,202,501.11,500.0,506.0,494.0,0,normaal
1016,203,500.8,500.0,506.0,494.0,0,normaal
1017,203,496.15,500.0,506.0,494.0,0,normaal
1018,203,503.79,500.0,506.0,494.0,0,normaal
1019,203,497.46,500.0,506.0,494.0,0,normaal
1020,203,499.81,500.0,506.0,494.0,0,normaal
1021,204,498.07,500.0,506.0,494.0,0,normaal
1022,204,499.41,500.0,506.0,494.0,0,normaal
1023,204,503.24,500.0,506.0,494.0,0,normaal
1024,204,500.8,500.0,506.0,494.0,0,normaal
1025,204,503.79,500.0,506.0,494.0,0,normaal
1026,205,501.71,500.0,506.0,494.0,0,normaal
1027,205,502.49,500.0,506.0,494.0,0,normaal
1028,205,500.45,500.0,506.0,494.0,0,normaal
1029,205,500.95,500.0,506.0,494.0,0,normaal
1030,205,500.73,500.0,506.0,494.0,0,normaal
1031,206,500.9,500.0,506.0,494.0,0,normaal
1032,206,498.44,500.0,506.0,494.0,0,normaal
1033,206,499.64,500.0,506.0,494.0,0,normaal
1034,206,498.02,500.0,506.0,494.0,0,normaal
1035,206,499.42,500.0,506.0,494.0,0,normaal
1036,207,501.4,500.0,506.0,494.0,0,normaal
1037,207,499.58,500.0,506.0,494.0,0,normaal
1038,207,498.14,500.0,506.0,494.0,0,normaal
1039,207,502.64,500.0,506.0,494.0,0,normaal
1040,207,501.94,500.0,506.0,494.0,0,normaal
1041,208,500.13,500.0,506.0,494.0,0,normaal
1042,208,501.37,500.0,506.0,494.0,0,normaal
1043,208,500.17,500.0,506.0,494.0,0,normaal
1044,208,500.04,500.0,506.0,494.0,0,normaal
1045,208,499.52,500.0,506.0,494.0,0,normaal
1046,209,497.93,500.0,506.0,494.0,0,normaal
1047,209,500.08,500.0,506.0,494.0,0,normaal
1048,209,499.62,500.0,506.0,494.0,0,normaal
1049,209,501.3,500.0,506.0,494.0,0,normaal
1050,209,500.55,500.0,506.0,494.0,0,normaal
1051,210,500.06,500.0,506.0,494.0,0,normaal
1052,210,495.32,500.0,506.0,494.0,0,normaal
1053,210,499.99,500.0,506.0,494.0,0,normaal
1054,210,504.33,500.0,506.0,494.0,0,normaal
1055,210,501.04,500.0,506.0,494.0,0,normaal
1056,211,503.15,500.0,506.0,494.0,0,normaal
1057,211,498.59,500.0,506.0,494.0,0,normaal
1058,211,500.18,500.0,506.0,494.0,0,normaal
1059,211,500.87,500.0,506.0,494.0,0,normaal
1060,211,502.39,500.0,506.0,494.0,0,normaal
1061,212,499.32,500.0,506.0,494.0,0,normaal
1062,212,504.95,500.0,506.0,494.0,0,normaal
1063,212,503.9,500.0,506.0,494.0,0,normaal
1064,212,496.91,500.0,506.0,494.0,0,normaal
1065,212,499.69,500.0,506.0,494.0,0,normaal
1066,213,499.1,500.0,506.0,494.0,0,normaal
1067,213,497.54,500.0,506.0,494.0,0,normaal
1068,213,500.31,500.0,506.0,494.0,0,normaal
1069,213,500.78,500.0,506.0,494.0,0,normaal
1070,213,503.09,500.0,506.0,494.0,0,normaal
1071,214,500.75,500.0,506.0,494.0,0,normaal
1072,214,499.69,500.0,506.0,494.0,0,normaal
1073,214,501.37,500.0,506.0,494.0,0,normaal
1074,214,503.29,500.0,506.0,494.0,0,normaal
1075,214,495.88,500.0,506.0,494.0,0,normaal
1076,215,502.91,500.0,506.0,494.0,0,normaal
1077,215,502.34,500.0,506.0,494.0,0,normaal
1078,215,502.85,500.0,506.0,494.0,0,normaal
1079,215,494.57,500.0,506.0,494.0,0,normaal
1080,215,502.94,500.0,506.0,494.0,0,normaal
1081,216,499.95,500.0,506.0,494.0,0,normaal
1082,216,502.13,500.0,506.0,494.0,0,normaal
1083,216,499.26,500.0,506.0,494.0,0,normaal
1084,216,498.82,500.0,506.0,494.0,0,normaal
1085,216,502.96,500.0,506.0,494.0,0,normaal
1086,217,498.18,500.0,506.0,494.0,0,normaal
1087,217,498.32,500.0,506.0,494.0,0,normaal
1088,217,500.46,500.0,506.0,494.0,0,normaal
1089,217,498.71,500.0,506.0,494.0,0,normaal
1090,217,501.12,500.0,506.0,494.0,0,normaal
1091,218,497.39,500.0,506.0,494.0,0,normaal
1092,218,500.75,500.0,506.0,494.0,0,normaal
1093,218,496.99,500.0,506.0,494.0,0,normaal
1094,218,501.52,500.0,506.0,494.0,0,normaal
1095,218,497.13,500.0,506.0,494.0,0,normaal
1096,219,496.94,500.0,506.0,494.0,0,normaal
1097,219,501.93,500.0,506.0,494.0,0,normaal
1098,219,502.16,500.0,506.0,494.0,0,normaal
1099,219,500.22,500.0,506.0,494.0,0,normaal
1100,219,498.82,500.0,506.0,494.0,0,normaal
1101,220,497.4,500.0,506.0,494.0,0,cyclisch
1102,220,500.72,500.0,506.0,494.0,0,cyclisch
1103,220,501.6,500.0,506.0,494.0,0,cyclisch
1104,220,498.6,500.0,506.0,494.0,0,cyclisch
1105,220,502.34,500.0,506.0,494.0,0,cyclisch
1106,221,505.27,500.0,506.0,494.0,0,cyclisch
1107,221,501.76,500.0,506.0,494.0,0,cyclisch
1108,221,503.06,500.0,506.0,494.0,0,cyclisch
1109,221,502.01,500.0,506.0,494.0,0,cyclisch
1110,221,500.27,500.0,506.0,494.0,0,cyclisch
1111,222,502.99,500.0,506.0,494.0,0,cyclisch
1112,222,503.67,500.0,506.0,494.0,0,cyclisch
1113,222,502.42,500.0,506.0,494.0,0,cyclisch
1114,222,501.6,500.0,506.0,494.0,0,cyclisch
1115,222,503.57,500.0,506.0,494.0,0,cyclisch
1116,223,504.87,500.0,506.0,494.0,0,cyclisch
1117,223,506.41,500.0,506.0,494.0,1,cyclisch
1118,223,502.95,500.0,506.0,494.0,0,cyclisch
1119,223,504.0,500.0,506.0,494.0,0,cyclisch
1120,223,500.13,500.0,506.0,494.0,0,cyclisch
1121,224,505.04,500.0,506.0,494.0,0,cyclisch
1122,224,501.42,500.0,506.0,494.0,0,cyclisch
1123,224,504.92,500.0,506.0,494.0,0,cyclisch
1124,224,501.06,500.0,506.0,494.0,0,cyclisch
1125,224,502.02,500.0,506.0,494.0,0,cyclisch
1126,225,499.26,500.0,506.0,494.0,0,cyclisch
1127,225,502.1,500.0,506.0,494.0,0,cyclisch
1128,225,498.4,500.0,506.0,494.0,0,cyclisch
1129,225,498.52,500.0,506.0,494.0,0,cyclisch
1130,225,494.61,500.0,506.0,494.0,0,cyclisch
1131,226,501.14,500.0,506.0,494.0,0,cyclisch
1132,226,497.28,500.0,506.0,494.0,0,cyclisch
1133,226,499.52,500.0,506.0,494.0,0,cyclisch
1134,226,500.41,500.0,506.0,494.0,0,cyclisch
1135,226,495.33,500.0,506.0,494.0,0,cyclisch
1136,227,497.2,500.0,506.0,494.0,0,cyclisch
1137,227,495.07,500.0,506.0,494.0,0,cyclisch
1138,227,497.52,500.0,506.0,494.0,0,cyclisch
1139,227,497.64,500.0,506.0,494.0,0,cyclisch
1140,227,495.2,500.0,506.0,494.0,0,cyclisch
1141,228,496.03,500.0,506.0,494.0,0,cyclisch
1142,228,497.88,500.0,506.0,494.0,0,cyclisch
1143,228,495.74,500.0,506.0,494.0,0,cyclisch
1144,228,497.69,500.0,506.0,494.0,0,cyclisch
1145,228,498.46,500.0,506.0,494.0,0,cyclisch
1146,229,496.99,500.0,506.0,494.0,0,cyclisch
1147,229,496.93,500.0,506.0,494.0,0,cyclisch
1148,229,500.81,500.0,506.0,494.0,0,cyclisch
1149,229,500.05,500.0,506.0,494.0,0,cyclisch
1150,229,494.5,500.0,506.0,494.0,0,cyclisch
1151,230,500.79,500.0,506.0,494.0,0,cyclisch
1152,230,502.3,500.0,506.0,494.0,0,cyclisch
1153,230,500.05,500.0,506.0,494.0,0,cyclisch
1154,230,502.32,500.0,506.0,494.0,0,cyclisch
1155,230,505.51,500.0,506.0,494.0,0,cyclisch
1156,231,502.36,500.0,506.0,494.0,0,cyclisch
1157,231,500.96,500.0,506.0,494.0,0,cyclisch
1158,231,501.41,500.0,506.0,494.0,0,cyclisch
1159,231,500.57,500.0,506.0,494.0,0,cyclisch
1160,231,503.73,500.0,506.0,494.0,0,cyclisch
1161,232,500.42,500.0,506.0,494.0,0,cyclisch
1162,232,504.5,500.0,506.0,494.0,0,cyclisch
1163,232,506.45,500.0,506.0,494.0,1,cyclisch
1164,232,498.96,500.0,506.0,494.0,0,cyclisch
1165,232,499.99,500.0,506.0,494.0,0,cyclisch
1166,233,501.26,500.0,506.0,494.0,0,cyclisch
1167,233,500.13,500.0,506.0,494.0,0,cyclisch
1168,233,504.58,500.0,506.0,494.0,0,cyclisch
1169,233,500.96,500.0,506.0,494.0,0,cyclisch
1170,233,498.54,500.0,506.0,494.0,0,cyclisch
1171,234,501.83,500.0,506.0,494.0,0,cyclisch
1172,234,501.1,500.0,506.0,494.0,0,cyclisch
1173,234,501.51,500.0,506.0,494.0,0,cyclisch
1174,234,499.48,500.0,506.0,494.0,0,cyclisch
1175,234,500.98,500.0,506.0,494.0,0,cyclisch
1176,235,496.51,500.0,506.0,494.0,0,cyclisch
1177,235,496.03,500.0,506.0,494.0,0,cyclisch
1178,235,499.92,500.0,506.0,494.0,0,cyclisch
1179,235,497.21,500.0,506.0,494.0,0,cyclisch
1180,235,499.9,500.0,506.0,494.0,0,cyclisch
1181,236,497.96,500.0,506.0,494.0,0,cyclisch
1182,236,499.41,500.0,506.0,494.0,0,cyclisch
1183,236,498.05,500.0,506.0,494.0,0,cyclisch
1184,236,497.55,500.0,506.0,494.0,0,cyclisch
1185,236,499.34,500.0,506.0,494.0,0,cyclisch
1186,237,499.07,500.0,506.0,494.0,0,cyclisch
1187,237,497.83,500.0,506.0,494.0,0,cyclisch
1188,237,496.39,500.0,506.0,494.0,0,cyclisch
1189,237,498.7,500.0,506.0,494.0,0,cyclisch
1190,237,499.72,500.0,506.0,494.0,0,cyclisch
1191,238,494.78,500.0,506.0,494.0,0,cyclisch
1192,238,495.42,500.0,506.0,494.0,0,cyclisch
1193,238,497.98,500.0,506.0,494.0,0,cyclisch
1194,238,499.03,500.0,506.0,494.0,0,cyclisch
1195,238,497.95,500.0,506.0,494.0,0,cyclisch
1196,239,496.71,500.0,506.0,494.0,0,cyclisch
1197,239,498.37,500.0,506.0,494.0,0,cyclisch
1198,239,501.15,500.0,506.0,494.0,0,cyclisch
1199,239,501.82,500.0,506.0,494.0,0,cyclisch
1200,239,501.12,500.0,506.0,494.0,0,cyclisch
1201,240,502.94,500.0,506.0,494.0,0,cyclisch
1202,240,502.05,500.0,506.0,494.0,0,cyclisch
1203,240,499.8,500.0,506.0,494.0,0,cyclisch
1204,240,503.09,500.0,506.0,494.0,0,cyclisch
1205,240,499.83,500.0,506.0,494.0,0,cyclisch
1206,241,499.7,500.0,506.0,494.0,0,cyclisch
1207,241,502.24,500.0,506.0,494.0,0,cyclisch
1208,241,500.97,500.0,506.0,494.0,0,cyclisch
1209,241,500.5,500.0,506.0,494.0,0,cyclisch
1210,241,504.47,500.0,506.0,494.0,0,cyclisch
1211,242,500.3,500.0,506.0,494.0,0,cyclisch
1212,242,504.07,500.0,506.0,494.0,0,cyclisch
1213,242,501.97,500.0,506.0,494.0,0,cyclisch
1214,242,503.19,500.0,506.0,494.0,0,cyclisch
1215,242,502.92,500.0,506.0,494.0,0,cyclisch
1216,243,501.79,500.0,506.0,494.0,0,cyclisch
1217,243,500.98,500.0,506.0,494.0,0,cyclisch
1218,243,502.03,500.0,506.0,494.0,0,cyclisch
1219,243,502.98,500.0,506.0,494.0,0,cyclisch
1220,243,498.88,500.0,506.0,494.0,0,cyclisch
1221,244,504.19,500.0,506.0,494.0,0,cyclisch
1222,244,503.84,500.0,506.0,494.0,0,cyclisch
1223,244,499.56,500.0,506.0,494.0,0,cyclisch
1224,244,501.32,500.0,506.0,494.0,0,cyclisch
1225,244,499.64,500.0,506.0,494.0,0,cyclisch
1226,245,501.47,500.0,506.0,494.0,0,cyclisch
1227,245,502.19,500.0,506.0,494.0,0,cyclisch
1228,245,496.13,500.0,506.0,494.0,0,cyclisch
1229,245,501.01,500.0,506.0,494.0,0,cyclisch
1230,245,496.4,500.0,506.0,494.0,0,cyclisch
1231,246,498.68,500.0,506.0,494.0,0,cyclisch
1232,246,497.09,500.0,506.0,494.0,0,cyclisch
1233,246,499.92,500.0,506.0,494.0,0,cyclisch
1234,246,496.35,500.0,506.0,494.0,0,cyclisch
1235,246,495.0,500.0,506.0,494.0,0,cyclisch
1236,247,497.05,500.0,506.0,494.0,0,cyclisch
1237,247,497.47,500.0,506.0,494.0,0,cyclisch
1238,247,496.23,500.0,506.0,494.0,0,cyclisch
1239,247,496.32,500.0,506.0,494.0,0,cyclisch
1240,247,497.84,500.0,506.0,494.0,0,cyclisch
1241,248,498.7,500.0,506.0,494.0,0,cyclisch
1242,248,498.35,500.0,506.0,494.0,0,cyclisch
1243,248,498.82,500.0,506.0,494.0,0,cyclisch
1244,248,496.13,500.0,506.0,494.0,0,cyclisch
1245,248,498.11,500.0,506.0,494.0,0,cyclisch
1246,249,500.1,500.0,506.0,494.0,0,cyclisch
1247,249,498.1,500.0,506.0,494.0,0,cyclisch
1248,249,500.43,500.0,506.0,494.0,0,cyclisch
1249,249,499.9,500.0,506.0,494.0,0,cyclisch
1250,249,499.42,500.0,506.0,494.0,0,cyclisch
1251,250,501.45,500.0,506.0,494.0,0,normaal
1252,250,501.84,500.0,506.0,494.0,0,normaal
1253,250,500.52,500.0,506.0,494.0,0,normaal
1254,250,499.7,500.0,506.0,494.0,0,normaal
1255,250,500.98,500.0,506.0,494.0,0,normaal
1256,251,497.97,500.0,506.0,494.0,0,normaal
1257,251,502.37,500.0,506.0,494.0,0,normaal
1258,251,497.07,500.0,506.0,494.0,0,normaal
1259,251,497.23,500.0,506.0,494.0,0,normaal
1260,251,499.24,500.0,506.0,494.0,0,normaal
1261,252,499.41,500.0,506.0,494.0,0,normaal
1262,252,498.8,500.0,506.0,494.0,0,normaal
1263,252,504.5,500.0,506.0,494.0,0,normaal
1264,252,497.1,500.0,506.0,494.0,0,normaal
1265,252,502.01,500.0,506.0,494.0,0,normaal
1266,253,496.51,500.0,506.0,494.0,0,normaal
1267,253,501.25,500.0,506.0,494.0,0,normaal
1268,253,499.42,500.0,506.0,494.0,0,normaal
1269,253,498.01,500.0,506.0,494.0,0,normaal
1270,253,500.66,500.0,506.0,494.0,0,normaal
1271,254,499.99,500.0,506.0,494.0,0,normaal
1272,254,496.87,500.0,506.0,494.0,0,normaal
1273,254,501.91,500.0,506.0,494.0,0,normaal
1274,254,503.25,500.0,506.0,494.0,0,normaal
1275,254,504.53,500.0,506.0,494.0,0,normaal
1276,255,500.57,500.0,506.0,494.0,0,normaal
1277,255,503.35,500.0,506.0,494.0,0,normaal
1278,255,498.82,500.0,506.0,494.0,0,normaal
1279,255,499.14,500.0,506.0,494.0,0,normaal
1280,255,502.8,500.0,506.0,494.0,0,normaal
1281,256,502.04,500.0,506.0,494.0,0,normaal
1282,256,501.75,500.0,506.0,494.0,0,normaal
1283,256,501.6,500.0,506.0,494.0,0,normaal
1284,256,501.2,500.0,506.0,494.0,0,normaal
1285,256,501.26,500.0,506.0,494.0,0,normaal
1286,257,501.48,500.0,506.0,494.0,0,normaal
1287,257,502.22,500.0,506.0,494.0,0,normaal
1288,257,498.09,500.0,506.0,494.0,0,normaal
1289,257,500.62,500.0,506.0,494.0,0,normaal
1290,257,501.43,500.0,506.0,494.0,0,normaal
1291,258,496.24,500.0,506.0,494.0,0,normaal
1292,258,500.29,500.0,506.0,494.0,0,normaal
1293,258,498.07,500.0,506.0,494.0,0,normaal
1294,258,496.93,500.0,506.0,494.0,0,normaal
1295,258,498.8,500.0,506.0,494.0,0,normaal
1296,259,502.13,500.0,506.0,494.0,0,normaal
1297,259,499.69,500.0,506.0,494.0,0,normaal
1298,259,500.3,500.0,506.0,494.0,0,normaal
1299,259,500.91,500.0,506.0,494.0,0,normaal
1300,259,497.48,500.0,506.0,494.0,0,normaal
1301,260,499.47,500.0,506.0,494.0,0,normaal
1302,260,498.21,500.0,506.0,494.0,0,normaal
1303,260,498.9,500.0,506.0,494.0,0,normaal
1304,260,496.28,500.0,506.0,494.0,0,normaal
1305,260,502.01,500.0,506.0,494.0,0,normaal
1306,261,499.46,500.0,506.0,494.0,0,normaal
1307,261,496.24,500.0,506.0,494.0,0,normaal
1308,261,500.1,500.0,506.0,494.0,0,normaal
1309,261,502.49,500.0,506.0,494.0,0,normaal
1310,261,500.52,500.0,506.0,494.0,0,normaal
1311,262,502.64,500.0,506.0,494.0,0,normaal
1312,262,500.71,500.0,506.0,494.0,0,normaal
1313,262,501.11,500.0,506.0,494.0,0,normaal
1314,262,495.44,500.0,506.0,494.0,0,normaal
1315,262,497.31,500.0,506.0,494.0,0,normaal
1316,263,501.34,500.0,506.0,494.0,0,normaal
1317,263,499.56,500.0,506.0,494.0,0,normaal
1318,263,498.81,500.0,506.0,494.0,0,normaal
1319,263,496.97,500.0,506.0,494.0,0,normaal
1320,263,499.44,500.0,506.0,494.0,0,normaal
1321,264,497.82,500.0,506.0,494.0,0,normaal
1322,264,499.5,500.0,506.0,494.0,0,normaal
1323,264,500.27,500.0,506.0,494.0,0,normaal
1324,264,499.8,500.0,506.0,494.0,0,normaal
1325,264,500.94,500.0,506.0,494.0,0,normaal
1326,265,498.18,500.0,506.0,494.0,0,normaal
1327,265,499.34,500.0,506.0,494.0,0,normaal
1328,265,497.64,500.0,506.0,494.0,0,normaal
1329,265,496.95,500.0,506.0,494.0,0,normaal
1330,265,501.93,500.0,506.0,494.0,0,normaal
1331,266,499.07,500.0,506.0,494.0,0,normaal
1332,266,501.97,500.0,506.0,494.0,0,normaal
1333,266,500.65,500.0,506.0,494.0,0,normaal
1334,266,501.56,500.0,506.0,494.0,0,normaal
1335,266,498.77,500.0,506.0,494.0,0,normaal
1336,267,498.81,500.0,506.0,494.0,0,normaal
1337,267,495.77,500.0,506.0,494.0,0,normaal
1338,267,501.26,500.0,506.0,494.0,0,normaal
1339,267,497.48,500.0,506.0,494.0,0,normaal
1340,267,500.56,500.0,506.0,494.0,0,normaal
1341,268,497.88,500.0,506.0,494.0,0,normaal
1342,268,501.0,500.0,506.0,494.0,0,normaal
1343,268,502.62,500.0,506.0,494.0,0,normaal
1344,268,502.4,500.0,506.0,494.0,0,normaal
1345,268,501.18,500.0,506.0,494.0,0,normaal
1346,269,499.1,500.0,506.0,494.0,0,normaal
1347,269,497.84,500.0,506.0,494.0,0,normaal
1348,269,501.08,500.0,506.0,494.0,0,normaal
1349,269,499.61,500.0,506.0,494.0,0,normaal
1350,269,495.99,500.0,506.0,494.0,0,normaal
1351,270,503.74,500.0,506.0,494.0,0,normaal
1352,270,500.16,500.0,506.0,494.0,0,normaal
1353,270,503.06,500.0,506.0,494.0,0,normaal
1354,270,502.05,500.0,506.0,494.0,0,normaal
1355,270,497.75,500.0,506.0,494.0,0,normaal
1356,271,500.23,500.0,506.0,494.0,0,normaal
1357,271,499.29,500.0,506.0,494.0,0,normaal
1358,271,504.17,500.0,506.0,494.0,0,normaal
1359,271,503.09,500.0,506.0,494.0,0,normaal
1360,271,498.47,500.0,506.0,494.0,0,normaal
1361,272,502.54,500.0,506.0,494.0,0,normaal
1362,272,499.04,500.0,506.0,494.0,0,normaal
1363,272,498.94,500.0,506.0,494.0,0,normaal
1364,272,500.49,500.0,506.0,494.0,0,normaal
1365,272,501.55,500.0,506.0,494.0,0,normaal
1366,273,501.95,500.0,506.0,494.0,0,normaal
1367,273,500.08,500.0,506.0,494.0,0,normaal
1368,273,499.96,500.0,506.0,494.0,0,normaal
1369,273,500.81,500.0,506.0,494.0,0,normaal
1370,273,496.35,500.0,506.0,494.0,0,normaal
1371,274,498.09,500.0,506.0,494.0,0,normaal
1372,274,501.31,500.0,506.0,494.0,0,normaal
1373,274,500.9,500.0,506.0,494.0,0,normaal
1374,274,498.84,500.0,506.0,494.0,0,normaal
1375,274,498.85,500.0,506.0,494.0,0,normaal
1376,275,501.1,500.0,506.0,494.0,0,normaal
1377,275,499.69,500.0,506.0,494.0,0,normaal
1378,275,504.75,500.0,506.0,494.0,0,normaal
1379,275,505.58,500.0,506.0,494.0,0,normaal
1380,275,498.85,500.0,506.0,494.0,0,normaal
1381,276,500.29,500.0,506.0,494.0,0,normaal
1382,276,498.49,500.0,506.0,494.0,0,normaal
1383,276,495.25,500.0,506.0,494.0,0,normaal
1384,276,498.52,500.0,506.0,494.0,0,normaal
1385,276,497.85,500.0,506.0,494.0,0,normaal
1386,277,497.82,500.0,506.0,494.0,0,normaal
1387,277,499.11,500.0,506.0,494.0,0,normaal
1388,277,495.72,500.0,506.0,494.0,0,normaal
1389,277,502.76,500.0,506.0,494.0,0,normaal
1390,277,502.6,500.0,506.0,494.0,0,normaal
1391,278,497.64,500.0,506.0,494.0,0,normaal
1392,278,498.11,500.0,506.0,494.0,0,normaal
1393,278,499.49,500.0,506.0,494.0,0,normaal
1394,278,498.58,500.0,506.0,494.0,0,normaal
1395,278,495.94,500.0,506.0,494.0,0,normaal
1396,279,502.36,500.0,506.0,494.0,0,normaal
1397,279,502.16,500.0,506.0,494.0,0,normaal
1398,279,500.48,500.0,506.0,494.0,0,normaal
1399,279,503.19,500.0,506.0,494.0,0,normaal
1400,279,502.99,500.0,506.0,494.0,0,normaal
1401,280,498.78,500.0,506.0,494.0,0,normaal
1402,280,500.05,500.0,506.0,494.0,0,normaal
1403,280,498.0,500.0,506.0,494.0,0,normaal
1404,280,500.58,500.0,506.0,494.0,0,normaal
1405,280,496.39,500.0,506.0,494.0,0,normaal
1406,281,500.95,500.0,506.0,494.0,0,normaal
1407,281,500.51,500.0,506.0,494.0,0,normaal
1408,281,503.92,500.0,506.0,494.0,0,normaal
1409,281,499.61,500.0,506.0,494.0,0,normaal
1410,281,501.69,500.0,506.0,494.0,0,normaal
1411,282,500.93,500.0,506.0,494.0,0,normaal
1412,282,500.93,500.0,506.0,494.0,0,normaal
1413,282,498.24,500.0,506.0,494.0,0,normaal
1414,282,504.23,500.0,506.0,494.0,0,normaal
1415,282,500.42,500.0,506.0,494.0,0,normaal
1416,283,500.99,500.0,506.0,494.0,0,normaal
1417,283,502.7,500.0,506.0,494.0,0,normaal
1418,283,501.23,500.0,506.0,494.0,0,normaal
1419,283,501.19,500.0,506.0,494.0,0,normaal
1420,283,501.81,500.0,506.0,494.0,0,normaal
1421,284,501.34,500.0,506.0,494.0,0,normaal
1422,284,501.05,500.0,506.0,494.0,0,normaal
1423,284,501.18,500.0,506.0,494.0,0,normaal
1424,284,499.0,500.0,506.0,494.0,0,normaal
1425,284,497.51,500.0,506.0,494.0,0,normaal
1426,285,499.8,500.0,506.0,494.0,0,normaal
1427,285,498.52,500.0,506.0,494.0,0,normaal
1428,285,500.4,500.0,506.0,494.0,0,normaal
1429,285,502.53,500.0,506.0,494.0,0,normaal
1430,285,503.21,500.0,506.0,494.0,0,normaal
1431,286,496.81,500.0,506.0,494.0,0,normaal
1432,286,500.74,500.0,506.0,494.0,0,normaal
1433,286,502.8,500.0,506.0,494.0,0,normaal
1434,286,498.94,500.0,506.0,494.0,0,normaal
1435,286,500.93,500.0,506.0,494.0,0,normaal
1436,287,498.29,500.0,506.0,494.0,0,normaal
1437,287,499.95,500.0,506.0,494.0,0,normaal
1438,287,499.86,500.0,506.0,494.0,0,normaal
1439,287,499.96,500.0,506.0,494.0,0,normaal
1440,287,503.64,500.0,506.0,494.0,0,normaal
1441,288,502.36,500.0,506.0,494.0,0,normaal
1442,288,500.41,500.0,506.0,494.0,0,normaal
1443,288,501.34,500.0,506.0,494.0,0,normaal
1444,288,501.66,500.0,506.0,494.0,0,normaal
1445,288,498.74,500.0,506.0,494.0,0,normaal
1446,289,498.47,500.0,506.0,494.0,0,normaal
1447,289,499.48,500.0,506.0,494.0,0,normaal
1448,289,501.25,500.0,506.0,494.0,0,normaal
1449,289,497.86,500.0,506.0,494.0,0,normaal
1450,289,498.26,500.0,506.0,494.0,0,normaal
1451,290,499.06,500.0,506.0,494.0,0,normaal
1452,290,497.37,500.0,506.0,494.0,0,normaal
1453,290,498.93,500.0,506.0,494.0,0,normaal
1454,290,498.64,500.0,506.0,494.0,0,normaal
1455,290,498.29,500.0,506.0,494.0,0,normaal
1456,291,500.75,500.0,506.0,494.0,0,normaal
1457,291,505.89,500.0,506.0,494.0,0,normaal
1458,291,500.15,500.0,506.0,494.0,0,normaal
1459,291,498.43,500.0,506.0,494.0,0,normaal
1460,291,500.98,500.0,506.0,494.0,0,normaal
1461,292,499.38,500.0,506.0,494.0,0,normaal
1462,292,500.5,500.0,506.0,494.0,0,normaal
1463,292,497.48,500.0,506.0,494.0,0,normaal
1464,292,502.31,500.0,506.0,494.0,0,normaal
1465,292,499.23,500.0,506.0,494.0,0,normaal
1466,293,500.15,500.0,506.0,494.0,0,normaal
1467,293,502.21,500.0,506.0,494.0,0,normaal
1468,293,499.85,500.0,506.0,494.0,0,normaal
1469,293,497.8,500.0,506.0,494.0,0,normaal
1470,293,499.93,500.0,506.0,494.0,0,normaal
1471,294,501.43,500.0,506.0,494.0,0,normaal
1472,294,500.94,500.0,506.0,494.0,0,normaal
1473,294,498.33,500.0,506.0,494.0,0,normaal
1474,294,498.28,500.0,506.0,494.0,0,normaal
1475,294,500.16,500.0,506.0,494.0,0,normaal
1476,295,499.72,500.0,506.0,494.0,0,normaal
1477,295,502.17,500.0,506.0,494.0,0,normaal
1478,295,504.79,500.0,506.0,494.0,0,normaal
1479,295,499.89,500.0,506.0,494.0,0,normaal
1480,295,500.79,500.0,506.0,494.0,0,normaal
1481,296,502.91,500.0,506.0,494.0,0,normaal
1482,296,497.72,500.0,506.0,494.0,0,normaal
1483,296,497.56,500.0,506.0,494.0,0,normaal
1484,296,499.17,500.0,506.0,494.0,0,normaal
1485,296,502.33,500.0,506.0,494.0,0,normaal
1486,297,496.96,500.0,506.0,494.0,0,normaal
1487,297,500.85,500.0,506.0,494.0,0,normaal
1488,297,496.93,500.0,506.0,494.0,0,normaal
1489,297,504.96,500.0,506.0,494.0,0,normaal
1490,297,495.24,500.0,506.0,494.0,0,normaal
1491,298,500.67,500.0,506.0,494.0,0,normaal
1492,298,497.69,500.0,506.0,494.0,0,normaal
1493,298,503.91,500.0,506.0,494.0,0,normaal
1494,298,500.41,500.0,506.0,494.0,0,normaal
1495,298,499.78,500.0,506.0,494.0,0,normaal
1496,299,500.55,500.0,506.0,494.0,0,normaal
1497,299,501.16,500.0,506.0,494.0,0,normaal
1498,299,498.22,500.0,506.0,494.0,0,normaal
1499,299,497.9,500.0,506.0,494.0,0,normaal
1500,299,497.19,500.0,506.0,494.0,0,normaal
1501,300,500.36,500.0,506.0,494.0,0,trend_omlaag
1502,300,500.74,500.0,506.0,494.0,0,trend_omlaag
1503,300,499.67,500.0,506.0,494.0,0,trend_omlaag
1504,300,503.66,500.0,506.0,494.0,0,trend_omlaag
1505,300,499.41,500.0,506.0,494.0,0,trend_omlaag
1506,301,498.84,500.0,506.0,494.0,0,trend_omlaag
1507,301,498.44,500.0,506.0,494.0,0,trend_omlaag
1508,301,497.82,500.0,506.0,494.0,0,trend_omlaag
1509,301,497.98,500.0,506.0,494.0,0,trend_omlaag
1510,301,496.96,500.0,506.0,494.0,0,trend_omlaag
1511,302,504.79,500.0,506.0,494.0,0,trend_omlaag
1512,302,502.76,500.0,506.0,494.0,0,trend_omlaag
1513,302,496.27,500.0,506.0,494.0,0,trend_omlaag
1514,302,502.49,500.0,506.0,494.0,0,trend_omlaag
1515,302,500.64,500.0,506.0,494.0,0,trend_omlaag
1516,303,498.24,500.0,506.0,494.0,0,trend_omlaag
1517,303,497.69,500.0,506.0,494.0,0,trend_omlaag
1518,303,496.48,500.0,506.0,494.0,0,trend_omlaag
1519,303,501.14,500.0,506.0,494.0,0,trend_omlaag
1520,303,502.16,500.0,506.0,494.0,0,trend_omlaag
1521,304,501.95,500.0,506.0,494.0,0,trend_omlaag
1522,304,504.24,500.0,506.0,494.0,0,trend_omlaag
1523,304,497.49,500.0,506.0,494.0,0,trend_omlaag
1524,304,499.34,500.0,506.0,494.0,0,trend_omlaag
1525,304,502.29,500.0,506.0,494.0,0,trend_omlaag
1526,305,497.19,500.0,506.0,494.0,0,trend_omlaag
1527,305,499.75,500.0,506.0,494.0,0,trend_omlaag
1528,305,498.84,500.0,506.0,494.0,0,trend_omlaag
1529,305,498.83,500.0,506.0,494.0,0,trend_omlaag
1530,305,497.51,500.0,506.0,494.0,0,trend_omlaag
1531,306,495.37,500.0,506.0,494.0,0,trend_omlaag
1532,306,499.86,500.0,506.0,494.0,0,trend_omlaag
1533,306,498.1,500.0,506.0,494.0,0,trend_omlaag
1534,306,499.43,500.0,506.0,494.0,0,trend_omlaag
1535,306,495.02,500.0,506.0,494.0,0,trend_omlaag
1536,307,500.41,500.0,506.0,494.0,0,trend_omlaag
1537,307,498.63,500.0,506.0,494.0,0,trend_omlaag
1538,307,500.28,500.0,506.0,494.0,0,trend_omlaag
1539,307,497.32,500.0,506.0,494.0,0,trend_omlaag
1540,307,499.35,500.0,506.0,494.0,0,trend_omlaag
1541,308,496.94,500.0,506.0,494.0,0,trend_omlaag
1542,308,498.64,500.0,506.0,494.0,0,trend_omlaag
1543,308,499.12,500.0,506.0,494.0,0,trend_omlaag
1544,308,496.44,500.0,506.0,494.0,0,trend_omlaag
1545,308,496.78,500.0,506.0,494.0,0,trend_omlaag
1546,309,497.76,500.0,506.0,494.0,0,trend_omlaag
1547,309,500.32,500.0,506.0,494.0,0,trend_omlaag
1548,309,497.17,500.0,506.0,494.0,0,trend_omlaag
1549,309,498.93,500.0,506.0,494.0,0,trend_omlaag
1550,309,496.14,500.0,506.0,494.0,0,trend_omlaag
1551,310,494.92,500.0,506.0,494.0,0,trend_omlaag
1552,310,497.18,500.0,506.0,494.0,0,trend_omlaag
1553,310,494.39,500.0,506.0,494.0,0,trend_omlaag
1554,310,496.66,500.0,506.0,494.0,0,trend_omlaag
1555,310,494.26,500.0,506.0,494.0,0,trend_omlaag
1556,311,498.56,500.0,506.0,494.0,0,trend_omlaag
1557,311,494.16,500.0,506.0,494.0,0,trend_omlaag
1558,311,497.65,500.0,506.0,494.0,0,trend_omlaag
1559,311,494.09,500.0,506.0,494.0,0,trend_omlaag
1560,311,497.53,500.0,506.0,494.0,0,trend_omlaag
1561,312,498.23,500.0,506.0,494.0,0,trend_omlaag
1562,312,495.99,500.0,506.0,494.0,0,trend_omlaag
1563,312,496.83,500.0,506.0,494.0,0,trend_omlaag
1564,312,492.71,500.0,506.0,494.0,1,trend_omlaag
1565,312,494.46,500.0,506.0,494.0,0,trend_omlaag
1566,313,497.02,500.0,506.0,494.0,0,trend_omlaag
1567,313,493.95,500.0,506.0,494.0,1,trend_omlaag
1568,313,495.76,500.0,506.0,494.0,0,trend_omlaag
1569,313,496.2,500.0,506.0,494.0,0,trend_omlaag
1570,313,493.8,500.0,506.0,494.0,1,trend_omlaag
1571,314,496.14,500.0,506.0,494.0,0,trend_omlaag
1572,314,494.75,500.0,506.0,494.0,0,trend_omlaag
1573,314,497.02,500.0,506.0,494.0,0,trend_omlaag
1574,314,495.88,500.0,506.0,494.0,0,trend_omlaag
1575,314,498.91,500.0,506.0,494.0,0,trend_omlaag
1576,315,493.22,500.0,506.0,494.0,1,trend_omlaag
1577,315,497.85,500.0,506.0,494.0,0,trend_omlaag
1578,315,499.44,500.0,506.0,494.0,0,trend_omlaag
1579,315,499.31,500.0,506.0,494.0,0,trend_omlaag
1580,315,496.47,500.0,506.0,494.0,0,trend_omlaag
1581,316,495.86,500.0,506.0,494.0,0,trend_omlaag
1582,316,493.3,500.0,506.0,494.0,1,trend_omlaag
1583,316,498.13,500.0,506.0,494.0,0,trend_omlaag
1584,316,495.56,500.0,506.0,494.0,0,trend_omlaag
1585,316,494.95,500.0,506.0,494.0,0,trend_omlaag
1586,317,496.26,500.0,506.0,494.0,0,trend_omlaag
1587,317,495.01,500.0,506.0,494.0,0,trend_omlaag
1588,317,494.09,500.0,506.0,494.0,0,trend_omlaag
1589,317,493.97,500.0,506.0,494.0,1,trend_omlaag
1590,317,491.99,500.0,506.0,494.0,1,trend_omlaag
1591,318,498.75,500.0,506.0,494.0,0,trend_omlaag
1592,318,495.94,500.0,506.0,494.0,0,trend_omlaag
1593,318,495.65,500.0,506.0,494.0,0,trend_omlaag
1594,318,494.13,500.0,506.0,494.0,0,trend_omlaag
1595,318,492.95,500.0,506.0,494.0,1,trend_omlaag
1596,319,494.07,500.0,506.0,494.0,0,trend_omlaag
1597,319,491.62,500.0,506.0,494.0,1,trend_omlaag
1598,319,497.4,500.0,506.0,494.0,0,trend_omlaag
1599,319,494.82,500.0,506.0,494.0,0,trend_omlaag
1600,319,495.44,500.0,506.0,494.0,0,trend_omlaag
1601,320,500.56,500.0,506.0,494.0,0,normaal
1602,320,503.09,500.0,506.0,494.0,0,normaal
1603,320,500.84,500.0,506.0,494.0,0,normaal
1604,320,500.53,500.0,506.0,494.0,0,normaal
1605,320,498.43,500.0,506.0,494.0,0,normaal
1606,321,502.25,500.0,506.0,494.0,0,normaal
1607,321,500.56,500.0,506.0,494.0,0,normaal
1608,321,502.55,500.0,506.0,494.0,0,normaal
1609,321,498.51,500.0,506.0,494.0,0,normaal
1610,321,498.23,500.0,506.0,494.0,0,normaal
1611,322,504.66,500.0,506.0,494.0,0,normaal
1612,322,500.78,500.0,506.0,494.0,0,normaal
1613,322,495.76,500.0,506.0,494.0,0,normaal
1614,322,502.63,500.0,506.0,494.0,0,normaal
1615,322,502.12,500.0,506.0,494.0,0,normaal
1616,323,497.67,500.0,506.0,494.0,0,normaal
1617,323,499.47,500.0,506.0,494.0,0,normaal
1618,323,497.68,500.0,506.0,494.0,0,normaal
1619,323,499.97,500.0,506.0,494.0,0,normaal
1620,323,496.78,500.0,506.0,494.0,0,normaal
1621,324,502.4,500.0,506.0,494.0,0,normaal
1622,324,499.48,500.0,506.0,494.0,0,normaal
1623,324,500.51,500.0,506.0,494.0,0,normaal
1624,324,501.14,500.0,506.0,494.0,0,normaal
1625,324,501.82,500.0,506.0,494.0,0,normaal
1626,325,499.15,500.0,506.0,494.0,0,normaal
1627,325,499.31,500.0,506.0,494.0,0,normaal
1628,325,502.25,500.0,506.0,494.0,0,normaal
1629,325,498.77,500.0,506.0,494.0,0,normaal
1630,325,496.51,500.0,506.0,494.0,0,normaal
1631,326,502.2,500.0,506.0,494.0,0,normaal
1632,326,500.86,500.0,506.0,494.0,0,normaal
1633,326,504.06,500.0,506.0,494.0,0,normaal
1634,326,500.5,500.0,506.0,494.0,0,normaal
1635,326,499.73,500.0,506.0,494.0,0,normaal
1636,327,499.96,500.0,506.0,494.0,0,normaal
1637,327,503.19,500.0,506.0,494.0,0,normaal
1638,327,493.23,500.0,506.0,494.0,1,normaal
1639,327,499.92,500.0,506.0,494.0,0,normaal
1640,327,503.61,500.0,506.0,494.0,0,normaal
1641,328,499.29,500.0,506.0,494.0,0,normaal
1642,328,502.17,500.0,506.0,494.0,0,normaal
1643,328,501.11,500.0,506.0,494.0,0,normaal
1644,328,499.29,500.0,506.0,494.0,0,normaal
1645,328,498.83,500.0,506.0,494.0,0,normaal
1646,329,498.68,500.0,506.0,494.0,0,normaal
1647,329,501.9,500.0,506.0,494.0,0,normaal
1648,329,500.68,500.0,506.0,494.0,0,normaal
1649,329,500.13,500.0,506.0,494.0,0,normaal
1650,329,501.16,500.0,506.0,494.0,0,normaal
1651,330,500.22,500.0,506.0,494.0,0,normaal
1652,330,496.1,500.0,506.0,494.0,0,normaal
1653,330,501.13,500.0,506.0,494.0,0,normaal
1654,330,504.64,500.0,506.0,494.0,0,normaal
1655,330,499.38,500.0,506.0,494.0,0,normaal
1656,331,503.13,500.0,506.0,494.0,0,normaal
1657,331,497.13,500.0,506.0,494.0,0,normaal
1658,331,497.52,500.0,506.0,494.0,0,normaal
1659,331,503.76,500.0,506.0,494.0,0,normaal
1660,331,500.62,500.0,506.0,494.0,0,normaal
1661,332,501.27,500.0,506.0,494.0,0,normaal
1662,332,495.7,500.0,506.0,494.0,0,normaal
1663,332,503.37,500.0,506.0,494.0,0,normaal
1664,332,496.93,500.0,506.0,494.0,0,normaal
1665,332,498.88,500.0,506.0,494.0,0,normaal
1666,333,498.86,500.0,506.0,494.0,0,normaal
1667,333,499.91,500.0,506.0,494.0,0,normaal
1668,333,500.06,500.0,506.0,494.0,0,normaal
1669,333,498.74,500.0,506.0,494.0,0,normaal
1670,333,501.56,500.0,506.0,494.0,0,normaal
1671,334,501.97,500.0,506.0,494.0,0,normaal
1672,334,495.67,500.0,506.0,494.0,0,normaal
1673,334,504.01,500.0,506.0,494.0,0,normaal
1674,334,497.82,500.0,506.0,494.0,0,normaal
1675,334,499.98,500.0,506.0,494.0,0,normaal
1676,335,500.3,500.0,506.0,494.0,0,normaal
1677,335,496.82,500.0,506.0,494.0,0,normaal
1678,335,501.06,500.0,506.0,494.0,0,normaal
1679,335,501.45,500.0,506.0,494.0,0,normaal
1680,335,499.28,500.0,506.0,494.0,0,normaal
1681,336,497.54,500.0,506.0,494.0,0,normaal
1682,336,500.03,500.0,506.0,494.0,0,normaal
1683,336,500.86,500.0,506.0,494.0,0,normaal
1684,336,498.86,500.0,506.0,494.0,0,normaal
1685,336,502.39,500.0,506.0,494.0,0,normaal
1686,337,496.6,500.0,506.0,494.0,0,normaal
1687,337,499.26,500.0,506.0,494.0,0,normaal
1688,337,503.46,500.0,506.0,494.0,0,normaal
1689,337,499.36,500.0,506.0,494.0,0,normaal
1690,337,499.81,500.0,506.0,494.0,0,normaal
1691,338,498.56,500.0,506.0,494.0,0,normaal
1692,338,500.84,500.0,506.0,494.0,0,normaal
1693,338,500.41,500.0,506.0,494.0,0,normaal
1694,338,500.44,500.0,506.0,494.0,0,normaal
1695,338,498.26,500.0,506.0,494.0,0,normaal
1696,339,499.77,500.0,506.0,494.0,0,normaal
1697,339,501.18,500.0,506.0,494.0,0,normaal
1698,339,499.68,500.0,506.0,494.0,0,normaal
1699,339,501.15,500.0,506.0,494.0,0,normaal
1700,339,499.88,500.0,506.0,494.0,0,normaal
1701,340,500.61,500.0,506.0,494.0,0,normaal
1702,340,502.24,500.0,506.0,494.0,0,normaal
1703,340,499.97,500.0,506.0,494.0,0,normaal
1704,340,500.44,500.0,506.0,494.0,0,normaal
1705,340,502.5,500.0,506.0,494.0,0,normaal
1706,341,497.84,500.0,506.0,494.0,0,normaal
1707,341,500.69,500.0,506.0,494.0,0,normaal
1708,341,502.16,500.0,506.0,494.0,0,normaal
1709,341,503.83,500.0,506.0,494.0,0,normaal
1710,341,499.15,500.0,506.0,494.0,0,normaal
1711,342,502.83,500.0,506.0,494.0,0,normaal
1712,342,497.19,500.0,506.0,494.0,0,normaal
1713,342,502.72,500.0,506.0,494.0,0,normaal
1714,342,497.82,500.0,506.0,494.0,0,normaal
1715,342,500.97,500.0,506.0,494.0,0,normaal
1716,343,500.47,500.0,506.0,494.0,0,normaal
1717,343,499.89,500.0,506.0,494.0,0,normaal
1718,343,500.91,500.0,506.0,494.0,0,normaal
1719,343,498.22,500.0,506.0,494.0,0,normaal
1720,343,498.2,500.0,506.0,494.0,0,normaal
1721,344,497.79,500.0,506.0,494.0,0,normaal
1722,344,499.22,500.0,506.0,494.0,0,normaal
1723,344,500.08,500.0,506.0,494.0,0,normaal
1724,344,499.82,500.0,506.0,494.0,0,normaal
1725,344,499.89,500.0,506.0,494.0,0,normaal
1726,345,497.68,500.0,506.0,494.0,0,normaal
1727,345,502.61,500.0,506.0,494.0,0,normaal
1728,345,500.04,500.0,506.0,494.0,0,normaal
1729,345,499.1,500.0,506.0,494.0,0,normaal
1730,345,499.12,500.0,506.0,494.0,0,normaal
1731,346,501.48,500.0,506.0,494.0,0,normaal
1732,346,500.42,500.0,506.0,494.0,0,normaal
1733,346,496.5,500.0,506.0,494.0,0,normaal
1734,346,498.56,500.0,506.0,494.0,0,normaal
1735,346,495.98,500.0,506.0,494.0,0,normaal
1736,347,502.38,500.0,506.0,494.0,0,normaal
1737,347,498.54,500.0,506.0,494.0,0,normaal
1738,347,501.24,500.0,506.0,494.0,0,normaal
1739,347,500.4,500.0,506.0,494.0,0,normaal
1740,347,500.65,500.0,506.0,494.0,0,normaal
1741,348,500.38,500.0,506.0,494.0,0,normaal
1742,348,502.93,500.0,506.0,494.0,0,normaal
1743,348,501.58,500.0,506.0,494.0,0,normaal
1744,348,500.73,500.0,506.0,494.0,0,normaal
1745,348,502.87,500.0,506.0,494.0,0,normaal
1746,349,501.81,500.0,506.0,494.0,0,normaal
1747,349,498.52,500.0,506.0,494.0,0,normaal
1748,349,498.6,500.0,506.0,494.0,0,normaal
1749,349,496.5,500.0,506.0,494.0,0,normaal
1750,349,497.35,500.0,506.0,494.0,0,normaal
1751,350,500.96,500.0,506.0,494.0,0,stratificatie
1752,350,500.19,500.0,506.0,494.0,0,stratificatie
1753,350,499.32,500.0,506.0,494.0,0,stratificatie
1754,350,500.67,500.0,506.0,494.0,0,stratificatie
1755,350,498.6,500.0,506.0,494.0,0,stratificatie
1756,351,499.98,500.0,506.0,494.0,0,stratificatie
1757,351,499.47,500.0,506.0,494.0,0,stratificatie
1758,351,499.68,500.0,506.0,494.0,0,stratificatie
1759,351,499.97,500.0,506.0,494.0,0,stratificatie
1760,351,500.48,500.0,506.0,494.0,0,stratificatie
1761,352,500.65,500.0,506.0,494.0,0,stratificatie
1762,352,499.93,500.0,506.0,494.0,0,stratificatie
1763,352,499.4,500.0,506.0,494.0,0,stratificatie
1764,352,499.56,500.0,506.0,494.0,0,stratificatie
1765,352,499.43,500.0,506.0,494.0,0,stratificatie
1766,353,499.49,500.0,506.0,494.0,0,stratificatie
1767,353,499.53,500.0,506.0,494.0,0,stratificatie
1768,353,500.91,500.0,506.0,494.0,0,stratificatie
1769,353,498.82,500.0,506.0,494.0,0,stratificatie
1770,353,499.76,500.0,506.0,494.0,0,stratificatie
1771,354,499.7,500.0,506.0,494.0,0,stratificatie
1772,354,499.78,500.0,506.0,494.0,0,stratificatie
1773,354,499.69,500.0,506.0,494.0,0,stratificatie
1774,354,499.25,500.0,506.0,494.0,0,stratificatie
1775,354,500.31,500.0,506.0,494.0,0,stratificatie
1776,355,500.39,500.0,506.0,494.0,0,stratificatie
1777,355,499.27,500.0,506.0,494.0,0,stratificatie
1778,355,500.67,500.0,506.0,494.0,0,stratificatie
1779,355,500.63,500.0,506.0,494.0,0,stratificatie
1780,355,499.71,500.0,506.0,494.0,0,stratificatie
1781,356,500.5,500.0,506.0,494.0,0,stratificatie
1782,356,499.46,500.0,506.0,494.0,0,stratificatie
1783,356,499.55,500.0,506.0,494.0,0,stratificatie
1784,356,499.43,500.0,506.0,494.0,0,stratificatie
1785,356,500.07,500.0,506.0,494.0,0,stratificatie
1786,357,499.33,500.0,506.0,494.0,0,stratificatie
1787,357,500.89,500.0,506.0,494.0,0,stratificatie
1788,357,498.7,500.0,506.0,494.0,0,stratificatie
1789,357,500.36,500.0,506.0,494.0,0,stratificatie
1790,357,500.54,500.0,506.0,494.0,0,stratificatie
1791,358,500.71,500.0,506.0,494.0,0,stratificatie
1792,358,500.47,500.0,506.0,494.0,0,stratificatie
1793,358,499.82,500.0,506.0,494.0,0,stratificatie
1794,358,500.66,500.0,506.0,494.0,0,stratificatie
1795,358,499.2,500.0,506.0,494.0,0,stratificatie
1796,359,499.74,500.0,506.0,494.0,0,stratificatie
1797,359,499.2,500.0,506.0,494.0,0,stratificatie
1798,359,501.06,500.0,506.0,494.0,0,stratificatie
1799,359,499.56,500.0,506.0,494.0,0,stratificatie
1800,359,499.36,500.0,506.0,494.0,0,stratificatie
1801,360,499.84,500.0,506.0,494.0,0,stratificatie
1802,360,500.03,500.0,506.0,494.0,0,stratificatie
1803,360,498.84,500.0,506.0,494.0,0,stratificatie
1804,360,500.21,500.0,506.0,494.0,0,stratificatie
1805,360,499.25,500.0,506.0,494.0,0,stratificatie
1806,361,500.07,500.0,506.0,494.0,0,stratificatie
1807,361,500.43,500.0,506.0,494.0,0,stratificatie
1808,361,499.78,500.0,506.0,494.0,0,stratificatie
1809,361,500.09,500.0,506.0,494.0,0,stratificatie
1810,361,499.17,500.0,506.0,494.0,0,stratificatie
1811,362,499.19,500.0,506.0,494.0,0,stratificatie
1812,362,501.04,500.0,506.0,494.0,0,stratificatie
1813,362,499.74,500.0,506.0,494.0,0,stratificatie
1814,362,499.19,500.0,506.0,494.0,0,stratificatie
1815,362,500.55,500.0,506.0,494.0,0,stratificatie
1816,363,499.84,500.0,506.0,494.0,0,stratificatie
1817,363,500.17,500.0,506.0,494.0,0,stratificatie
1818,363,501.3,500.0,506.0,494.0,0,stratificatie
1819,363,499.58,500.0,506.0,494.0,0,stratificatie
1820,363,500.65,500.0,506.0,494.0,0,stratificatie
1821,364,499.17,500.0,506.0,494.0,0,stratificatie
1822,364,500.17,500.0,506.0,494.0,0,stratificatie
1823,364,499.01,500.0,506.0,494.0,0,stratificatie
1824,364,499.06,500.0,506.0,494.0,0,stratificatie
1825,364,499.62,500.0,506.0,494.0,0,stratificatie
1826,365,499.99,500.0,506.0,494.0,0,stratificatie
1827,365,499.39,500.0,506.0,494.0,0,stratificatie
1828,365,500.46,500.0,506.0,494.0,0,stratificatie
1829,365,500.22,500.0,506.0,494.0,0,stratificatie
1830,365,499.71,500.0,506.0,494.0,0,stratificatie
1831,366,499.61,500.0,506.0,494.0,0,stratificatie
1832,366,500.97,500.0,506.0,494.0,0,stratificatie
1833,366,500.71,500.0,506.0,494.0,0,stratificatie
1834,366,499.77,500.0,506.0,494.0,0,stratificatie
1835,366,500.03,500.0,506.0,494.0,0,stratificatie
1836,367,500.07,500.0,506.0,494.0,0,stratificatie
1837,367,500.07,500.0,506.0,494.0,0,stratificatie
1838,367,501.19,500.0,506.0,494.0,0,stratificatie
1839,367,500.09,500.0,506.0,494.0,0,stratificatie
1840,367,498.84,500.0,506.0,494.0,0,stratificatie
1841,368,499.63,500.0,506.0,494.0,0,stratificatie
1842,368,498.84,500.0,506.0,494.0,0,stratificatie
1843,368,499.88,500.0,506.0,494.0,0,stratificatie
1844,368,500.09,500.0,506.0,494.0,0,stratificatie
1845,368,500.03,500.0,506.0,494.0,0,stratificatie
1846,369,500.31,500.0,506.0,494.0,0,stratificatie
1847,369,499.54,500.0,506.0,494.0,0,stratificatie
1848,369,499.32,500.0,506.0,494.0,0,stratificatie
1849,369,498.9,500.0,506.0,494.0,0,stratificatie
1850,369,499.14,500.0,506.0,494.0,0,stratificatie
1851,370,499.38,500.0,506.0,494.0,0,normaal
1852,370,498.93,500.0,506.0,494.0,0,normaal
1853,370,500.18,500.0,506.0,494.0,0,normaal
1854,370,499.86,500.0,506.0,494.0,0,normaal
1855,370,499.15,500.0,506.0,494.0,0,normaal
1856,371,499.93,500.0,506.0,494.0,0,normaal
1857,371,499.09,500.0,506.0,494.0,0,normaal
1858,371,496.67,500.0,506.0,494.0,0,normaal
1859,371,499.57,500.0,506.0,494.0,0,normaal
1860,371,499.19,500.0,506.0,494.0,0,normaal
1861,372,499.05,500.0,506.0,494.0,0,normaal
1862,372,498.61,500.0,506.0,494.0,0,normaal
1863,372,496.75,500.0,506.0,494.0,0,normaal
1864,372,499.34,500.0,506.0,494.0,0,normaal
1865,372,499.84,500.0,506.0,494.0,0,normaal
1866,373,498.12,500.0,506.0,494.0,0,normaal
1867,373,501.35,500.0,506.0,494.0,0,normaal
1868,373,499.02,500.0,506.0,494.0,0,normaal
1869,373,501.38,500.0,506.0,494.0,0,normaal
1870,373,497.56,500.0,506.0,494.0,0,normaal
1871,374,500.96,500.0,506.0,494.0,0,normaal
1872,374,502.95,500.0,506.0,494.0,0,normaal
1873,374,499.33,500.0,506.0,494.0,0,normaal
1874,374,502.89,500.0,506.0,494.0,0,normaal
1875,374,497.39,500.0,506.0,494.0,0,normaal
1876,375,499.7,500.0,506.0,494.0,0,normaal
1877,375,498.52,500.0,506.0,494.0,0,normaal
1878,375,502.23,500.0,506.0,494.0,0,normaal
1879,375,499.11,500.0,506.0,494.0,0,normaal
1880,375,500.03,500.0,506.0,494.0,0,normaal
1881,376,498.5,500.0,506.0,494.0,0,normaal
1882,376,501.42,500.0,506.0,494.0,0,normaal
1883,376,500.87,500.0,506.0,494.0,0,normaal
1884,376,499.89,500.0,506.0,494.0,0,normaal
1885,376,500.72,500.0,506.0,494.0,0,normaal
1886,377,500.34,500.0,506.0,494.0,0,normaal
1887,377,500.46,500.0,506.0,494.0,0,normaal
1888,377,500.65,500.0,506.0,494.0,0,normaal
1889,377,501.32,500.0,506.0,494.0,0,normaal
1890,377,498.8,500.0,506.0,494.0,0,normaal
1891,378,500.63,500.0,506.0,494.0,0,normaal
1892,378,499.94,500.0,506.0,494.0,0,normaal
1893,378,496.45,500.0,506.0,494.0,0,normaal
1894,378,499.19,500.0,506.0,494.0,0,normaal
1895,378,499.12,500.0,506.0,494.0,0,normaal
1896,379,499.06,500.0,506.0,494.0,0,normaal
1897,379,500.12,500.0,506.0,494.0,0,normaal
1898,379,501.03,500.0,506.0,494.0,0,normaal
1899,379,498.39,500.0,506.0,494.0,0,normaal
1900,379,496.99,500.0,506.0,494.0,0,normaal
1901,380,498.79,500.0,506.0,494.0,0,normaal
1902,380,501.64,500.0,506.0,494.0,0,normaal
1903,380,498.61,500.0,506.0,494.0,0,normaal
1904,380,502.3,500.0,506.0,494.0,0,normaal
1905,380,502.39,500.0,506.0,494.0,0,normaal
1906,381,500.26,500.0,506.0,494.0,0,normaal
1907,381,497.18,500.0,506.0,494.0,0,normaal
1908,381,498.23,500.0,506.0,494.0,0,normaal
1909,381,501.81,500.0,506.0,494.0,0,normaal
1910,381,499.29,500.0,506.0,494.0,0,normaal
1911,382,497.69,500.0,506.0,494.0,0,normaal
1912,382,499.11,500.0,506.0,494.0,0,normaal
1913,382,501.04,500.0,506.0,494.0,0,normaal
1914,382,499.67,500.0,506.0,494.0,0,normaal
1915,382,501.89,500.0,506.0,494.0,0,normaal
1916,383,496.62,500.0,506.0,494.0,0,normaal
1917,383,499.48,500.0,506.0,494.0,0,normaal
1918,383,504.09,500.0,506.0,494.0,0,normaal
1919,383,499.37,500.0,506.0,494.0,0,normaal
1920,383,503.07,500.0,506.0,494.0,0,normaal
1921,384,499.09,500.0,506.0,494.0,0,normaal
1922,384,499.05,500.0,506.0,494.0,0,normaal
1923,384,497.12,500.0,506.0,494.0,0,normaal
1924,384,503.51,500.0,506.0,494.0,0,normaal
1925,384,503.02,500.0,506.0,494.0,0,normaal
1926,385,501.04,500.0,506.0,494.0,0,normaal
1927,385,496.95,500.0,506.0,494.0,0,normaal
1928,385,495.19,500.0,506.0,494.0,0,normaal
1929,385,499.79,500.0,506.0,494.0,0,normaal
1930,385,499.15,500.0,506.0,494.0,0,normaal
1931,386,499.08,500.0,506.0,494.0,0,normaal
1932,386,498.31,500.0,506.0,494.0,0,normaal
1933,386,499.73,500.0,506.0,494.0,0,normaal
1934,386,500.34,500.0,506.0,494.0,0,normaal
1935,386,501.02,500.0,506.0,494.0,0,normaal
1936,387,499.99,500.0,506.0,494.0,0,normaal
1937,387,497.99,500.0,506.0,494.0,0,normaal
1938,387,501.26,500.0,506.0,494.0,0,normaal
1939,387,499.8,500.0,506.0,494.0,0,normaal
1940,387,502.57,500.0,506.0,494.0,0,normaal
1941,388,496.7,500.0,506.0,494.0,0,normaal
1942,388,502.18,500.0,506.0,494.0,0,normaal
1943,388,496.2,500.0,506.0,494.0,0,normaal
1944,388,498.8,500.0,506.0,494.0,0,normaal
1945,388,496.16,500.0,506.0,494.0,0,normaal
1946,389,498.96,500.0,506.0,494.0,0,normaal
1947,389,500.99,500.0,506.0,494.0,0,normaal
1948,389,501.6,500.0,506.0,494.0,0,normaal
1949,389,501.6,500.0,506.0,494.0,0,normaal
1950,389,503.47,500.0,506.0,494.0,0,normaal
1951,390,498.83,500.0,506.0,494.0,0,normaal
1952,390,501.15,500.0,506.0,494.0,0,normaal
1953,390,502.83,500.0,506.0,494.0,0,normaal
1954,390,500.36,500.0,506.0,494.0,0,normaal
1955,390,501.76,500.0,506.0,494.0,0,normaal
1956,391,503.74,500.0,506.0,494.0,0,normaal
1957,391,501.46,500.0,506.0,494.0,0,normaal
1958,391,498.41,500.0,506.0,494.0,0,normaal
1959,391,500.1,500.0,506.0,494.0,0,normaal
1960,391,499.78,500.0,506.0,494.0,0,normaal
1961,392,497.6,500.0,506.0,494.0,0,normaal
1962,392,497.77,500.0,506.0,494.0,0,normaal
1963,392,502.19,500.0,506.0,494.0,0,normaal
1964,392,501.19,500.0,506.0,494.0,0,normaal
1965,392,501.29,500.0,506.0,494.0,0,normaal
1966,393,500.6,500.0,506.0,494.0,0,normaal
1967,393,500.11,500.0,506.0,494.0,0,normaal
1968,393,498.71,500.0,506.0,494.0,0,normaal
1969,393,503.43,500.0,506.0,494.0,0,normaal
1970,393,500.31,500.0,506.0,494.0,0,normaal
1971,394,496.89,500.0,506.0,494.0,0,normaal
1972,394,499.15,500.0,506.0,494.0,0,normaal
1973,394,499.7,500.0,506.0,494.0,0,normaal
1974,394,499.89,500.0,506.0,494.0,0,normaal
1975,394,502.21,500.0,506.0,494.0,0,normaal
1976,395,499.71,500.0,506.0,494.0,0,normaal
1977,395,500.32,500.0,506.0,494.0,0,normaal
1978,395,501.86,500.0,506.0,494.0,0,normaal
1979,395,501.88,500.0,506.0,494.0,0,normaal
1980,395,497.24,500.0,506.0,494.0,0,normaal
1981,396,501.51,500.0,506.0,494.0,0,normaal
1982,396,501.45,500.0,506.0,494.0,0,normaal
1983,396,503.86,500.0,506.0,494.0,0,normaal
1984,396,500.02,500.0,506.0,494.0,0,normaal
1985,396,500.84,500.0,506.0,494.0,0,normaal
1986,397,500.94,500.0,506.0,494.0,0,normaal
1987,397,500.44,500.0,506.0,494.0,0,normaal
1988,397,496.97,500.0,506.0,494.0,0,normaal
1989,397,497.46,500.0,506.0,494.0,0,normaal
1990,397,499.32,500.0,506.0,494.0,0,normaal
1991,398,497.59,500.0,506.0,494.0,0,normaal
1992,398,499.83,500.0,506.0,494.0,0,normaal
1993,398,498.33,500.0,506.0,494.0,0,normaal
1994,398,498.24,500.0,506.0,494.0,0,normaal
1995,398,497.8,500.0,506.0,494.0,0,normaal
1996,399,499.92,500.0,506.0,494.0,0,normaal
1997,399,501.33,500.0,506.0,494.0,0,normaal
1998,399,500.65,500.0,506.0,494.0,0,normaal
1999,399,498.26,500.0,506.0,494.0,0,normaal
2000,399,503.93,500.0,506.0,494.0,0,normaal
